external_id,name,address,latitude,longitude
SRC01_A0131,영기노인요양원,서울특별시 노원구 동일로248길 30 (상계동),37.6804837316788,127.056929215041
SRC01_A0974,시립중계노인전문요양원,"서울특별시 노원구 섬밭로 313 (중계동, 시립중계노인전문요양원)",37.6435604425625,127.061588190976
SRC01_A1434,상계데이케어센터,서울특별시 노원구 덕릉로115나길 25 (상계동),37.6680904757711,127.078326379683
SRC01_A1703,구립하계실버센터,서울특별시 노원구 한글비석로 4 (하계동),37.6331080823382,127.064189901872
SRC01_A2104,노원1치매데이케어센터,"서울특별시 노원구 월계로 372, 1층 (월계동, 사슴아파트1단지 노원1종합사회복지관)",37.6292472102426,127.059664124595
SRC01_A2739,시립노원노인종합복지관,"서울특별시 노원구 노원로16길 15 (하계동, 시립노원노인종합복지관)",37.6434450655049,127.073337208198
SRC01_A3632,평화실버하우스,"서울특별시 노원구 중계로14길 32, 2층 (중계동)",37.6497945563907,127.082234478654
SRC01_A5242,다운복지관,서울특별시 노원구 화랑로 478 (공릉동),37.6189436210153,127.080310585747
SRC01_A7040,공릉노인복지관,서울특별시 노원구 공릉로 129 (공릉동),37.6217031786006,127.078956082273
SRC01_A7362,참조은재가복지센타,"서울특별시 노원구 월계로55길 3 (월계동, 사슴아파트3단지 상가 202호)",37.6317008561386,127.060566732758
SRC01_A7625,수요양원,"서울특별시 노원구 동일로237다길 16, 3층 (상계동)",37.6742634053094,127.052793291811
SRC01_A7679,성민재가장기요양센터,"서울특별시 노원구 노원로 440 (상계동, 비전센터 4층)",37.6559120545459,127.067454494799
SRC01_A7770,평화행복한데이케어센터,서울특별시 노원구 노원로 331 (중계동),37.6461706893207,127.069521539074
SRC01_A7837,시립중계노인전문요양원병설데이케어센터,"서울특별시 노원구 섬밭로 313, 1층 (중계동, 시립중계요양원)",37.6435604425625,127.061588190976
SRC01_A8937,노원실버센터,서울특별시 노원구 동일로 1097 (공릉동),37.6278011928661,127.071240373585
SRC01_A9258,늘사랑실버센터,"서울특별시 노원구 한글비석로 444, 5층, 4층 1-2호 (상계동)",37.663613046348,127.068492606148
SRC01_B0903,태릉지역아동센터,"서울특별시 노원구 동일로174길 9-4, 2층 (공릉동)",37.6190574059541,127.076111234721
SRC01_B1056,성모자애드림힐,서울특별시 노원구 덕릉로70가길 45 (상계동),37.6429461528159,127.058214225633
SRC01_B3028,좋은나무지역아동센터,서울특별시 노원구 동일로245길 162 (상계동),37.6808384621835,127.0542198702
SRC01_B3138,마음터지역아동센터,"서울특별시 노원구 덕릉로 849, 3층 (상계동)",37.6720951149989,127.082605479913
SRC01_B3169,샛별지역아동센터,"서울특별시 노원구 동일로237길 92, 301호 (상계동)",37.6735997973786,127.050194327724
SRC01_B3634,금빛지역아동센터,서울특별시 노원구 상계로26길 20 (상계동),37.6573019777892,127.070722084995
SRC01_B3683,열림지역아동센터,서울특별시 노원구 동일로231다길 6 (상계동),37.6719091756814,127.051296197635
SRC01_B8665,신나는지역아동센터,"서울특별시 노원구 중계로14가길 29, 3층 (중계동)",37.6481094082298,127.082420154946
SRC01_B9515,구립상계1동지역아동센터,서울특별시 노원구 동일로 1697 (상계동),37.6799298430343,127.054960484217
SRC01_B9557,구립상계3.4동지역아동센터,"서울특별시 노원구 덕릉로 859, 3층 (상계동)",37.6729112292333,127.083236278809
SRC01_B9569,구립월계지역아동센터,"서울특별시 노원구 초안산로1길 51, 2층 (월계동, 월계종합사회복지관)",37.6272444506545,127.052765568541
SRC01_B9573,구립상계숲속지역아동센터,서울특별시 노원구 동일로227길 106 (상계동),37.6694392381106,127.050440207059
SRC01_B9578,구립공릉지역아동센터,"서울특별시 노원구 동일로 1127, 3층 (공릉동, 공릉종합사회복지관)",37.6295747035271,127.069868704519
SRC01_B9654,구립초안산숲속지역아동센터,서울특별시 노원구 덕릉로60길 199 (월계동),37.6320787923984,127.044428050093
SRC01_B9999,구립공릉행복지역아동센터,"서울특별시 노원구 동일로179길 22, 3층 (공릉동, 공릉행복발전소)",37.6220478153876,127.072775752254
SRC01_C0000008521,시립노원노인종합복지관 방과후교실,서울특별시 노원구 노원로16길 2 (하계동),37.6405502075269,127.073619657657
SRC01_C0000008529,평화종합사회복지관 방과후교실,서울특별시 노원구 중계동 514-3,37.6465086782159,127.069010139994
SRC01_C0000008580,서울용원초등학교 방과후교실,서울특별시 노원구 섬밭로 144 (공릉동),37.6299301501593,127.068936691961
SRC01_C0000008581,서울상계초등학교 방과후교실,서울특별시 노원구 상계로9길 39 (상계동),37.6588438529621,127.066336425835
SRC01_C0000008582,중계종합사회복지관 방과후교실,서울특별시 노원구 중계동 358,37.6566034796278,127.076167903538
SRC01_C0000008602,월계복지관내 방과후교실,서울특별시 노원구 월계로49길 5 (월계동),37.6293440600851,127.056189741784
SRC01_C0000008604,월계종합사회복지관 방과후교실,서울특별시 노원구 월계로49길 5 (월계동),37.6293440600851,127.056189741784
SRC01_C0000008605,노원1종합사회복지관 방과후교실,서울특별시 노원구 월계로 372 (월계동),37.6292472102426,127.059664124595
SRC01_C0000008620,공릉방과후학교,서울특별시 노원구 공릉동 708,37.6301101718169,127.070151742228
SRC01_C0000008633,상계종합사회복지관 방과후교실,서울특별시 노원구 덕릉로115나길 25 (상계동),37.6680904757711,127.078326379683
SRC01_C0000008643,서울연지초등학교 방과후교실,서울특별시 노원구 월계로55길 48 (월계동),37.6331961990879,127.059550025404
SRC01_C0000008644,마들사회복지관방과후교실,서울특별시 노원구 동일로210길 22 (중계동),37.6469078098159,127.065216258015
SRC01_C0000008646,품속방과후교실,서울특별시 노원구 동일로230가길 16 (상계동),37.6722338530334,127.057618090412
SRC01_C0000008666,선의케어센터,서울특별시 노원구 동일로 1419 (상계동),37.6553094384019,127.059846120108
SRC01_C0000008682,월계가정복지센터 방과후교실,서울특별시 성북구 돌곶이로8나길 4 (석관동),37.6074315916802,127.061763149014
SRC01_C0001,대린원,서울특별시 노원구 동일로248길 30 (상계동),37.6804837316788,127.056929215041
SRC01_C0003,동천의집,"서울특별시 노원구 노원로18길 41 (하계동, 동천의집)",37.64451235583,127.072925701873
SRC01_C0029,늘편한집,서울특별시 노원구 중계로 163 (중계동),37.6498394896643,127.080706229737
SRC01_C0101394958,월계우리가족상담소,"서울특별시 노원구 월계로49길 5 (월계동,월계종합사회복지관 내 2층)",37.6293440600851,127.056189741784
SRC01_C0101394988,가정치유상담소,"서울특별시 노원구 동일로 1554 (상계동,다래빌딩 502호)",37.6672044559933,127.057507999977
SRC01_C0152169289,주사랑노인종합복지센터,"서울특별시 노원구 광운로 48, 2층 (월계동)",37.6216626945733,127.05950299102
SRC01_C0187569961,하계장애인주간활동센터,"서울특별시 노원구 노원로16길 15 (하계동, 중계9단지주공영구임대아파트)",37.6434450655049,127.073337208198
SRC01_C0252,베데스다의 집,"서울특별시 노원구 중계로8길 39, 211동 1층 10호 (중계동, 현대그린아파트)",37.6468125009299,127.083998288511
SRC01_C0253,베데스다장애인주간보호센터,"서울특별시 노원구 공릉로58마길 27 (하계동,나눔아트센터2층)",37.6364238216426,127.077642467351
SRC01_C0290636665,(주)가온사랑재가복지센터,"서울특별시 노원구 동일로 1058, 3층 (공릉동)",37.6246082615515,127.073613221323
SRC01_C0291464369,수남플러스재가센터,"서울특별시 노원구 한글비석로24라길 78, 1층 (상계동)",37.6654849690854,127.070102850362
SRC01_C0292711521,수남 플러스 재가센터,"서울특별시 노원구 한글비석로24라길 78, 1층 (상계동)",37.6654849690854,127.070102850362
SRC01_C0294575381,7월1일 재가복지센터,"서울특별시 노원구 동일로 986, 101동 B113-1호 (공릉동, 노원 프레미어스 엠코)",37.6182161017816,127.07591204414
SRC01_C0297075184,한마음방문요양센터,"서울특별시 노원구 덕릉로 804, 4층 403호 (상계동)",37.6685759306922,127.080060726739
SRC01_C0297770813,무지개방문요양센터,"서울특별시 노원구 마들로 127, 상가동 1층 4호 (월계동)",37.6267862606127,127.065271513405
SRC01_C0297770828,시민재가센터,"서울특별시 노원구 공릉로 325-7, 2층 (하계동)",37.6356470303192,127.070552119806
SRC01_C0297783378,가가호호A+방문요양센터,"서울특별시 노원구 동일로241길 53, 상가동 2층 217호 (상계동)",37.6780189926554,127.052913393102
SRC01_C0297799109,날개재가복지센터,"서울특별시 노원구 동일로 1379, 3층 303호 (상계동, 다모아빌딩)",37.6518043505091,127.060894004756
SRC01_C0297799130,노원민들레재가복지센터,"서울특별시 노원구 공릉로59길 28, B1층 12호 (하계동, 미성아파트)",37.6342325628683,127.06966018842
SRC01_C0297811775,노원민들레재가복지센터,"서울특별시 노원구 공릉로59길 28, B1층 12호 (하계동, 미성상가)",37.6342325628683,127.06966018842
SRC01_C0297824222,현대메디컬,"서울특별시 노원구 중계로14길 10, 203호 (중계동)",37.6490546260134,127.081387198103
SRC01_C0297824259,행복나눔방문요양센터,"서울특별시 노원구 덕릉로 804, 208호 (상계동, 대림프라자)",37.6685759306922,127.080060726739
SRC01_C0297824281,이레효재가복지센터,"서울특별시 노원구 동일로242길 95, 204호 (상계동, 수락현대아파트 상가)",37.6753871027505,127.059786407791
SRC01_C0297850615,사랑재가복지센터,서울특별시 노원구 덕릉로126길 35 (상계동),37.6715020096402,127.08259190064
SRC01_C0362,동천,서울특별시 노원구 노원로18길 41 (하계동),37.64451235583,127.072925701873
SRC01_C0373,다모인,"서울특별시 노원구 노원로 311, 3층 1, 4호 (중계동, 중계지식산업센터)",37.6446569355945,127.070752471995
SRC01_C0454,서울시립북부장애인종합복지관,서울특별시 노원구 덕릉로70가길 92 (상계동),37.6425398757226,127.056970042584
SRC01_C0507,더 홈,서울특별시 노원구 중계로 163 (중계동),37.6498394896643,127.080706229737
SRC01_C0587,보담터,서울특별시 노원구 중계로 163 (중계동),37.6498394896643,127.080706229737
SRC01_C0606768601,은헤재가복지센터,"서울특별시 노원구 공릉로42길 21, 102호 (공릉동)",37.6243428496393,127.080878931165
SRC01_C0607518011,좋은아침재가복지센터 노원점,"서울특별시 노원구 노원로 331, 301동 108호 (중계동, 시영3단지목련아파트 상가)",37.6461706893207,127.069521539074
SRC01_C0608048389,송연재가방문요양센터,"서울특별시 노원구 노원로16길 82, 1층 (하계동, 주공9단지 종합2상가 )",37.6441517267099,127.074741786296
SRC01_C0608070941,노원효사랑 재가복지센터,"서울특별시 노원구 동일로182길 47-7, 101호 (공릉동)",37.6234289688381,127.076433091782
SRC01_C0608070950,모니카 복지용구센터,"서울특별시 노원구 한글비석로 396, 108동 211호 (상계동, 벽산아파트)",37.6623030184626,127.073581746977
SRC01_C0608070964,한세데이케어센터,"서울특별시 노원구 덕릉로126다길 7-7, 1층 (상계동)",37.6717308656717,127.083477528722
SRC01_C0608070976,주맘방문요양센터,"서울특별시 노원구 한글비석로 422, 5층 (상계동)",37.6620264368073,127.070299634066
SRC01_C0608070989,사랑과섬김요양원,"서울특별시 노원구 한글비석로 422, 5층 (상계동)",37.6620264368073,127.070299634066
SRC01_C0608071026,돌봄간호요양원1,"서울특별시 노원구 동일로 1550, 6층 601호 (상계동)",37.666911617005,127.057549710711
SRC01_C0608071126,돌봄간호요양원2,"서울특별시 노원구 동일로 1550, 6층 601호 (상계동)",37.666911617005,127.057549710711
SRC01_C0608087748,해담방문요양재가센터,"서울특별시 노원구 공릉로34길 62, 1층 103호 (공릉동, 태강아파트 제상가동)",37.6233646903823,127.082122210605
SRC01_C0608087860,노블레스요양원,"서울특별시 노원구 노원로 479, 2층 (상계동, 대광빌딩)",37.6588801335954,127.064602846615
SRC01_C0608088053,구립 수락노인종합복지관,서울특별시 노원구 수락산로 214 (상계동),37.6710658952756,127.054819854898
SRC01_C0608098433,가나재가복지센터,"서울특별시 노원구 상계로12길 35-5, 1층 (상계동)",37.6568165490638,127.069474913975
SRC01_C0608104826,아름드리꿈터,"서울특별시 노원구 한글비석로 432 (상계동, 2층 및 4층 일부)",37.6627370651448,127.069497998505
SRC01_C0608129363,건강과행복 방문요양센터,"서울특별시 노원구 한글비석로48길 6, 상가동 111호,112호 (상계동, 한신아파트)",37.665212193322,127.067719058088
SRC01_C0608134483,노원어르신휴센터,"서울특별시 노원구 동일로 1456, 711동동 1207호 (상계동, 상계주공아파트)",37.660676910032,127.061495568943
SRC01_C0608140999,(A)정원재가복지센터,"서울특별시 노원구 상계로 193-14, 2층 205호 (상계동, 상계대림아파트)",37.6621630029486,127.074305253695
SRC01_C0608141099,가연 재가복지센터,서울특별시 노원구 상계로12길 35-9 (상계동),37.6569377275521,127.069633798305
SRC01_C0608166942,순수재가복지센터,"서울특별시 노원구 동일로187길 18, 1층 102호 (공릉동)",37.6240738628286,127.072192763439
SRC01_C0608180102,가나방문요양센터,"서울특별시 노원구 동일로232길 27, 102호 (상계동)",37.672984725739,127.057440935661
SRC01_C0608180107,스마일시니어참사랑재가복지센터,"서울특별시 노원구 상계로23다길 47-3, 101호 (상계동)",37.6601639937837,127.070792685821
SRC01_C0608194751,공릉태릉우성아이휴센터,"서울특별시 노원구 노원로 29, 1동 1층 105호 (공릉동, 우성아파트)",37.6247931739389,127.084337921314
SRC01_C0608194807,행복플러스재가센터,"서울특별시 노원구 공릉로46길 28, B층 105호 (공릉동, 삼익아파트상가)",37.6272707456973,127.080410510088
SRC01_C0608207128,가나방문요양,"서울특별시 노원구 초안산로 7, 205호 (월계동, 월계2단지주공아파트)",37.6285961166942,127.054923907821
SRC01_C0608275899,노원구정신건강복지센터,"서울특별시 노원구 노해로 455 (상계동, 인산빌딩 5층)",37.6541750459494,127.058520463625
SRC01_C0608335898,진방문요양센터,"서울특별시 노원구 상계로23길 40, 1층 좌측호 (상계동)",37.6596404746185,127.067808741807
SRC01_C0608335933,행복동행 방문요양센터,"서울특별시 노원구 동일로245가길 41, 2층 201호 (상계동, 은빛아파트 상가동)",37.6806663867465,127.053801434371
SRC01_C0608337186,가나안재가복지센터,"서울특별시 노원구 덕릉로 777, 1층 (상계동)",37.6666710649476,127.078064314782
SRC01_C0608337193,행복동행 방문요양센터,"서울특별시 노원구 한글비석로44길 13, B01호 (상계동, 우측 일부)",37.6635849065936,127.069313709126
SRC01_C0608338356,노원마을재가복지센터,"서울특별시 노원구 노원로 540, 1층 111호 (상계동, 상계주공아파트9단지종합상가)",37.6614405324116,127.059125137028
SRC01_C0608365982,나무그늘재가복지센터,"서울특별시 노원구 동일로 1279, B103호 (중계동, 중계그린아파트 B 상가)",37.6430702786721,127.064011517969
SRC01_C0608366059,사랑나눔재가복지센터,"서울특별시 노원구 한글비석로46길 52, 1층 103.104호 (상계동)",37.6658042878109,127.069321666644
SRC01_C0608366069,더좋은 방문요양센터,"서울특별시 노원구 공릉로20길 22-1, B01호 (공릉동)",37.6194949047507,127.079691250145
SRC01_C0608366076,더즐거운재가복지센터,"서울특별시 노원구 동일로174길 27, 2층 (공릉동)",37.6201739154268,127.076936195632
SRC01_C0608411919,태릉참실버케어,"서울특별시 노원구 화랑로51가길 11-8 (공릉동, 태릉참실버케어)",37.6244604146147,127.09033628835
SRC01_C0608411929,노원실버 방문요양센터,"서울특별시 노원구 한글비석로31길 22, 1층 (상계동)",37.6609427452584,127.069524885739
SRC01_C0608416208,상계3.4동융합형 아이휴센터,"서울특별시 노원구 덕릉로 748, 2층 (상계동, 상계구민체육센터)",37.6642462570349,127.076827521067
SRC01_C0608497648,하이재가방문요양센터,"서울특별시 노원구 광운로2가길 17, B01호 (월계동)",37.6179804949538,127.059230705034
SRC01_C0608577788,행복한요양원,"서울특별시 노원구 한글비석로47길 58, 4층 (상계동)",37.6616155780956,127.066592534371
SRC01_C0608606003,솔잎 복지용구,"서울특별시 노원구 덕릉로60길 252, 4층 401호 (월계동, 유원아파트 상가)",37.6291888689403,127.045168007143
SRC01_C0608694150,으뜸 방문간호센터,"서울특별시 노원구 한글비석로36길 86, 1층 (상계동, 정면 우측 상가)",37.6645685658323,127.073676694475
SRC01_C0608694151,다온재가복지센터,"서울특별시 노원구 월계로55길 15, 302동 107호 (월계동, 사슴아파트)",37.6323964230017,127.059849039082
SRC01_C0608861844,성모요양원A,"서울특별시 노원구 노원로 479, 3층 (상계동)",37.6588801335954,127.064602846615
SRC01_C0608862063,노블레스요양원,"서울특별시 노원구 노원로 479, 2층 (상계동)",37.6588801335954,127.064602846615
SRC01_C0608971150,시니어재가복지센터,"서울특별시 노원구 덕릉로126라길 18-8, 101호 (상계동, 무지개빌라)",37.6708652985259,127.084232252758
SRC01_C0608971151,중계재활데이케어,"서울특별시 노원구 덕릉로73길 18, 2층 (중계동, 태인빌딩)",37.6521796648241,127.072435497752
SRC01_C0608971152,햇님달님데이케어센터,"서울특별시 노원구 덕릉로 799, 2층 (상계동)",37.6683147910338,127.079313279287
SRC01_C0609065149,동행복지용구,"서울특별시 노원구 한글비석로24바길 10, B1호 (상계동)",37.6638646549689,127.073491484899
SRC01_C0609181551,리본노인복지센터,"서울특별시 노원구 동일로237가길 49, 1층 우측호 (상계동)",37.6760447562655,127.054129664122
SRC01_C0609181579,진심다한 주간보호센터,"서울특별시 노원구 공릉로63길 13, 7층 (하계동, 유토피아빌딩)",37.6348836425391,127.070523641075
SRC01_C0609181581,정담재가복지센터,"서울특별시 노원구 동일로 1493, 2층 211호 (상계동, 상계주공10단지 종합상가)",37.6616423693886,127.058001700205
SRC01_C0609181583,하나요양재가복지센터,"서울특별시 노원구 동일로 1027, 2층 (공릉동, 송이빌딩)",37.6218244042386,127.07388142738
SRC01_C0609181597,정다운 노인방문요양센터,"서울특별시 노원구 한글비석로36길 47, 1층 우측호 (상계동)",37.6635399175348,127.072070029059
SRC01_C0609181610,따뜻한마음 방문요양센터,"서울특별시 노원구 덕릉로 796, 1층 왼쪽호 (상계동)",37.6679457372321,127.079465447492
SRC01_C0609181708,가온요양원,"서울특별시 노원구 노원로 479, 5층 (상계동)",37.6588801335954,127.064602846615
SRC01_C0609254978,고수련데이케어센터,"서울특별시 노원구 상계로27길 32, 5층 (상계동, 대명빌딩)",37.6599602052988,127.069863284868
SRC01_C0609254980,(주)대교뉴이프 복지용구사무소,"서울특별시 노원구 동일로 1036, 5층 503호 (공릉동)",37.6226068845517,127.074354898622
SRC01_C0609420626,성원재가복지센터,"서울특별시 노원구 마들로3길 37, 2층 204호 (월계동, 성원4단지아파트 상가)",37.6286067853213,127.062796826548
SRC01_C0609420628,성심 재가복지센터,"서울특별시 노원구 공릉로 154-13, 2층 (공릉동)",37.6239685325117,127.080155817519
SRC01_C0609420638,노원사랑 재가복지센터,"서울특별시 노원구 한글비석로46가길 16, 104호 (상계동, 한신아파트 8동 상가)",37.6658429810022,127.068944051263
SRC01_C0609420640,우리동네재가복지센터,"서울특별시 노원구 동일로228길 29, 401호 (상계동, 대원유치원)",37.6677947086387,127.058746395525
SRC01_C0609420642,이지스재가복지센터,"서울특별시 노원구 노원로28길 57-1, 1층 (상계동)",37.6545418483748,127.070371903742
SRC01_C0609420646,참좋은방문요양센터,"서울특별시 노원구 광운로2가길 23, 202호 (월계동, 삼창아파트 상가)",37.6181419245691,127.059285315147
SRC01_C0609522199,(주)대교뉴이프 방문요양센터 노원센터,"서울특별시 노원구 동일로 1036, 5층 501호 (공릉동)",37.6226068845517,127.074354898622
SRC01_C0609565380,으뜸어르신 방문요양센터,"서울특별시 노원구 덕릉로73길 28, 205호 (중계동, 양지대림아파트)",37.6524755833309,127.071935248871
SRC01_C0609565390,섬기며케어 재가복지센터,"서울특별시 노원구 한글비석로46가길 16, 102호 (상계동, 한신1차아파트상가1층)",37.6658429810022,127.068944051263
SRC01_C0609565397,(A)이레재가복지센터,"서울특별시 노원구 한글비석로54길 116, 2층 204호 (상계동, 상계동13단지 상가)",37.6682969826931,127.060396407042
SRC01_C0609599873,단비 복지용구,"서울특별시 노원구 광운로2길 27, B1호 (월계동)",37.6174212305748,127.058550884662
SRC01_C0609599874,햇살방문요양복지센터,"서울특별시 노원구 동일로 1551, 4층 404호 (상계동)",37.6668881732629,127.056844136528
SRC01_C0609600128,늘품요양원,"서울특별시 노원구 한글비석로47길 58, 3층 (상계동)",37.6616155780956,127.066592534371
SRC01_C0609600129,누리봄데이케어,"서울특별시 노원구 노원로 479, 4층 (상계동)",37.6588801335954,127.064602846615
SRC01_C0609600134,평화주야간보호센터,"서울특별시 노원구 동일로173길 37, 2층 (공릉동)",37.6179874791175,127.073125077617
SRC01_C0609600142,토담방문요양센터,"서울특별시 노원구 동일로 1701, 6층 615호 (상계동, 오피앙)",37.6803078379984,127.054886397111
SRC01_C0609600145,정 참좋은 돌봄재가노인복지센터,"서울특별시 노원구 중계로14길 28, 2층 (중계동)",37.6496794347837,127.082200016918
SRC01_C0609620151,신기의료기 중계점,"서울특별시 노원구 한글비석로 331, 1층 106호 (중계동)",37.6566300376552,127.077445462958
SRC01_C0609695165,숲속데이케어&재가복지센터,서울특별시 노원구 초안산로 89 (월계동),37.6358316688786,127.051926911669
SRC01_C0609695167,언제나 데이케어센터 노원도봉점,"서울특별시 노원구 수락산로 232, 3층 (상계동, 미네르바 빌딩)",37.6710670123605,127.052966604483
SRC01_C0609695169,꽃동산재가복지센터,"서울특별시 노원구 섬밭로 139, 201동 제지층 제비102호 (공릉동, 풍림아파트)",37.6302815782115,127.065702114261
SRC01_C0609695171,효심케어노인복지센터,"서울특별시 노원구 한글비석로44길 60-19, B02호 (상계동)",37.6644251714251,127.071856448352
SRC01_C0609695173,참사랑재가노인복지센터,"서울특별시 노원구 동일로239가길 9, 201호 (상계동)",37.6755871874114,127.054632517109
SRC01_C0609695175,희망드림재가복지센터,"서울특별시 노원구 공릉로58길 74, 지하1층 (하계동)",37.6354203618707,127.072599364042
SRC01_C0609712822,조은케어 복지용구사업소,"서울특별시 노원구 초안산로2길 91, 제101동 제지하층 제상가비01호 (월계동, 월계동 우남푸르미아 아파트)",37.6327984812457,127.057043154696
SRC01_C0609719181,노원성모재가센터,"서울특별시 노원구 노원로 479, 3층 (상계동)",37.6588801335954,127.064602846615
SRC01_C0609732772,태릉365데이케어센터,"서울특별시 노원구 화랑로 421, 3층 (공릉동, 한일휴니스빌)",37.6174995624988,127.074329424265
SRC01_C0609732774,노원에이스주간보호센터,"서울특별시 노원구 노원로19길 33, 2층 201~204호 (중계동, 상원빌딩)",37.6445447578627,127.068780686525
SRC01_C0609732776,하은재가복지센터,"서울특별시 노원구 마들로 59, 가동 2층 205-1호 (월계동, 월계미성아파트)",37.6226208171943,127.066881928111
SRC01_C0609732778,매일동행 재가복지센터,"서울특별시 노원구 한글비석로 6, 118동 지하1층 3호 (하계동, 학여울청구아파트)",37.6326180569215,127.064482449011
SRC01_C0609748414,서울형키즈카페 노원구 상계2동점,"서울특별시 노원구 상계로9나길 25 (상계동, 1층)",37.6606719931069,127.067363488457
SRC01_C0609749427,온마음재가복지센터,"서울특별시 노원구 덕릉로127길 25, 101동 3층 304호 (상계동, 불암산센트럴아파트)",37.6722436801599,127.081579029371
SRC01_C0609752143,매일만나데이케어센터,"서울특별시 노원구 상계로27길 12, 2층 201호 (상계동, 경인빌딩)",37.6591550328742,127.070712169698
SRC01_C0609765220,온담공릉데이케어센터,"서울특별시 노원구 공릉로 181, 2층 (공릉동, 대상빌딩)",37.6259363374297,127.079415945795
SRC01_C0609776294,고마운재가복지센터,"서울특별시 노원구 상계로9나길 22, 1층 101호 (상계동)",37.6607373922044,127.067699466519
SRC01_C0609776295,돌봄지기 재가복지센터,"서울특별시 노원구 노원로1길 74, 지층 A호 (공릉동)",37.6210176644894,127.08308652421
SRC01_C0609776301,두이홈재가노인복지센터 노원점,"서울특별시 노원구 월계로 370, 1층 128호 (월계동, 희성프라자)",37.6309766775099,127.06102564028
SRC01_C0609776660,노원구 아동보호전문기관,서울특별시 노원구 노해로 437 (상계동),37.6545228397157,127.056268317802
SRC01_C0778,동천하우스1,"서울특별시 노원구 동일로237바길 8, 3층 (상계동)",37.6737311248889,127.050698155823
SRC01_C0779,동천하우스2,"서울특별시 노원구 한글비석로24바길 98 (상계동,지성리치빌 201호)",37.6667182667718,127.069891153893
SRC01_C0783,해맑음보호작업시설,서울특별시 노원구 동일로 1097 (공릉동),37.6278011928661,127.071240373585
SRC01_C0795,그루터기공동생활가정,"서울특별시 노원구 동일로191가길 26, 101동 203호 (공릉동, 남청파인힐아파트)",37.6262727461792,127.071411214646
SRC01_C0833,가브리엘작업장,서울특별시 노원구 한글비석로24라길 서울특별시 노원구 한글비석로24라길,37.664427567868,127.071173132286
SRC01_C0835,가브리엘주간보호센터,서울특별시 노원구 한글비석로24라길 94-13 (상계동),37.6664386824996,127.069755901821
SRC01_C0907,발달장애인단기거주시설 동천휴,서울특별시 노원구 노원로18길 41 (하계동),37.64451235583,127.072925701873
SRC01_C0908,동천발달장애인주간활동센터,서울특별시 노원구 노원로18길 41 (하계동),37.64451235583,127.072925701873
SRC01_C0913,섬김주간보호센터,"서울특별시 노원구 덕릉로70가길 92 (상계동, 북부장애인종합복지관 3층)",37.6425398757226,127.056970042584
SRC01_C0939,북부장애인직업재활시설,서울특별시 노원구 상계동 771,37.6423382464089,127.056760387599
SRC01_C0950,대린직업훈련원,서울특별시 노원구 동일로248길 30 (상계동),37.6804837316788,127.056929215041
SRC01_C1090,아람마을,서울특별시 노원구 월계로 338-16 (월계동),37.6287528681042,127.058162371203
SRC01_C1193,사랑샘,서울특별시 노원구 중계로 163 (중계동),37.6498394896643,127.080706229737
SRC01_C1230,성민장애인주간이용센터,"서울특별시 노원구 노원로 440, 4층 (상계동, 순복음비전센터)",37.6559120545459,127.067454494799
SRC01_C1316,다운주간보호센터,서울특별시 노원구 화랑로 478 (공릉동),37.6189436210153,127.080310585747
SRC01_C1422,노원1장애인주간보호센터,서울특별시 노원구 월계로 372 (월계동),37.6292472102426,127.059664124595
SRC01_C1430,북부(종합사회복지관)장애인주간보호센터,서울특별시 노원구 동일로245길 56 (상계동),37.6797059391084,127.05241103793
SRC01_C1450,중계2호 그룹홈,"서울특별시 노원구 노원로19길 31, 412동 1층 105호 (중계동, 시영4단지목화아파트)",37.6434880061432,127.068759543553
SRC01_C1451,상계(종합사회복지관)장애인주간보호센터,서울특별시 노원구 덕릉로115나길 25 (상계동),37.6680904757711,127.078326379683
SRC01_C1452,평화장애인주간활동센터,서울특별시 노원구 노원로 331 (중계동),37.6461706893207,127.069521539074
SRC01_C1495,노원시각장애인주간보호센터,서울특별시 노원구 상계로23길 42 (상계동),37.6597106222476,127.067719500446
SRC01_C1678,오뚜기뇌성마비인재가복지봉사센터,서울특별시 노원구 상계동 771,37.6423382464089,127.056760387599
SRC01_C1686,동천재활체육시설,서울특별시 노원구 노원로18길 41 (하계동),37.64451235583,127.072925701873
SRC01_C1695,오뚜기뇌성마비인주간보호센터,서울특별시 노원구 상계동 771,37.6423382464089,127.056760387599
SRC01_C1721,하하센터,서울특별시 노원구 한글비석로24가길 72-20 (상계동),37.6646062271416,127.06936702138
SRC01_C1742,중계종합사회복지관장애인주간보호센터,서울특별시 노원구 덕릉로 662 (중계동),37.6563969498066,127.076623491267
SRC01_C1751,노원구수어통역센터,"서울특별시 노원구 상계로23길 17, 2층 (상계동)",37.6588115192019,127.068522987191
SRC01_C1930,동천일리하우스,서울특별시 노원구 노원로18길 41 (하계동),37.64451235583,127.072925701873
SRC01_C2280,성민복지관,서울특별시 노원구 노원로32길 30-3 (상계동),37.655714314723,127.069428896796
SRC01_C5106,서울시립뇌성마비복지관,서울특별시 노원구 상계동 771 번지,37.6423382464089,127.056760387599
SRC01_C5107,서울시립상이군경복지관,서울특별시 노원구 덕릉로70가길 73 (상계동),37.6428169662136,127.057634112639
SRC01_C6851,다운인의 집,"서울특별시 노원구 노원로1길 21, 902동 11층 2호 (공릉동, 청솔아파트)",37.6209312967361,127.084556592126
SRC01_C6983,아름다운집,"서울특별시 노원구 공릉로62길 8-9, 3층 2호 (하계동, 풍진빌라 B동)",37.6356712293321,127.072398736264
SRC01_C7664,서울시립노원시각장애인복지관,서울특별시 노원구 덕릉로70가길 98 (상계동),37.6420724953728,127.056490746993
SRC01_C8008,내일을 꿈꾸는 사람들,서울특별시 노원구 동일로237바길 11-8 (상계동),37.67409676649,127.050220507044
SRC01_C8266,동천하우스6,"서울특별시 노원구 한글비석로50길 12, 3층 1호 (상계동)",37.6649393108485,127.066886445814
SRC01_C9190,베데스다직업적응훈련시설,서울특별시 노원구 공릉로58마길 27 (하계동),37.6364238216426,127.077642467351
SRC01_C9503,킨더윌언어심리전문센터,"서울특별시 노원구 상계로23다길 13-8, 1층 107-1,7,8호 (상계동, 노원아이파크)",37.6598474260427,127.068904053591
SRC01_C9546,선한이웃 재활운동발달센터,"서울특별시 노원구 공릉로58길 112, 3층 1호 (하계동, 순흥아트빌)",37.6357293572683,127.074688371056
SRC01_D0001,동광모자원,서울특별시 노원구 덕릉로 623-1 (중계동),37.6531249771894,127.073453135681
SRC01_F0447,노원구정신건강복지센터,"서울특별시 노원구 노해로 455, 5층 (상계동, 인산빌딩)",37.6541750459494,127.058520463625
SRC01_F04689,하늘품의집지역아동센터,서울특별시 노원구 상계로23다길 33하늘품의집지역아동센터 (상계동),37.6599706019428,127.070107411346
SRC01_F14041,구립 수락노인종합복지관,서울특별시 노원구 수락산로 214상계동 (상계동),37.6710658952756,127.054819854898
SRC01_G0101,태릉데이케어센터,서울특별시 노원구 동일로176길 47-18 (공릉동),37.6212405267188,127.07759008705
SRC01_G0455,부모사랑데이케어센터,"서울특별시 노원구 광운로 48, 2층 (월계동)",37.6216626945733,127.05950299102
SRC01_G1301,소나무 노인방문 요양센터,"서울특별시 노원구 석계로11길 33, 1층 (월계동)",37.6169376420599,127.063148558048
SRC01_G1585,A+행복한그린요양원,서울특별시 노원구 동일로230나길 23 (상계동),37.6725997512949,127.057596723278
SRC01_G2529,노원50플러스센터,서울특별시 노원구 노원로30길 73 (상계동),37.6561192611957,127.070718016715
SRC01_G2874,효사랑나눔데이케어센터,"서울특별시 노원구 덕릉로 712-4, 2,3,4층 (중계동)",37.6610110122075,127.075856319663
SRC01_G3039,수락데이케어센터,"서울특별시 노원구 수락산로 222, 4층 (상계동)",37.6709115572603,127.054235543389
SRC01_G3121,상계요양원,서울특별시 노원구 동일로242바길 27 (상계동),37.6743001518189,127.061210277241
SRC01_G3257,효누리요양원,"서울특별시 노원구 한글비석로 422, 3층 (상계동)",37.6620264368073,127.070299634066
SRC01_G3291,공릉데이케어센터,서울특별시 노원구 동일로 1127 (공릉동),37.6295747035271,127.069868704519
SRC01_G4109,월계노인복지관,서울특별시 노원구 월계로42길 9 (월계동),37.6242647622428,127.050792092263
SRC01_G5036,고수련노인복지센터,"서울특별시 노원구 노원로34길 102, 2층 (상계동)",37.6634789096626,127.066250220665
SRC01_G5049,늘봄요양원,"서울특별시 노원구 한글비석로47길 58, 2층 (상계동)",37.6616155780956,127.066592534371
SRC01_G5050,늘봄데이케어센터,"서울특별시 노원구 한글비석로47길 58, 2층 (상계동, 우림빌딩)",37.6616155780956,127.066592534371
SRC01_G5120,노원시니어클럽,"서울특별시 노원구 동일로239다길 19, 2층 (상계동)",37.6759940717167,127.051006437415
SRC01_G5224,늘푸른데이케어센터,"서울특별시 노원구 공릉로43길 18, 2층 (공릉동)",37.6262075031908,127.078520185307
SRC01_G5318,88재활데이케어센터,"서울특별시 노원구 상계로27길 12 (상계동, 401호,402호,501호,502호,503호)",37.6591550328742,127.070712169698
SRC01_G5633,나무 주간보호센터,"서울특별시 노원구 화랑로 463, 2층 (공릉동)",37.6190037545529,127.078649438496
SRC01_G5910,가족마음요양원,"서울특별시 노원구 한글비석로47길 58, 5층 (상계동)",37.6616155780956,127.066592534371
SRC01_G6018,중계재가복지센터,"서울특별시 노원구 중계로 90, 209호 (중계동, 우암타운)",37.6438859360791,127.083476158538
SRC01_G6227,복지세상 사회적협동조합 방문목욕센터,"서울특별시 노원구 동일로 1127, 3층 1호 (공릉동, 공릉종합사회복지관)",37.6295747035271,127.069868704519
SRC01_G6461,늘푸른돌봄센터 노원중랑점,"서울특별시 노원구 노원로 333, 209호 (중계동)",37.6466324796537,127.069765362697
SRC01_G7112,노원복지용구,"서울특별시 노원구 상계로 193-14, 지층 2,3호 (상계동, 상계대림쇼핑센터)",37.6621630029486,127.074305253695
SRC01_G7135,소명 재가 노인복지시설 센터,"서울특별시 노원구 덕릉로126라길 25, 1층 제02호 (상계동)",37.6715252118453,127.084182104786
SRC01_G7634,솔향주야간보호센터,"서울특별시 노원구 한글비석로15길 27, 6층 (중계동, 월산빌딩)",37.6570285885766,127.074147824621
SRC01_G7809,담터재가복지센터,"서울특별시 노원구 공릉로 154-13, B02호 (공릉동)",37.6239685325117,127.080155817519
SRC01_G7841,수락재가요양센터,"서울특별시 노원구 동일로241나길 4, 1층 102호 (상계동)",37.6767261105405,127.05425190487
SRC01_G7872,고운복지센터,"서울특별시 노원구 동일로227길 86, 1606동 108호 (상계동, 상계주공16단지아파트)",37.6704100337173,127.052730034287
SRC01_G8536,(주)가온사랑재가복지센터,"서울특별시 노원구 동일로195길 7, 4층 401호 (공릉동)",37.6273068544508,127.071484024913
SRC01_G8557,'(A)비지팅엔젤스 노원공릉방문요양지점,"서울특별시 노원구 동일로173가길 81, 203호 (공릉동)",37.6218845040077,127.07242172516
SRC01_G8809,노원시니어방문요양센터,"서울특별시 노원구 섬밭로 263, 지층 1호 (중계동, 롯데상가)",37.6391399283859,127.06381950095
SRC01_G9005,월계효사랑나눔센터,서울특별시 노원구 광운로12길 6 (월계동),37.6209180270935,127.059505682415
SRC01_G9194,정다운재가복지센터,"서울특별시 노원구 덕릉로118길 29, 3층 310호 (상계동, 불암현대아파트상가)",37.668198198662,127.081175515746
SRC01_G9242,다담 노인복지센터,"서울특별시 노원구 노원로16길 15, 1층 10호 (하계동, 중계9단지주공영구임대아파트상가)",37.6434450655049,127.073337208198
SRC01_G9314,좋은만남 방문요양센터,"서울특별시 노원구 노원로19길 23, 상가동 2층 205-5호 (중계동)",37.6446641839286,127.069471525618
SRC01_G9614,(주)가온사랑복지용구,"서울특별시 노원구 동일로195길 7, 4층 (공릉동)",37.6273068544508,127.071484024913
SRC01_G9783,수남 플러스 재가센터,"서울특별시 노원구 월계로 325, 2층 201호 (월계동, 복합상가)",37.6289558723577,127.05665618256
SRC01_G9826,오순도순재가복지센터,"서울특별시 노원구 노원로38길 76, 102동 103호 (상계동)",37.6648844221816,127.061972684908
SRC01_G9921,가온누리방문요양센터,"서울특별시 노원구 한글비석로49길 27, 1층 (상계동)",37.6629930927669,127.066584357998
SRC01_J3777,노원이레케어,"서울특별시 노원구 동일로175길 39, 101호 (공릉동)",37.6192777752193,127.072555007348
SRC01_J3784,사랑과섬김 재가복지센터,"서울특별시 노원구 상계로 193-14, 2층 208호 (상계동, 대림아파트 대림종합상가)",37.6621630029486,127.074305253695
SRC01_J3802,행복실버케어,"서울특별시 노원구 화랑로 441, 905호 (공릉동)",37.6182380045872,127.076317454153
SRC01_J3805,노원실버사랑 간호요양센터,"서울특별시 노원구 노원로 434, 205호 (상계동, 중앙하이츠2차아파트상가)",37.6553902068626,127.067452436164
SRC01_J3825,재가복지센터 온누리,"서울특별시 노원구 한글비석로 396, 109동 2층 34,35호 (상계동, 벽산아파트)",37.6623030184626,127.073581746977
SRC01_J3844,경희간호요양센터,"서울특별시 노원구 동일로 1700, 1118호 (상계동, 토마토파르코)",37.6801886481455,127.055825744964
SRC01_J4001,(A)실버천사 방문요양센터,"서울특별시 노원구 공릉로58길 126, 지층 (하계동)",37.6361793515739,127.075189135155
SRC01_J4057,나눔과행복,"서울특별시 노원구 광운로 17-11 (월계동,2층)",37.6195066470213,127.057286497055
SRC01_J4423,'(I)아이실버케어서비스' 노원상계센터,"서울특별시 노원구 동일로 1370, 4층 1호 (상계동, 현대프라자)",37.6509128734287,127.061845828421
SRC01_J4620,희망 방문요양센터,"서울특별시 노원구 동일로 1493 (상계동,주공10단지 종합상가 B-42)",37.6616423693886,127.058001700205
SRC01_J4642,삼성노인복지센터,"서울특별시 노원구 노원로 547, 3층 306호 (상계동, 임광아파트 상가)",37.6609845717011,127.057983848414
SRC01_J4700,부모사랑 사회복지센터,"서울특별시 노원구 광운로 48, 2층 (월계동)",37.6216626945733,127.05950299102
SRC01_J4797,부자노인복지센터,"서울특별시 노원구 한글비석로 89, 201동 306 일부호 (하계동, 하계1차청구아파트 상가)",37.638126673285,127.071678046968
SRC01_J5662,파티마재가복지센터,"서울특별시 노원구 중계로 160, 2층 207호 (중계동, 화인상가)",37.6494069250537,127.08136593924
SRC01_J5902,나눔과사랑 노인방문요양센터,"서울특별시 노원구 한글비석로 89, 2층 208호 (하계동, 하계1차청구아파트 정문상가)",37.638126673285,127.071678046968
SRC01_J6420,사회복지법인 한국봉사회 북부다나을방문요양센터,"서울특별시 노원구 동일로245길 56, 4층 (상계동, 북부종합사회복지관)",37.6797059391084,127.05241103793
SRC01_J6474,희망씨앗 재가복지센터,"서울특별시 노원구 월계로 370, B동 309호 (월계동, 희성프라자)",37.6309766775099,127.06102564028
SRC01_J6477,참빛 재가복지센터,"서울특별시 노원구 상계로 193-14, 2층 202호 (상계동, 상계대림종합상가)",37.6621630029486,127.074305253695
SRC01_J8905,예은재가복지센터,"서울특별시 노원구 덕릉로 804 (상계동, 지층101호)",37.6685759306922,127.080060726739
SRC01_J9842,청지기재가센터,"서울특별시 노원구 화랑로 449-7, 504호 (공릉동, 로우폴리스)",37.6186882241185,127.076878936299
SRC01_K0016,공립불암골지역아동센터,"서울특별시 노원구 중계로14길 53 (중계동, 불암골행복발전소)",37.6507425872785,127.082726076696
SRC01_K0071,구립노원1지역아동센터,"서울특별시 노원구 월계로55길 16, 관리동 1층 (월계동, 월계사슴2단지아파트)",37.6329639777027,127.060508959979
SRC01_K0145,구립꿈나무지역아동센터,"서울특별시 노원구 동일로186길 3-24, 1층 (공릉동, 공릉1동 주민센터)",37.6247780118805,127.07375045554
SRC01_K0192,구립한내지혜의숲지역아동센터,"서울특별시 노원구 마들로 86 (월계동, 한내지혜의숲)",37.6235895372548,127.068799548743
SRC01_K0272,구립하계지역아동센터,"서울특별시 노원구 노원로16길 15, 3층 (하계동, 하계종합사회복지관)",37.6434450655049,127.073337208198
SRC01_K0379,구립수락지역아동센터,"서울특별시 노원구 동일로242길 77, 상계1동 2층 (상계동, 수락행복발전소)",37.6746374147207,127.059575194297
SRC01_K0390,구립월계문화지역아동센터,"서울특별시 노원구 월계로42길 9, 2층 (월계동, 월계문화복지센터)",37.6242647622428,127.050792092263
SRC01_K0559,상계10단지아이휴센터,"서울특별시 노원구 노원로 564, 1021동 1층 104호 (상계동, 상계주공10단지아파트)",37.6616521070339,127.05612466376
SRC01_K0560,달빛마실아이휴센터,서울특별시 노원구 광운로13길 9 (월계동),37.6212910442422,127.058769931245
SRC01_K0561,상계5간촌아이휴센터,"서울특별시 노원구 한글비석로49길 36, 1층 (상계동)",37.6626653978812,127.066278738339
SRC01_K0574,월계문화아이휴센터,"서울특별시 노원구 월계로42길 9, 2층 (월계동)",37.6242647622428,127.050792092263
SRC01_K0595,월계그랑빌 아이휴센터,"서울특별시 노원구 마들로 31, 115동 1층 104호 (월계동, 그랑빌아파트)",37.6187253727752,127.067084588448
SRC01_K0597,공릉태강 아이휴센터,"서울특별시 노원구 공릉로34길 62, 1002동 1층 101호 (공릉동, 태강아파트)",37.6233646903823,127.082122210605
SRC01_K0602,하계극동 아이휴센터,"서울특별시 노원구 섬밭로 229, 3동 1층 111호 (하계동)",37.636617860423,127.064539154736
SRC01_K0677,상계7단지 아이휴센터,"서울특별시 노원구 상계로1길 92, 718동 1층 106호 (상계동, 상계주공7단지아파트)",37.6599302425054,127.0620578719
SRC01_K0684,공릉라이프 아이휴센터,"서울특별시 노원구 섬밭로 123, 2층 (공릉동, 공릉아파트 관리동)",37.628054057801,127.068573811877
SRC01_K0705,산마루아이휴센터,"서울특별시 노원구 중계로12길 24, 103동 103호 (중계동, 중계동금호타운)",37.6468185017947,127.081870299248
SRC01_K0747,상계15단지아이휴센터,"서울특별시 노원구 동일로227길 26, 1510동 1층 107, 108호 (상계동, 상계주공15단지아파트)",37.6701880464645,127.054677638301
SRC01_K0786,월계극동 아이휴센터,"서울특별시 노원구 덕릉로60길 266, 102동 1층 5호 (월계동, 월계극동아파트)",37.6295489650291,127.045940946278
SRC01_K0798,상계동아불암아이휴센터,"서울특별시 노원구 덕릉로 780, 102동 1층 101호 (상계동, 동아불암아파트)",37.6666919810414,127.079126011496
SRC01_K0826,상계다락아이휴센터,"서울특별시 노원구 한글비석로 426-12, 3층 (상계동)",37.6625665672675,127.070463573599
SRC01_K0839,상계두산융합형 아이휴센터,"서울특별시 노원구 동일로241길 53 (상계동, 두산아파트 관리사무소2층)",37.6780189926554,127.052913393102
SRC01_K0883,상계6단지 아이휴센터,"서울특별시 노원구 노해로 508, 623동 101,102호 (상계동, 상계주공6단지아파트)",37.6547035620655,127.066190974274
SRC01_K0932,중계무지개 아이휴센터,"서울특별시 노원구 동일로208길 19, 201동 1층 104호 (중계동, 중계무지개아파트)",37.6455956322137,127.065676622278
SRC01_K0951,상계1단지 아이휴센터,"서울특별시 노원구 덕릉로 459-21, 111동 1층 1호 (상계동, 상계주공1단지아파트)",37.6463028471147,127.058962545345
SRC01_K1002,상계12단지 아이휴센터,"서울특별시 노원구 한글비석로 530, 1207동 106호 (상계동, 상계12단지)",37.6669329820293,127.059164856551
SRC01_K1019,서울특별시 제1호(노원?도봉권) 거점형 키움센터,"서울특별시 노원구 동일로231다길 10 (상계동, 다길 10)",37.6722439119098,127.051244966929
SRC01_K1036,노원융합형아이휴센터,서울특별시 노원구 덕릉로70길 100 (상계동),37.6409731164513,127.059599514232
SRC01_K1037,상계보람2단지아이휴센터,"서울특별시 노원구 한글비석로 480, 208동 102호 (상계동, 보람아파트2단지)",37.6667596586552,127.065752957789
SRC01_K1187,하늘품의집지역아동센터,서울특별시 노원구 상계로23다길 33 (상계동),37.6599706019428,127.070107411346
SRC01_K1231,공릉비선 아이휴센터,"서울특별시 노원구 화랑로51길 78, 504동 1층 5호 (공릉동, 비선아파트)",37.6258183835065,127.087827761757
SRC01_K1515,삼정학교지역아동센터,"서울특별시 노원구 동일로215길 48, 1층 (상계동, 선천교회)",37.6508221948981,127.056160593171
SRC01_K1680,구립노원청소년지역아동센터,"서울특별시 노원구 덕릉로86길 5, 2층 (중계동)",37.6601544305535,127.075885367762
SRC01_K2056,하계어울림융합형 아이휴센터,"서울특별시 노원구 공릉로62길 18, 3층 (하계동, 하계어울림센터)",37.6361041371415,127.072424081321
SRC01_K2114,중계온마을 아이휴센터,서울특별시 노원구 중계동 606번지 2호 중계마을복지센터 가동 1층,37.659160829,127.074470330728
SRC01_K2115,중계청구3차 아이휴센터,"서울특별시 노원구 중계로 233, 101동 104호 (중계동, 청구아파트)",37.649899566756,127.075705410681
SRC01_L0739,좋은아침재가복지센터,"서울특별시 노원구 노원로 333, B6호 (중계동, 목련상가)",37.6466324796537,127.069765362697
SRC01_L1101,마니또 재가노인복지센타,"서울특별시 노원구 한글비석로 396, 108동 2층 225호 (상계동, 벽산아파트 복합상가)",37.6623030184626,127.073581746977
SRC01_L1245,효성방문요양센터,"서울특별시 노원구 한글비석로20길 14, 4층 (중계동)",37.6597876247461,127.073780654431
SRC01_L1394,만세방문요양센터,"서울특별시 노원구 동일로 1100, 2층 (공릉동, 씨엘빌딩)",37.628120643617,127.072046576867
SRC01_L1609,가족재가복지,"서울특별시 노원구 한글비석로24라길 84, 101호 (상계동)",37.6656204054821,127.069919026259
SRC01_L1943,성모노인복지센터,"서울특별시 노원구 동일로 1116, 1층 106호 (공릉동)",37.6295802610581,127.07142128961
SRC01_L3420,A1 성심재가복지센터,"서울특별시 노원구 노원로22길 77, B12호 (중계동, 건영아파트 상가)",37.6478871394715,127.074560035264
SRC01_L3603,보은재가복지센터,"서울특별시 노원구 덕릉로118길 29, 113호 (상계동, 불암현대아파트 상가)",37.668198198662,127.081175515746
SRC01_L4306,가나네트워크 재가센터,"서울특별시 노원구 상계로39길 14, 2층 (상계동)",37.6713472141175,127.080385388672
SRC01_L4463,조은요양방문센터,"서울특별시 노원구 덕릉로 780, 101동 221호 (상계동, 동아불암상가)",37.6666919810414,127.079126011496
SRC01_L4516,건강백세재가요양기관,"서울특별시 노원구 한글비석로 332, 201호 (중계동, 주공2단지상가)",37.6571072875818,127.077992763667
SRC01_L5035,시정재가요양센터,"서울특별시 노원구 마들로 111, 307호 (월계동, 삼호종합상가)",37.623834179266,127.064777536775
SRC01_L5054,참좋은돌봄 재가노인복지센터,"서울특별시 노원구 중계로14길 28, 2층 (중계동)",37.6496794347837,127.082200016918
SRC01_L5995,하나재가복지센터,"서울특별시 노원구 상계로12길 22, 지층 (상계동)",37.6569148282454,127.068736565688
SRC01_L6005,도란도란방문요양센터,"서울특별시 노원구 동일로191가길 67, 3층 (공릉동)",37.6280225645423,127.070340435857
SRC01_L6769,가가호호 방문요양상계센터,"서울특별시 노원구 한글비석로24길 14, 4층 A412호 (상계동)",37.661469801202,127.071810985996
SRC01_L6777,가족마음재가복지센터,"서울특별시 노원구 한글비석로31가길 17, 1층 101호 (상계동)",37.661068068113,127.068452754497
SRC01_L6835,가나의료기,"서울특별시 노원구 한글비석로24길 37, 1층 (상계동)",37.6624424225155,127.072380754168
SRC01_L6850,조은나무 방문요양센터,"서울특별시 노원구 화랑로45길 10-1, 101호 (월계동)",37.6156427071638,127.06584950108
SRC01_L7212,정성을 다한 노인복지센터,"서울특별시 노원구 공릉로63길 13, 7층 (하계동)",37.6348836425391,127.070523641075
SRC01_L7424,가족사랑복지타운,"서울특별시 노원구 동일로187길 18, 2층 (공릉동)",37.6240738628286,127.072192763439
SRC01_L7511,동화메디칼재가장기요양기관,"서울특별시 노원구 화랑로 419-7 (공릉동, 에스에스빌딩 1층)",37.6176419741834,127.073810234378
SRC01_L7600,꽃길방문요양센터,"서울특별시 노원구 동일로242나길 20, 105동 202호 (상계동, 수락산 늘푸른아파트)",37.6764631139984,127.056742731409
SRC01_M0408,동훈재가노인복지센터,"서울특별시 노원구 한글비석로24라길 25, B01호 (상계동)",37.6636124023831,127.0719947298
SRC01_M0414,노원요양복지원,"서울특별시 노원구 노원로 464, 2층 (상계동)",37.6578698448928,127.066259402389
SRC01_M1147,길요양원,"서울특별시 노원구 한글비석로15길 48, 4층, 5층 (중계동)",37.6564594192251,127.073458233624
SRC01_M1576,돌보인방문요양센터 상계점,"서울특별시 노원구 한글비석로22길 18, 4층 (중계동)",37.6603741154768,127.073424691032
SRC01_M1703,한국방문요양재가센터,"서울특별시 노원구 동일로241길 53, 211호 (상계동, 두산아파트 종합상가)",37.6780189926554,127.052913393102
SRC01_M2119,스마일방문요양센터,"서울특별시 노원구 공릉로 430, 102동 302호 (중계동, 중앙아쿠아아파트)",37.6452940338536,127.067972574091
SRC01_M2594,호성사회복지센터,"서울특별시 노원구 동일로 1700, 1311호 (상계동, 토마토파르코)",37.6801886481455,127.055825744964
SRC01_M2851,기쁨재가복지센터,"서울특별시 노원구 상계로26길 20, 상가동 205호 (상계동, 대동청솔아파트)",37.6573019777892,127.070722084995
SRC01_M3000,희망 방문 요양센터,"서울특별시 노원구 동일로173가길 95, 2층 (공릉동)",37.6224868529946,127.072211051828
SRC01_M3227,가온재가복지센터,"서울특별시 노원구 동일로195길 7, 4층 402호 (공릉동)",37.6273068544508,127.071484024913
SRC01_M3253,'(A)'은빛사랑,"서울특별시 노원구 상계로 193-14, 8호 (상계동, 대림쇼핑센타 지하1층)",37.6621630029486,127.074305253695
SRC01_M3347,경성실버복지센터,"서울특별시 노원구 덕릉로126마길 18-4, 1층 (상계동)",37.6711711056928,127.084965512001
SRC01_M3355,우리노인복지센터,"서울특별시 노원구 한글비석로15길 48, 3층 307호 (중계동, 현대종합상가)",37.6564594192251,127.073458233624
SRC01_M3864,상계동성당데이케어센터,서울특별시 노원구 덕릉로 736 (상계동),37.663326811359,127.07654221112
SRC01_M4288,개미방문요양센터,"서울특별시 노원구 한글비석로 396, 109동 207호 (상계동, 벽산아파트 상가)",37.6623030184626,127.073581746977
SRC01_M5031,노원인지재활 데이케어센터,"서울특별시 노원구 노원로 246, 8층 801호 (하계동, 욱현하이브)",37.6396761198235,127.074119472165
SRC01_M5842,한세(주.야간)노인복지센터,"서울특별시 노원구 덕릉로126다길 7-7, 1층 (상계동)",37.6717308656717,127.083477528722
SRC01_M6996,물댄동산 재가복지센터,"서울특별시 노원구 석계로15길 25 (월계동, 월계1차한일아파트 상가, 지하)",37.6220625118578,127.06134243043
SRC01_M7474,우리재가복지센타,"서울특별시 노원구 초안산로5길 22, 202호 (월계동, 월계대우아파트상가)",37.6331173218039,127.052013843042
SRC01_M8169,성은노인재가센터,"서울특별시 노원구 동일로175길 12-1, 1층 (공릉동)",37.6197383684769,127.073992520534
SRC01_M8289,시니어케어24 노원,"서울특별시 노원구 동일로 1426, 603호 (상계동, 미도빌딩)",37.6559805862521,127.060540212422
SRC01_M8422,금강오픈케어,"서울특별시 노원구 덕릉로 863, 1층 (상계동)",37.6731859774157,127.083562585782
SRC01_M8487,강북어르신방문센터,"서울특별시 노원구 동일로 1280, 2단지상가동 지하7호 (중계동)",37.6434962139665,127.065740831728
SRC01_M8979,늘새롬사회복지센터,"서울특별시 노원구 광운로2가길 23, 라동 3층 6호 (월계동, 삼창아파트 상가)",37.6181419245691,127.059285315147
SRC01_M9147,노원바른데이케어,"서울특별시 노원구 덕릉로 680, 2층 (중계동, 보고프라자)",37.6583659137636,127.075430116515
SRC01_M9161,어진모노인복지센터,"서울특별시 노원구 초안산로5길 12, 203호 (월계동, 월계프라자)",37.6325606295737,127.051747902831
SRC01_M9368,나눔복지재가센터,"서울특별시 노원구 덕릉로 804, 311호 (상계동)",37.6685759306922,127.080060726739
SRC01_M9464,(A)효사랑나눔재가센터,"서울특별시 노원구 덕릉로 712-4, 4층 402호 (중계동)",37.6610110122075,127.075856319663
SRC01_M9949,열린재가복지센터,"서울특별시 노원구 한글비석로 383, 1층 29,49호 (중계동, 삼창타워프라자)",37.6591119674807,127.073074956682
SRC01_P0069,케어모어,서울특별시 노원구 동일로237가길 17 (상계동),37.6745676830875,127.054146841094
SRC01_P0773,늘편한방문요양센터,"서울특별시 노원구 한글비석로54길 116, 214호 (상계동)",37.6682969826931,127.060396407042
SRC01_P0791,행복누리재가복지센터,"서울특별시 노원구 노원로 421, 마상가동 212호 (상계동)",37.6542241559339,127.06697746423
SRC01_P1137,가나 플러스 복지센터,"서울특별시 노원구 상계로35길 2, 3층 (상계동)",37.6706024612656,127.078787512331
SRC01_P1138,'(A)'서울HS재가복지센터,"서울특별시 노원구 한글비석로 383, 지하1층 12호 (중계동)",37.6591119674807,127.073074956682
SRC01_P1635,하계방문요양센터,"서울특별시 노원구 섬밭로 190, 1층 104,105호 (하계동)",37.6330646443357,127.06712319369
SRC01_P1704,달빛방문요양센터,서울특별시 노원구 한글비석로24가길 20 (상계동),37.6624131251943,127.071072607036
SRC01_P1715,다모아재가복지센터,"서울특별시 노원구 덕릉로 780, 101동 137호 (상계동, 동아불암복합상가아파트)",37.6666919810414,127.079126011496
SRC01_P1853,서울노인재가복지회,서울특별시 노원구 덕릉로115가길 3 (상계동),37.6669097358241,127.077926287074
SRC01_P2144,이편한동행 사회적협동조합,"서울특별시 노원구 한글비석로 422, 4층 (상계동, 대창빌딩)",37.6620264368073,127.070299634066
SRC01_P2492,케어닥 방문요양센터 노원점,"서울특별시 노원구 동일로 1014-1, 2층 201호 (공릉동)",37.6207375319266,127.074899688629
SRC01_P2557,생생노원재가복지센터,"서울특별시 노원구 동일로191가길 25, 2층 (공릉동)",37.6262189288192,127.071010489847
SRC01_P2871,불암방문요양센터,"서울특별시 노원구 덕릉로 814, 5층 (상계동, 재원빌딩)",37.6693277987565,127.080589613615
SRC01_P2885,노아복지재가센터,"서울특별시 노원구 한글비석로20길 57, 403호 (중계동)",37.6616263573759,127.074766556198
SRC01_P2955,'A+'축복 재가복지센터,"서울특별시 노원구 초안산로1길 15, 상가 7701동 205호 (월계동, 월계1단지주공영구임대(아))",37.6272711837251,127.053424549757
SRC01_P3011,라온방문요양센터,"서울특별시 노원구 동일로193길 33, B01호 (공릉동, 한빛빌라)",37.6255433420956,127.070905403433
SRC01_P3839,은혜재가복지센터,"서울특별시 노원구 공릉로42길 21, 102호 (공릉동)",37.6243428496393,127.080878931165
SRC01_W0849,월계우리통합상담소,"서울특별시 노원구 초안산로1길 51 (월계동, 월계종합사회복지관 내 2층)",37.6272444506545,127.052765568541
SRC01_W1194,노원구 건강가정지원센터,"서울특별시 노원구 동일로173가길 94 (공릉동, 가온빌딩 3층)",37.622472985362,127.072639104136
SRC01_Z0102,서울노원북부지역자활센터,서울특별시 노원구 동일로245길 56 (상계동),37.6797059391084,127.05241103793
SRC01_Z0476,서울노원지역자활센터,"서울특별시 노원구 한글비석로47길 99-3, 2층 (상계동)",37.6596369649618,127.066054709893
SRC01_Z0481,서울노원남부지역자활센터,"서울특별시 노원구 동일로178길 19-38, 302호 (공릉동, 연세빌딩(302호/402호))",37.6220937199286,127.07571254625
SRC01_Z5037,공릉종합사회복지관,서울특별시 노원구 동일로 1127 (공릉동),37.6295747035271,127.069868704519
SRC01_Z5080,노원1종합사회복지관,서울특별시 노원구 월계로 372 (월계동),37.6292472102426,127.059664124595
SRC01_Z5117,마들종합사회복지관,서울특별시 노원구 동일로210길 22 (중계동),37.6469078098159,127.065216258015
SRC01_Z5166,북부종합사회복지관,서울특별시 노원구 동일로245길 56 (상계동),37.6797059391084,127.05241103793
SRC01_Z5179,상계종합사회복지관,서울특별시 노원구 덕릉로115나길 25 (상계동),37.6680904757711,127.078326379683
SRC01_Z5288,월계종합사회복지관,서울특별시 노원구 초안산로1길 51 (월계동),37.6272444506545,127.052765568541
SRC01_Z5328,중계종합사회복지관,서울특별시 노원구 덕릉로 662 (중계동),37.6563969498066,127.076623491267
SRC01_Z5364,평화종합사회복지관,서울특별시 노원구 노원로 331 (중계동),37.6461706893207,127.069521539074
SRC01_Z5856,노원구중독관리통합지원센터,"서울특별시 노원구 노원로16길 15, 912동 1층 (하계동, 중계9단지주공영구임대아파트)",37.6434450655049,127.073337208198
SRC01_Z6069,하계종합사회복지관,"서울특별시 노원구 노원로16길 15 (하계동, 중계9단지주공영구임대아파트)",37.6434450655049,127.073337208198
SRC01_Z6598,노원구가족센터,"서울특별시 노원구 동일로173가길 94, 3층 (공릉동)",37.622472985362,127.072639104136
SRC03_A0494,마하나임데이케어센터,서울특별시 성북구 성북로24길 4 (성북동),37.5944501626994,126.995674409097
SRC03_A0570,강남노인복지센터,"서울특별시 강남구 테헤란로52길 6, 906호 (역삼동,테헤란오피스빌딩)",37.5032097762995,127.047116169573
SRC03_A0681,한국시니어협회노인복지센터,"서울특별시 동작구 상도로36길 31, 2층 (상도동)",37.5034359051532,126.945497354364
SRC03_A0707,목동종합사회복지관병설목동데이케어센터,서울특별시 양천구 목동중앙북로8길 104 (목동),37.5442400944319,126.86637644995
SRC03_A0738,서울시 서대문구 재가노인복지기관,서울특별시 서대문구 경기대로9길 62 (충정로3가),37.564328942266,126.960893058142
SRC03_A0773,서울시용산구재가노인복지기관,"서울특별시 용산구 한강대로 69, 102동 26층 2611호 (한강로2가, 용산푸르지오써밋)",37.5270404595814,126.964892234354
SRC03_A0789,길음데이케어센터,"서울특별시 성북구 삼양로2길 55, 2층 (길음동)",37.6067227488564,127.026793261352
SRC03_A0839,남산실버복지센터,서울특별시 중구 동호로5길 189 (신당동),37.5468266344165,127.008808739144
SRC03_A0877,행복창조노인복지센터,서울특별시 은평구 응암로21길 10 (응암동),37.5941684592462,126.916926577948
SRC03_A1000,정수데이케어센터,서울특별시 성동구 한림말길 16-5 (옥수동),37.5404942292856,127.012763518152
SRC03_A1074,우리모두데이케어센터,서울특별시 강서구 화곡로63가길 92 (등촌동),37.5619515970407,126.850209100559
SRC03_A1103,시립동부데이케어센터,서울특별시 성동구 마장로23길 12 (홍익동),37.5676299945366,127.032963032956
SRC03_A1193,서울시 강서구 재가노인복지기관,"서울특별시 강서구 금낭화로 54-20, 3층 (방화동)",37.570183409138,126.812467264763
SRC03_A1216,아현노인복지센터,서울특별시 마포구 마포대로26길 19 (아현동),37.5550648742484,126.958724190274
SRC03_A1605,갈현데이케어센터,서울특별시 은평구 통일로89길 12-6 (갈현동),37.6248874568841,126.918670649747
SRC03_A1609,약수데이케어센터,서울특별시 동작구 양녕로36길 13 (상도동),37.5022179676942,126.946178267618
SRC03_A1676,마포보사재가노인복지기관,"서울특별시 마포구 성미산로29안길 30, 2층 (연남동)",37.565587785737,126.923761984584
SRC03_A1717,서울시 송파구재가노인복지기관,서울특별시 송파구 백제고분로41길 19-24 (송파동),37.5071181869985,127.106411134941
SRC03_A1721,효림데이케어센터,서울특별시 서대문구 경기대로9길 62 (충정로3가),37.564328942266,126.960893058142
SRC03_A1722,서울시동대문구재가노인복지기관,서울특별시 동대문구 장한로27가길 53 (장안동),37.5754966426096,127.070917015727
SRC03_A1963,한빛데이케어센터,"서울특별시 양천구 신월로11길 16, 5층 (신월동)",37.5190740210221,126.84022562869
SRC03_A2055,한사랑복지센터,서울특별시 관악구 은천로 83-1 (봉천동),37.4870143652784,126.944591045067
SRC03_A2065,송파치매주.야간보호센터,서울특별시 송파구 백제고분로32길 41 (삼전동),37.4986684599392,127.094895649961
SRC03_A2069,홍은데이케어센터,"서울특별시 서대문구 홍은중앙로9길 43, 2층 (홍은동)",37.6011723347407,126.948389353017
SRC03_A2252,궁동데이케어센터,서울특별시 구로구 부일로17길 158-4 (궁동),37.4986273212975,126.830311741844
SRC03_A2310,그린리버노인복지센터,서울특별시 송파구 성내천로 189 (마천동),37.5014588400221,127.149320855567
SRC03_A2382,신림다사랑노인복지센터,"서울특별시 관악구 남부순환로 1534 (신림동,3층)",37.4827496745071,126.921068034538
SRC03_A2526,구립영등포노인복지센터,서울특별시 영등포구 선유서로34길 10 (양평동3가),37.526869498543,126.887435272041
SRC03_A2773,관악노인종합사회복지관 병설 관악데이케어센터,서울특별시 관악구 보라매로 35 (봉천동),37.4930406894254,126.926330084488
SRC03_A2777,광진데이케어센터,서울특별시 광진구 군자로 88 (군자동),37.5510982450362,127.071596091794
SRC03_A2795,시립서부데이케어센터,서울특별시 마포구 월드컵로36길 15 (성산동),37.5664628675331,126.9025023151
SRC03_A2870,가양5데이케어센터,서울특별시 강서구 양천로57길 36 (가양동),37.5646273830484,126.853519560541
SRC03_A2905,마포데이케어센터,"서울특별시 마포구 서강로 68, 2층 (창전동, 마포노인종합복지관)",37.5489410696863,126.932211433726
SRC03_A2919,노인요양센터 인영실버,"서울특별시 금천구 금하로 596 (시흥동, 인영실버빌딩)",37.4534356982059,126.897950094773
SRC03_A2958,기둥재가노인복지시설,"서울특별시 중랑구 면목로33길 50 (면목동,2층)",37.5766404182355,127.083125491474
SRC03_A3223,시립성북노인종합복지관 주간보호센터,서울특별시 성북구 종암로21길 21-4 (종암동),37.5996284674579,127.033403154632
SRC03_A3269,구로노인종합복지관 병설 구로데이케어센터,서울특별시 구로구 새말로16길 7 (구로동),37.5052407516115,126.890616727001
SRC03_A3318,엘림노인복지원,"서울특별시 송파구 거마로3길 14-3 (거여동,2층)",37.4948087477756,127.143240894639
SRC03_A3382,시립서대문노인종합복지관데이케어센터,서울특별시 서대문구 독립문로8길 57 (천연동),37.5680044944284,126.959117752095
SRC03_A3397,중랑데이케어센터,서울특별시 중랑구 겸재로9길 45 (면목동),37.5884349591944,127.077841909247
SRC03_A3678,덕수노인복지센터,서울특별시 성북구 성북로28길 14 (성북동),37.5953423336828,126.993849142614
SRC03_A3755,강남데이케어센터,서울특별시 강남구 삼성로 628 (삼성동),37.5159106576619,127.05214255205
SRC03_A3938,동작데이케어센터,서울특별시 동작구 상도로11길 7 (대방동),37.5003904580472,126.929109745694
SRC03_A3989,목련데이케어센터,서울특별시 강남구 개포로 617-8 (개포동),37.4940517008032,127.077760130151
SRC03_A4021,용산데이케어센터,서울특별시 용산구 독서당로11길 16 (한남동),37.5313386817535,127.006498019073
SRC03_A4036,서울시 강남구 재가노인복지기관,"서울특별시 강남구 개포로24길 29, 지하호 (개포동)",37.4773567630013,127.049643682118
SRC03_A4044,구립영등포노인종합복지관병설데이케어센터,서울특별시 영등포구 도림로 482 (문래동3가),37.5168563355065,126.890541520829
SRC03_A4120,성동노인종합복지관 병설 성동데이케어센터,서울특별시 성동구 마조로 77 (마장동),37.5647846611665,127.041239858501
SRC03_A4153,양천어르신종합복지관병설양천데이케어센터,서울특별시 양천구 목동로3길 106 (신정동),37.5104425347921,126.858627933542
SRC03_A4163,시립은평노인종합복지관 병설 은평데이케어센터,서울특별시 은평구 연서로 415 (진관동),37.6322508137652,126.929982419795
SRC03_A4189,노인통합지원센터,서울특별시 강남구 봉은사로24길 70 (역삼동),37.5023886492658,127.031877247348
SRC03_A4272,시립강동노인복지관 데이케어센터,서울특별시 강동구 동남로71길 32-5 (명일동),37.5522111843463,127.15462055421
SRC03_A4284,동대문노인종합복지관병설주간보호센터,서울특별시 동대문구 제기로33길 25 (청량리동),37.5872413382227,127.049826506747
SRC03_A4339,장수복지센터,"서울특별시 서대문구 응암로 145 (북가좌동,4층)",37.5853376126155,126.914969106747
SRC03_A4373,시립 강서노인복지관 데이케어센터,서울특별시 강서구 화곡로61길 85 (등촌동),37.5581231966538,126.847551552263
SRC03_A4583,성모노인복지센터,"서울특별시 서초구 효령로 53, 416호 (방배동, 방배오피스텔)",37.4793805408528,126.990191945532
SRC03_A4584,효노인복지센터,서울특별시 강북구 오현로 194 (번동),37.6288359683906,127.03987378053
SRC03_A4604,강북노인복지센터,서울특별시 강북구 도봉로67길 48-6 (미아동),37.6300053813188,127.021883971713
SRC03_A4623,서울중앙가정봉사원파견센터,서울특별시 강북구 월계로 53-3 (미아동),37.6121374302839,127.035329511623
SRC03_A4801,아차산노인복지센터,"서울특별시 광진구 긴고랑로 164 (중곡동,1층)",37.5587538636074,127.093132877123
SRC03_A4874,시립강북노인종합복지관병설 강북데이케어센터,서울특별시 강북구 삼양로92길 40 (수유동),37.6356868161336,127.018752579451
SRC03_A4930,구립서대문데이케어센터,서울특별시 서대문구 홍지문2길 59 (홍은동),37.5982821343352,126.955942525308
SRC03_A4963,신목행복자리 데이케어센터,서울특별시 양천구 신목로 10 (신정동),37.5184259572781,126.876286101182
SRC03_A5002,구립 역삼데이케어센터,서울특별시 강남구 도곡로27길 27 (역삼동),37.4945376886831,127.041831743296
SRC03_A5003,서울시 종로구 재가노인복지기관,"서울특별시 종로구 지봉로12나길 1, 지층 우측 102 (숭인동)",37.5777276391401,127.016582119009
SRC03_A5012,열린재가노인지원서비스센터,"서울특별시 광진구 천호대로 591, 2층 (중곡동)",37.5558688836889,127.083732792092
SRC03_A5024,명화 데이케어센터,서울특별시 강남구 광평로51길 49 (수서동),37.4921394490477,127.099765336108
SRC03_A5052,구립양천데이케어센터,서울특별시 양천구 신월로 26 (신정동),37.5129556180448,126.827072440547
SRC03_A5081,종로데이케어센터,서울특별시 종로구 지봉로13길 82 (창신동),37.5771962285457,127.012178617017
SRC03_A5210,애린단기보호센터,"서울특별시 양천구 목동중앙남로3길 42 (목동,3층)",37.5357741599899,126.865218711184
SRC03_A5234,본마을데이케어센터,서울특별시 서초구 신원동 446,37.4544353752897,127.053413600582
SRC03_A5265,도봉실버데이케어센터,서울특별시 도봉구 시루봉로 133 (방학동),37.6629252764639,127.026991273706
SRC03_A5282,강서구립 봉제산데이케어센터,서울특별시 강서구 화곡동 산 41-16,37.541609086002,126.851300766238
SRC03_A5440,서울시 동작구 재가노인복지기관,"서울특별시 동작구 양녕로28길 41, 지1층 (상도동, 대왕주택)",37.4982159268502,126.945887905679
SRC03_A5532,서울시 성북구 재가노인복지기관,"서울특별시 성북구 장월로1길 107, 301호 (하월곡동)",37.6044464781713,127.043227041837
SRC03_A5549,인덕재가노인복지센터,서울특별시 은평구 연서로48길 41 (진관동),37.6392836600475,126.938086655176
SRC03_A5551,인덕데이케어센터,서울특별시 은평구 연서로48길 41 (진관동),37.6392836600475,126.938086655176
SRC03_A5556,중구재가노인지원센터,서울특별시 중구 퇴계로88길 37 (신당동),37.5639731265826,127.020638608023
SRC03_A5630,연희데이케어센터,서울특별시 서대문구 성산로 271 (연희동),37.5671063612053,126.920405343416
SRC03_A5644,해피엘노인복지센터,서울특별시 광진구 자양로13길 47 (자양동),37.5341672695454,127.08189441761
SRC03_A5701,구립동안명성데이케어센터,서울특별시 동대문구 무학로28길 22-2 (용두동),37.5743589116311,127.031927031008
SRC03_A5801,상록재가노인지원센터,서울특별시 관악구 남현길 63 (남현동),37.4739970639361,126.976517729992
SRC03_A5813,민들레데이케어센터,서울특별시 송파구 성내천로 193 (마천동),37.501481563891,127.149804368074
SRC03_A5817,강동구립 해공데이케어센터,서울특별시 강동구 천중로17길 42-16 (천호동),37.5462120028184,127.131714111517
SRC03_A5823,신명데이케어센터,서울특별시 은평구 증산로15길 47 (신사동),37.5902570763213,126.908058308755
SRC03_A5868,보현데이케어센터,서울특별시 종로구 평창4길 21-22 (평창동),37.6100993506243,126.962489573417
SRC03_A5914,수호데이케어센터,서울특별시 관악구 인헌길 161-9 (봉천동),37.4690843109185,126.969452155793
SRC03_A5933,서초노인주간보호센터,서울특별시 서초구 강남대로30길 73-7 (양재동),37.4830200110045,127.040815998673
SRC03_A5985,염리재가노인복지센터,서울특별시 마포구 숭문길 36-7 (염리동),37.5482918003884,126.945797522062
SRC03_A6058,(복)노인낙원은파케어센터,서울특별시 서초구 방배로20길 17 (방배동),37.4859995992794,126.995962210293
SRC03_A6173,(사)굿하트 전문사례관리 동작재가센터,서울특별시 동작구 양녕로28길 41 (상도동),37.4982159268502,126.945887905679
SRC03_A6258,미아실버데이케어센터,서울특별시 강북구 미아동 223-18,37.6269191365934,127.02377622952
SRC03_A6358,아현실버데이케어센터,서울특별시 마포구 환일길 3 (아현동),37.5574505388934,126.960311304902
SRC03_A6401,역촌데이케어센터,서울특별시 은평구 연서로3나길 11-30 (역촌동),37.6033427209461,126.911371067909
SRC03_A6437,구립대치데이케어센터,서울특별시 강남구 역삼로69길 22 (대치동),37.5030425172595,127.054130053578
SRC03_A6614,서울시 중랑구 재가노인복지기관,"서울특별시 중랑구 동일로160길 49 (묵동, 지층)",37.6112429393465,127.080479326203
SRC03_A6761,마포노인데이케어센터,서울특별시 마포구 만리재옛12길 6-2 (공덕동),37.5497731075587,126.959432125071
SRC03_A6820,구립성수1가2동서울숲데이케어센터,"서울특별시 성동구 왕십리로5길 3, 3층 (성수동1가, 성수1가제2동 공공복합청사)",37.5464025531618,127.044349655211
SRC03_A7032,서초어르신행복e음센터,서울특별시 서초구 방배중앙로 159-6 (방배동),37.4933401530925,126.985946583031
SRC03_A7060,마포서부재가노인복지기관,"서울특별시 마포구 마포대로11길 44-81 (아현동, 2층)",37.5522417159992,126.951236821622
SRC03_A7104,행복한세상복지센터,"서울특별시 강동구 구천면로57길 24, 1층 (암사동)",37.5511208930155,127.137421713217
SRC03_A7117,서울시 구로구재가노인복지기관,"서울특별시 구로구 디지털로27다길 65, B1층 (구로동)",37.4871431613036,126.890154656237
SRC03_A7277,은평어르신돌봄통합지원센터,"서울특별시 은평구 연서로13길 29-7, 3층 (구산동, 은평어르신돌봄통합지원센터)",37.6097371057154,126.912784497801
SRC03_A7358,왕십리도선동데이케어센터,서울특별시 성동구 마장로 141 (상왕십리동),37.5678768166342,127.025530039097
SRC03_A7380,구산데이케어센터,"서울특별시 은평구 연서로13길 29-7, 4층 (구산동)",37.6097371057154,126.912784497801
SRC03_A7458,양원사랑데이케어센터,서울특별시 중랑구 양원역로16길 103-31 (망우동),37.6092218023897,127.112485998165
SRC03_A7596,동소문데이케어센터,"서울특별시 성북구 동소문로11길 18, 101호 (동소문동4가, 삼총사타운)",37.5919849877894,127.011810881995
SRC03_A7738,청운데이케어센터,서울특별시 동작구 국사봉1길 145 (상도동),37.4957113004494,126.933354447054
SRC03_A7809,청운실버데이케어센터,서울특별시 종로구 자하문로28길 29 (청운동),37.5864670481034,126.972534905228
SRC03_A7850,사회복지법인노인낙원은파복지사업소,서울특별시 서초구 명달로4길 77 (서초동),37.4809469252464,127.010046365458
SRC03_A7893,송파버들데이케어센터,서울특별시 송파구 충민로 184 (장지동),37.4857949194391,127.134322169385
SRC03_A8009,길음안나데이케어센터,서울특별시 성북구 길음로9길 46 (길음동),37.6054387238333,127.017876249919
SRC03_A8011,대길홈케어센터,"서울특별시 영등포구 영등포로84길 24-14, 지하 1층 (신길동)",37.51157801843,126.92149690112
SRC03_A8036,정릉데이케어센터,서울특별시 성북구 솔샘로 8 (정릉동),37.6082419738668,127.004658448177
SRC03_A8148,상도데이케어센터,서울특별시 동작구 상도로39가길 7 (상도1동),37.5024977329645,126.949659307108
SRC03_A8203,구립영등포노인케어센터 병설 엘림데이케어센터,서울특별시 영등포구 도림로 482 (문래동3가),37.5168563355065,126.890541520829
SRC03_A8474,중화데이케어센터,"서울특별시 중랑구 동일로138길 28 (중화동,구립중화경로복지관 병설)",37.6033043095786,127.081153871882
SRC03_A8603,보사노인케어센터,"서울특별시 마포구 성미산로32길 51, 203호 (연남동)",37.5627401592659,126.922610632303
SRC03_A8872,창전데이케어센터,"서울특별시 마포구 서강로1길 30, 4층 (창전동)",37.5491774893996,126.930197129285
SRC03_A8896,사랑나눔노인복지센터,서울특별시 구로구 구로동로 241,37.5001012541426,126.882291434996
SRC03_A8948,강남논현데이케어센터,서울특별시 강남구 논현로136길 5-8 (논현동),37.5164226242879,127.03044802047
SRC03_A9021,서울시니어스타워(주),서울특별시 강서구 화곡로68길 102 (등촌동),37.5569887781271,126.859331594729
SRC03_A9042,희망주야간보호센터,"서울특별시 구로구 중앙로 79 (고척동, 고척교회)",37.5044439835075,126.860883413908
SRC03_A9059,역삼재가노인데이케어센터,"서울특별시 강남구 언주로71길 19, 3~5층 (역삼동)",37.4968098597291,127.043543192137
SRC03_A9074,구립용산노인데이케어센터,서울특별시 용산구 효창원로93길 51 (효창동),37.5470833698179,126.961629126778
SRC03_A9103,서울시 성동구 재가노인복지기관,"서울특별시 성동구 한림말길 16-5, 4층 (옥수동)",37.5404942292856,127.012763518152
SRC03_A9244,구립동안홍릉데이케어센터,"서울특별시 동대문구 홍릉로 81, 3층 (청량리동, 홍릉문화센터)",37.5875163184778,127.042707637538
SRC03_A9254,면목종합사회복지관병설 면목데이케어센터,서울특별시 중랑구 면목동 1382 면목(아) 면목사회복지관,37.5736949139795,127.087817678964
SRC03_A9256,서울시 도봉구 재가노인복지기관,"서울특별시 도봉구 시루봉로 130 (방학동, 정목빌딩 4층)",37.6624199137953,127.027777412839
SRC03_A9313,훼미피아데이케어센터,"서울특별시 강서구 공항대로39길 59 (등촌동,등촌4종합사회복지관내)",37.5622560104409,126.842904416929
SRC03_A9359,죽헌 미르데이센터(관악1호),서울특별시 관악구 은천로,37.4870086666449,126.945511778459
SRC03_A9360,은평신사데이케어센터,서울특별시 은평구 은평로 6 (신사동),37.5966050275722,126.909712231531
SRC03_A9377,불광데이케어센터,서울특별시 은평구 연서로32길 17-11 (불광동),37.6194805035861,126.924863251654
SRC03_A9412,신당데이케어센터,서울특별시 중구 다산로25길 6 (신당동),37.5593062825321,127.01261732985
SRC03_A9511,서초구립방배데이케어센터,서울특별시 서초구 방배천로16길 5 (방배동),37.4822353013283,126.983058324705
SRC03_A9650,구립당산데이케어센터,"서울특별시 영등포구 당산로29길 9, 2층 (당산동3가)",37.5259814870534,126.89397556277
SRC03_A9724,삼육서울병원재가노인복지센터,"서울특별시 동대문구 망우로 82 (휘경동,삼육서울병원)",37.5862119387672,127.06355328121
SRC03_A9744,서울시 강동구 재가노인복지기관,서울특별시 강동구 구천면로68나길 10-1 (천호동),37.5486180010536,127.142298628074
SRC03_A9757,문정데이케어센터,"서울특별시 송파구 동남로4길 36, 5층 (문정동)",37.4870676299411,127.124584820279
SRC03_A9782,죽헌 미르데이센터(성북1호),"서울특별시 성북구 보국문로 10 (정릉동,부광빌딩 5층)",37.6055372596331,127.011654702043
SRC03_A9794,강서구립 연지데이케어센터,서울특별시 강서구 화곡로58길 30-7 (화곡동),37.5524146622014,126.85266278742
SRC03_A9798,한서재가노인복지센터,"서울특별시 마포구 월드컵로13길 80, 1층 (망원동)",37.5552311970826,126.905683982772
SRC03_A9810,서울시강북구재가노인복지기관,"서울특별시 강북구 삼양로 478, 2층 (수유동)",37.6459474263641,127.015529661243
SRC03_A9825,죽헌 미르데이센터(강동1호),"서울특별시 강동구 천호대로 1210 (둔촌동,은선빌딩 4층)",37.534930341506,127.145659416639
SRC03_A9881,성모시니어스데이케어센터,서울특별시 강서구 곰달래로35길 85 (화곡동),37.534987949948,126.853639780813
SRC03_C0000006888,성동노인종합복지관병설성동데이케어센터,서울특별시 성동구 마조로 77 (마장동),37.5647846611665,127.041239858501
SRC03_C0000006990,샬롬노인복지센터,서울특별시 성동구 광나루로 319 (송정동),37.5483905959676,127.065326327058
SRC03_C0000007095,광진단기보호센터(광진노인종합복지관 부설),서울특별시 광진구 군자로 88 (군자동),37.5510982450362,127.071596091794
SRC03_C0000007187,광진어르신복지센터,서울특별시 광진구 자양로51길 11-25 (구의동),37.553096432473,127.092418412379
SRC03_C0000007273,은천치매단기보호센터,서울특별시 동대문구 장한로27가길 66 (장안동),37.5760076583931,127.07141220377
SRC03_C0000007303,삼육간호보건대학부설삼육재가복지센타,서울특별시 동대문구 망우로20가길 34-6 (휘경동),37.5901518440038,127.064795775106
SRC03_C0000007409,동대문노인복지센터,서울특별시 동대문구 답십리로 184 (답십리동),37.5722517408702,127.060502369282
SRC03_C0000007411,새서울노인복지센터,서울특별시 동대문구 사가정로 276-16 (장안동),37.5792086242681,127.075601513958
SRC03_C0000007633,중랑구 재가노인복지센터,"서울특별시 중랑구 면목로 352 (면목동,3층)",37.583335754749,127.088626152995
SRC03_C0000008119,참사랑가정봉사원파견센터,서울특별시 강북구 삼각산로 157 (수유동),37.6419102248747,127.021201065438
SRC03_C0000011315,보사노인복지센터,서울특별시 마포구 동교로 132-3 (서교동),37.5547963373101,126.917034358378
SRC03_C0000011317,서교노인복지센터,서울특별시 마포구 월드컵로8길 49 (서교동),37.5536333272895,126.915004235685
SRC03_C0000011713,강서노인주간보호센터,서울특별시 강서구 양천로57길 36 (가양동),37.5646273830484,126.853519560541
SRC03_C0000012300,가나안 사랑의 집,서울특별시 구로구 경인로15길 116-10 (오류동),37.4983349156782,126.835968222876
SRC03_C0000012704,주현방문요양센터,서울특별시 영등포구 가마산로 373 (대림동),37.5019553985423,126.899205468434
SRC03_C0000013026,미르사랑,서울특별시 관악구 봉천로 575 (봉천동),37.4774028105387,126.961481858172
SRC03_C0000014162,소리마을노인주간보호센터,서울특별시 강동구 구천면로 285 (천호동),37.545491772814,127.133215019802
SRC03_C0100974498,용산노인복지센터,서울특별시 용산구 한강로2가  2-11 대우아이빌 712호,37.5315404241505,126.969090683958
SRC03_C0102740134,정훈노인복지센터,서울특별시 강북구 오패산로28길 5-17 (미아동),37.6134709440589,127.035161043469
SRC03_C0102906284,광진노인보호센터(주야간보호소),서울특별시 광진구 뚝섬로58길 13 (자양동),37.5313148564127,127.084613258342
SRC03_C0104218950,푸른요양원,서울특별시 강북구 도봉로81길 43 (수유동),37.6348859817979,127.020604050898
SRC03_C0109399574,감사하는사람들,"서울특별시 영등포구 대림로29길 19 (대림동,3층)",37.4951099665035,126.897380928039
SRC03_C0109581295,국제복지선교센터,서울특별시 관악구 청룡길 20 (봉천동),37.480950697986,126.946017376655
SRC03_C0109850895,은천소규모요양센터(나형),서울특별시 동대문구 장한로27가길 53 (장안동),37.5754966426096,127.070917015727
SRC03_C0110000122,광진재가노인지원센터,"서울특별시 광진구 자양로 309, 2층 (구의동)",37.5530917370595,127.093119493233
SRC03_C0119031781,번동노인요양원,"서울특별시 강북구 한천로105길 24, 202동 2층 (번동, 번동주공아파트)",37.6276084068396,127.044805112576
SRC03_C0134244461,(A+) 서울방문간호요양센터,"서울특별시 중랑구 신내로16길 17, 106호 (신내동, 서울메디컬타워)",37.6141751592324,127.097180289147
SRC03_C0137533127,동행데이케어센터,"서울특별시 성북구 오패산로1길 1, 2층 (하월곡동, 동진빌딩)",37.6034702638516,127.036826035963
SRC03_C0139117532,동소문데이케어센터,"서울특별시 성북구 동소문로11길 18, 101호 (동소문동4가)",37.5919849877894,127.011810881995
SRC03_C0152003066,새봄재가노인복지센터,"서울특별시 성동구 왕십리로31나길 18, 204호 (하왕십리동, 한신무학상가)",37.5630312195883,127.028087268049
SRC03_C0152096839,행복한단기보호센터,"서울특별시 동대문구 제기로 72, 3층 (제기동)",37.5864675144777,127.041066815849
SRC03_C0152521451,늘푸른돌봄센터,"서울특별시 광진구 능동로 53, 2층 (자양동)",37.5361340781664,127.068577579644
SRC03_C0155017861,서울숲 단기보호센터,"서울특별시 성동구 뚝섬로 401-2, 4층 (일산빌딩)",37.5389478799426,127.055403120183
SRC03_C0155053057,성심데이케어센터,"서울특별시 도봉구 도봉로 873, 5층 (도봉동, 화성빌딩)",37.6824333823664,127.045458406525
SRC03_C0156179797,(사)굿하트광진재가노인지원센터,"서울특별시 광진구 천호대로 699, 302호 (구의동, 일천빌딩)",37.5496124323117,127.092330368806
SRC03_C0175576237,서울시재가노인복지센터,서울특별시 금천구 시흥대로102길 58 (독산동),37.4659880497871,126.898676375549
SRC03_C0176956083,가천단기보호센터,"서울특별시 중랑구 신내로14길 13, 4층 (신내동)",37.6058331727345,127.096079861027
SRC03_C0181384955,행복한주야간보호센터,"서울특별시 구로구 고척로 228-6 (고척동, 종만빌딩 5층)",37.5057871324878,126.85824878572
SRC03_C0183514312,상지재가장기요양기관,서울특별시 은평구 가좌로 292-6 (신사동),37.594540362928,126.912283518626
SRC03_C0188916766,구세군홍제데이케어센터,"서울특별시 서대문구 홍은중앙로 113, 3층 (홍은동, 홍은빌딩)",37.6005136446099,126.948651169591
SRC03_C0189678458,더시그넘하우스 데이케어센터,"서울특별시 강남구 자곡로 204-25, 1층 (자곡동)",37.4732283306185,127.103778878303
SRC03_C0191341384,천세노인복지센터,서울특별시 구로구 경인로55길 21 (구로동),37.5022339153989,126.877054259583
SRC03_C0191504143,효드림데이케어센터,"서울특별시 양천구 곰달래로 47, 2층 (신월동)",37.530248154543,126.837979822093
SRC03_C0192063010,여러분의 어르신복지센터,"서울특별시 서대문구 모래내로 309, 113호 (홍은동, 두산아파트상가)",37.578896435345,126.931492692669
SRC03_C0192479163,엠더블유주야간보호시설,"서울특별시 종로구 율곡로17길 7-38, 5층 (이화동)",37.5763071489322,127.003946436765
SRC03_C0193230819,노인돌봄센터 엄마를부탁해,"서울특별시 강동구 양재대로 1319, 5층 (성내동)",37.5241954271851,127.134439064819
SRC03_C0197938554,엠더블유 요양원 병설 주야간보호센터,"서울특별시 종로구 율곡로17길 7-38, 6층 (이화동)",37.5763071489322,127.003946436765
SRC03_C0200918123,풍납데이케어센터,서울특별시 송파구 강동대로3길 5 (풍납동),37.5277283616422,127.113850965086
SRC03_C0204729135,DMC실버케어,"서울특별시 서대문구 응암로 76, 4층 (북가좌동)",37.5795967400729,126.911397524788
SRC03_C0204740472,DMC 실버케어,서울특별시 서대문구 응암로 76 (북가좌동),37.5795967400729,126.911397524788
SRC03_C0204750329,은평사랑데이케어센터,"서울특별시 은평구 은평로 185, B동 4층 (녹번동, 평암빌딩)",37.6021717356622,126.928259639779
SRC03_C0210263908,가나안재가복지센터,서울특별시 송파구 마천로51길 10 (마천동),37.4959115662025,127.151133957697
SRC03_C0210552324,99팔팔재가노인복지센터,"서울특별시 강서구 공항대로 426, 8층 812호 (화곡동)",37.5548319100792,126.854229652711
SRC03_C0286033496,보람방문요양센터,"서울특별시 송파구 송이로33길 8, 1층 (문정동, 포레스트)",37.487807695231,127.133114668012
SRC03_C0289219756,(주)참좋은 실버복지센터,"서울특별시 강동구 양재대로 1339, 2층 207호 (성내동, 삼오빌딩)",37.5259522700897,127.135009671072
SRC03_C0289478384,홈앤널스방문간호센터,"서울특별시 송파구 충민로 5, A동 3층 319호 (문정동, 송파한화오벨리스크)",37.480086167345,127.119170678483
SRC03_C0289498736,아리아케어 방문요양 중구 충무센터,"서울특별시 중구 퇴계로50가길 2, 501호 (묵정동, 평화빌딩)",37.5614546562392,127.001262889723
SRC03_C0289618312,미소의료기,"서울특별시 강북구 삼각산로 58 (수유동, 신관동 지하 B110호(수유동,국립재활원))",37.638655704921,127.010264590667
SRC03_C0289915752,서서울어르신재가요양센터,"서울특별시 양천구 남부순환로 431, 지하101호 (신월동)",37.5294953167323,126.833026406871
SRC03_C0289954153,마곡맑은샘방문요양재가센터,"서울특별시 강서구 마곡중앙2로 35, 524호 (마곡동, 이너매스마곡2)",37.5579650314969,126.830661784149
SRC03_C0291467886,행복한 방문요양센터,"서울특별시 구로구 개봉로15길 42, 1층 (개봉동)",37.4899102173291,126.853648513355
SRC03_C0291563816,백세만세의료기,"서울특별시 광진구 광나루로 556, 1층 (구의동)",37.544296432161,127.091194171326
SRC03_C0292069708,용산실버데이케어센터,"서울특별시 용산구 원효로 67-8, 2층 (원효로4가)",37.5332309351283,126.95132987052
SRC03_C0293254535,효사랑가득재가복지센터,"서울특별시 종로구 창신길 131-1, 101호 (창신동)",37.5771349377022,127.009486111391
SRC03_C0294088277,은혜방문요양센터,"서울특별시 송파구 한가람로 406, 2층 201호 (풍납동)",37.5345785531115,127.111805818473
SRC03_C0294673909,(주)실버웨이복지법인 강북노인복지센터,"서울특별시 강북구 도봉로 144, 3층 (미아동)",37.6216872494494,127.028417312121
SRC03_C0295734753,영락재가센터,"서울특별시 도봉구 도당로 76, 5층 503호 (방학동, 방학프라자)",37.6645720367997,127.035966945313
SRC03_C0296834982,봄빛 어르신 재가복지센터,"서울특별시 송파구 올림픽로 336 (방이동, 대우유토피아오피스텔 1406호)",37.5153960266549,127.107455494042
SRC03_C0296987289,블레스재가노인복지센터,"서울특별시 중랑구 면목로 352, 3층 (면목동)",37.583335754749,127.088626152995
SRC03_C0297048328,강서실버센터,"서울특별시 강서구 강서로45길 174, 4층 (내발산동)",37.5527181773866,126.830668563722
SRC03_C0297453427,호산나방문요양센터,"서울특별시 관악구 양녕로6길 5, 1층 (봉천동)",37.484762343199,126.947053264402
SRC03_C0297453595,유케어포라이프,"서울특별시 관악구 관악로 222, 2층 (봉천동)",37.4843576823304,126.955533502141
SRC03_C0297770349,효드림 재가복지센터,"서울특별시 송파구 송파대로 408, 303호 (송파동)",37.5037372576723,127.108979139136
SRC03_C0297770400,메디재가노인센터,"서울특별시 송파구 송파대로40길 8, 101호 (송파동)",37.5033599392327,127.110024037506
SRC03_C0297770550,함께가요재가복지센터,"서울특별시 동대문구 답십리로23길 127, 1층 (전농동)",37.580677872942,127.051917564535
SRC03_C0297770814,봄날재가복지센터,"서울특별시 중구 장충단로7길 41, 1층 103호 (장충동2가)",37.5624096464615,127.004151358709
SRC03_C0297771393,함께가요복지센터,"서울특별시 동대문구 답십리로23길 127, 1층 (전농동)",37.580677872942,127.051917564535
SRC03_C0297772330,카네이션재가복지센터,"서울특별시 영등포구 국회대로74길 20, 1109호 (여의도동)",37.5296057693694,126.921553019468
SRC03_C0297772787,송파한사랑재가센터,"서울특별시 송파구 오금로36길 70, 2층 201호 (가락동)",37.4984777995082,127.121117972461
SRC03_C0297796369,우리재가복지센터,"서울특별시 도봉구 덕릉로60다길 5, 1층 (창동)",37.6384866943318,127.040143377853
SRC03_C0297796713,강북방문요양센터,"서울특별시 강북구 솔샘로 289-3 (미아동, 101호)",37.618587780517,127.024732624789
SRC03_C0297796956,우리재가복지센터,"서울특별시 영등포구 대방천로8길 3, 101호 (신길동)",37.4991976760966,126.905736183593
SRC03_C0297796961,여의도재가복지센터,"서울특별시 영등포구 63로 40, 3층 613호 (여의도동, 라이프오피스텔)",37.5196351977246,126.939136417577
SRC03_C0297797150,드림재가복지센터,"서울특별시 광진구 자양로13길 107, 2층 (자양동)",37.5322248291032,127.079881487917
SRC03_C0297797335,동그라미재가노인복지센터,"서울특별시 서초구 강남대로8길 49, 201호 (양재동, 성지빌딩)",37.4691539772095,127.04319502496
SRC03_C0297797428,경희데이케어센터,"서울특별시 강서구 수명로 74, 7층 701호 (내발산동)",37.5525909469274,126.826197321696
SRC03_C0297797613,참터재가복지센터,"서울특별시 종로구 창신3길 10, 2층 (창신동)",37.5730903990335,127.011239972756
SRC03_C0297797772,탱고플러스,"서울특별시 송파구 양재대로60길 3-17, 6층 (가락동)",37.4990403270559,127.117339137121
SRC03_C0297798239,집으로방문요양센터,"서울특별시 관악구 쑥고개로 100, 2층 203호 (봉천동)",37.4789463264491,126.947648773898
SRC03_C0297798302,정다운재가방문요양센터,"서울특별시 금천구 한내로 69-15, 1317동 102호 (독산동)",37.4573808551633,126.886472547107
SRC03_C0297798339,소망재가복지센터,"서울특별시 강북구 수유로 74, 3층 302호 (수유동)",37.6361069686824,127.021766347538
SRC03_C0297798644,늘봄+방문요양센터,"서울특별시 성북구 창경궁로35다길 100, 1층 (성북동)",37.5921268455987,127.001430307208
SRC03_C0297798690,꽃가람누리 재가복지센터,"서울특별시 중랑구 중랑역로 60-1, 201호 (중화동)",37.5987951836401,127.077989833718
SRC03_C0297798785,명성재가복지센터,"서울특별시 강동구 양재대로121길 38, 2층 (천호동)",37.5428830906405,127.139475504255
SRC03_C0297798833,강동 늘푸른 방문요양센터,"서울특별시 강동구 구천면로57길 37 (암사동, 102호)",37.5515460627663,127.136888230672
SRC03_C0297798938,1288참사랑실버복지센터,"서울특별시 강동구 아리수로 427, 703호 (강일동)",37.5649623335076,127.174603355856
SRC03_C0297798939,웃음 더 드림 방문요양센터,"서울특별시 강동구 올림픽로58길 23, 102호 (성내동)",37.5341762116755,127.123430357392
SRC03_C0297799212,엔젤21세기방문요양센터,서울특별시 관악구 남부순환로 1622 (신림동),37.4841673236479,126.93084876383
SRC03_C0297799221,다올재가복지센터,"서울특별시 관악구 쑥고개로22길 48, 2층 (봉천동)",37.4771371108808,126.947674229777
SRC03_C0297799228,손&강 재가노인복지센터,"서울특별시 영등포구 영등포로37길 23, 301호 (영등포동5가)",37.5224035993699,126.905649189764
SRC03_C0297799374,스마일시니어 산들방문요양센터,"서울특별시 도봉구 해등로 118, 110호 (창동, 상아1차아파트 상가)",37.6540827294465,127.04218739129
SRC03_C0297799470,명지노인복지센터,"서울특별시 은평구 연서로4길 8-6, 1층 (역촌동)",37.6021978109798,126.916658887636
SRC03_C0297799474,브니엘재가노인복지센터,"서울특별시 은평구 증산서길 88, 1층 1호 (증산동)",37.5840489255867,126.907198478811
SRC03_C0297799495,글로리데이케어센터,"서울특별시 관악구 난곡로 90-21, 4층 (신림동)",37.463230282638,126.919464596116
SRC03_C0297800912,흑석데이케어센터,서울특별시 동작구 흑석한강로 13 (흑석동),37.5056471574512,126.966572148952
SRC03_C0297801316,효사랑 돌봄 재가방문센터,"서울특별시 강남구 봉은사로4길 4, 104호 (역삼동)",37.5044367437904,127.025906293695
SRC03_C0297803404,가인노인재가복지센터,"서울특별시 강북구 노해로19길 12-11, 1층 (수유동)",37.6431864933236,127.021066027085
SRC03_C0297803408,우리데이케어센터,"서울특별시 금천구 시흥대로 426, 7층 (독산동)",37.4715689911066,126.89877216735
SRC03_C0297803519,미소 재가요양 복지센터,"서울특별시 금천구 시흥대로 97, 19동 237호 (시흥동)",37.4446821230267,126.901072369386
SRC03_C0297803664,담다노인재가복지센터,"서울특별시 양천구 신월로38길 12, 2층 (신정동)",37.5208867784948,126.861131621548
SRC03_C0297808349,강북효안심재가복지센터,"서울특별시 강북구 노해로33길 24, 1층 (수유동)",37.646364311254,127.023213377864
SRC03_C0297808401,늘봄방문요양센터,서울특별시 은평구 수색로22나길 29 (수색동),37.5877817475247,126.888185979967
SRC03_C0297808505,정다운방문요양센터,서울특별시 은평구 가좌로7길 18 (응암동),37.5863021935387,126.919433520574
SRC03_C0297808506,대한방문요양센터,"서울특별시 중랑구 용마공원로2길 27, 1층 (망우동)",37.5937196263991,127.100090108798
SRC03_C0297808530,미소방문요양센터,서울특별시 관악구 난곡로 125 (신림동),37.466530457209,126.920055189953
SRC03_C0297808723,강동사랑데이케어센터,"서울특별시 강동구 천호옛14길 37, 3층 (성내동)",37.5361046435657,127.127648264789
SRC03_C0297820068,온맘재가복지센터,"서울특별시 영등포구 도영로 80, 101동 208-2호 (도림동)",37.5113135470759,126.900424616949
SRC03_C0297820311,보은재가복지센터,"서울특별시 강북구 수유로 32, 1층 (수유동)",37.6335873142595,127.019465903208
SRC03_C0297820705,'올바른노인복지센터,"서울특별시 중랑구 봉화산로3길 80, 1층 (묵동)",37.6051406928123,127.075472940101
SRC03_C0297823833,행복사랑재가복지센터,"서울특별시 중랑구 동일로160길 39, 102호 (묵동)",37.6111499131841,127.080014189903
SRC03_C0297823869,나이팅게일노인복지센터,"서울특별시 양천구 목동동로12길 23, 상가동 3층 301호 (목동, 목동대림아파트)",37.5233409041025,126.874049654176
SRC03_C0297823906,(A)+기쁨드림방문요양센터,"서울특별시 은평구 역말로 19-11, 1층 (역촌동)",37.6062000038151,126.912787268796
SRC03_C0297824185,강동행복재가센타,"서울특별시 강동구 양재대로136길 54, 2층 202호 (명일동)",37.5482522582161,127.146738311671
SRC03_C0297824186,늘사랑재가센터,"서울특별시 강동구 구천면로62길 19, 1층 (천호동)",37.5496458439671,127.139365434493
SRC03_C0297824218,다시봄날 재가복지센터,"서울특별시 광진구 뚝섬로32길 8, 102호 (자양동)",37.535238266379,127.067231830973
SRC03_C0297824220,큰아들 재가복지센터,"서울특별시 광진구 천호대로136길 64, 1층 (구의동)",37.5471641343738,127.089422963932
SRC03_C0297824237,수실버재가센터,"서울특별시 강동구 상암로 88-19, 101호 (천호동)",37.5470736608366,127.132409415365
SRC03_C0297824293,주식회사 바이엘,"서울특별시 강남구 선릉로90길 34, 8층 (대치동)",37.5046482580704,127.051992781999
SRC03_C0297824295,바른가족방문요양센터,"서울특별시 강남구 개포로88길 6, 2층 3호 (개포동)",37.4890141856016,127.069032228106
SRC03_C0297824296,주식회사 도타이파크,"서울특별시 강남구 자곡로 204-25, 1층 (자곡동)",37.4732283306185,127.103778878303
SRC03_C0297824333,한세재가노인복지센터,서울특별시 중랑구 신내로 50-5 (신내동),37.6037610653226,127.096204145256
SRC03_C0297824335,'실버랩,"서울특별시 중랑구 용마산로125가길 47, 202호 (신내동)",37.6048871404083,127.098043500102
SRC03_C0297824341,주식회사 도타이파크,"서울특별시 강남구 자곡로 204-25, L층 (자곡동)",37.4732283306185,127.103778878303
SRC03_C0297830774,A+선담방문요양센터,"서울특별시 성북구 보문로 150, 202호 (삼선동5가)",37.5883031441075,127.017788026247
SRC03_C0297830780,더그린방문요양복지용구센터,"서울특별시 송파구 마천로51길 25, 1층 151 외 4호 (마천동, 한보아파트상가)",37.4973456347844,127.151885134589
SRC03_C0297830855,케어로그 재가복지센터,"서울특별시 성북구 월곡로5나길 2-1, 1층 (종암동)",37.5979117186109,127.038713685401
SRC03_C0297834000,두드림복지재가센터,"서울특별시 양천구 남부순환로70길 12, 1층 (신월동)",37.5219574523895,126.83546731137
SRC03_C0297834183,엠케어노인재가복지센터,"서울특별시 관악구 봉천로 445, 3층 (봉천동)",37.4827442606301,126.949514952344
SRC03_C0297850315,홍익인간방문요양센터,서울특별시 은평구 갈현로33길 10-1 (갈현동),37.6207198372673,126.915195467982
SRC03_C0297850417,가온누리 재가복지센터,"서울특별시 강동구 상암로15길 18, 1층 (암사동, 흥복빌리지)",37.549488085048,127.131262126653
SRC03_C0297850597,강동어르신가정돌봄센터,"서울특별시 강동구 풍성로 136, 110호 (성내동)",37.5312770529116,127.127008055107
SRC03_C0297850598,샬롬 재가복지센터,"서울특별시 강동구 풍성로56길 42, 103호 (성내동)",37.5273656353072,127.134409004639
SRC03_C0297856897,늘봄재가노인복지센터,"서울특별시 강서구 방화대로48길 40, 상가동 305호 (방화동, 도시개발공사아파트)",37.5742556295155,126.820167898164
SRC03_C0297857007,가람재가복지센터,"서울특별시 금천구 독산로70길 25, 104호 (독산동)",37.4667394695733,126.903271884869
SRC03_C0297857071,케어닥 방문요양돌봄센터 상도파트너점,"서울특별시 동작구 상도로 407-5 (상도동, 305호)",37.4934139745239,126.956974422755
SRC03_C0297857076,동작어르신재가센터,"서울특별시 동작구 사당로 282 (사당동, 5층)",37.4840759408972,126.978942886093
SRC03_C0297857167,우리어르신재가복지센터,"서울특별시 영등포구 양평로18길 10, 103호 (양평동4가)",37.5373788662145,126.897223690028
SRC03_C0298013741,현대재가노인복지센터,"서울특별시 동대문구 한천로 443, 1층 (이문동)",37.6001267988215,127.067390282699
SRC03_C0298035414,찐 사랑나눔재가센터,서울특별시 중랑구 면목로35길 25 (면목동),37.5785116434136,127.084464221223
SRC03_C0298229293,동아의료기,"서울특별시 중랑구 동일로 786, 103호 (중화동, 두암빌딩)",37.6007172825148,127.079986029401
SRC03_C0298285837,꿈에그린 돌봄통합 재가어르신복지센터,"서울특별시 양천구 월정로27길 10, 1층 좌측호 (신월동)",37.5323602574499,126.835746088465
SRC03_C0299279442,스마일재가복지센터,"서울특별시 영등포구 문래북로 108, B101호 (문래동3가, 문래동 태영 데시앙)",37.5196038121898,126.897317530084
SRC03_C0299540847,아라사회복지센터,"서울특별시 송파구 마천로 229, 202호 (마천동)",37.5003696919537,127.143441621266
SRC03_C0300065207,베들레헴데이케어센터,서울특별시 도봉구 우이천로45길 22-9 (쌍문동),37.6547431908291,127.014774262655
SRC03_C0300272065,보살핌 재가센터,"서울특별시 강남구 테헤란로 151, 8층 816호 (역삼동)",37.5009805027604,127.036135772428
SRC03_C0300272698,삼성 재가복지센터,"서울특별시 강남구 영동대로106길 23, 4층 (삼성동)",37.5138886254854,127.062874998047
SRC03_C0300489772,장솔노인복지센터,"서울특별시 동작구 상도로15길 126, 2층 (상도동)",37.504647785407,126.937716330956
SRC03_C0301194980,서울현대방문요양센터,"서울특별시 영등포구 선유로54길 13, 1층 (당산동6가)",37.5360157698006,126.90008957334
SRC03_C0301254400,아이레네주야간보호센터,"서울특별시 구로구 남부순환로 1291, 8층 (가리봉동, 영진오피스 B동)",37.478889496799,126.894328055278
SRC03_C0301837377,해피움데이케어센,"서울특별시 중구 충무로 56, 3층 4층 (을지로3가)",37.5660897136877,126.992870988398
SRC03_C0302123626,든든재가복지센터,"서울특별시 서대문구 응암로 116-10, 4층 501호 (북가좌동)",37.5826227834322,126.914033307129
SRC03_C0302440660,다사랑방문요양센터,"서울특별시 강동구 구천면로47길 29-2, 1층 104호 (암사동)",37.5493869681897,127.134407798599
SRC03_C0302683182,더함재가복지센터,"서울특별시 종로구 지봉로 81, 2층 202호 (창신동, 브라운스톤 창신)",37.5773757358987,127.015049677272
SRC03_C0304052614,돌봄플러스센터,"서울특별시 광진구 긴고랑로 41, 4층 (중곡동)",37.5630110690334,127.080913203054
SRC03_C0304571093,샬롬나눔재가복지,"서울특별시 영등포구 신길로61길 19, 405호 (영등포동)",37.514919268648,126.909252862616
SRC03_C0604926081,이레 재가방문요양센터,"서울특별시 강동구 양재대로 1367, B2호 (성내동)",37.5283077805775,127.135932437159
SRC03_C0604973337,미소재가복지센터,"서울특별시 관악구 인헌길 68, 204호 (봉천동)",37.4723656704257,126.966353193028
SRC03_C0605248736,A성북희망데이케어센터,"서울특별시 성북구 동소문로 190, 302호, 402호 (돈암동)",37.5988985312292,127.022090691445
SRC03_C0605398338,한양실버복지센터,"서울특별시 강서구 강서로17길 144, 1층 (화곡동)",37.5318999500845,126.837842294057
SRC03_C0605410225,천사가족(+)재가센터,"서울특별시 강서구 공항대로41길 66, 3층 304호 (등촌동, 세신등촌종합상가)",37.5606317523438,126.846579308762
SRC03_C0605490585,가자 하나로 재가복지센터,"서울특별시 양천구 은행정로7길 23, 102호 (신정동, 도양빌리지)",37.5220448249208,126.857043819183
SRC03_C0605516315,은해재가복지센터,"서울특별시 관악구 조원로16길 27, rk동 24호 (신림동)",37.4831452264323,126.911421208639
SRC03_C0605776123,돌곶이데이케어센터,서울특별시 성북구 화랑로30길 19 (석관동),37.6096845922933,127.055631095447
SRC03_C0605789568,한마음재가센터,"서울특별시 송파구 올림픽로35가길 11, 611호 (신천동, 한신잠실코아)",37.5163298028991,127.104060465697
SRC03_C0605859094,이화의료기,"서울특별시 양천구 목동동로 431, 103동 (목동)",37.5371633445804,126.884360341781
SRC03_C0606101769,우리들재가복지센터,"서울특별시 은평구 증산서길 88, 2층 (증산동)",37.5840489255867,126.907198478811
SRC03_C0606437828,정다운재가복지센터,"서울특별시 관악구 신림로 206, 2층 (신림동, 태영빌딩)",37.4756288046285,126.937446935701
SRC03_C0606697111,한마음노인주야간보호센터,"서울특별시 관악구 관악로 260, 지하2층 (봉천동, 에스클래스)",37.487204410587,126.957975264525
SRC03_C0607068530,행복나눔 재가복지센터,"서울특별시 성동구 청계천로 494, 121동 2층 212,213호 (하왕십리동)",37.5695992496329,127.032167915208
SRC03_C0607380688,허니재가방문요양센터,"서울특별시 강남구 개포로 642, 3층 303호 (일원동)",37.494574314355,127.083141311669
SRC03_C0607386538,영희재가요양센터,"서울특별시 성동구 무수막길 54, B01호 (금호동2가)",37.5512022276606,127.022039940376
SRC03_C0607592262,문화촌데이케어센터,"서울특별시 서대문구 세검정로 95, 2층, 3층 (홍제동)",37.5961619307968,126.948818464061
SRC03_C0607661206,온누리 재가노인복지센터,"서울특별시 성동구 금호산2길 6-1, 102호 (금호동3가)",37.5486958852214,127.020221575898
SRC03_C0607681658,미래방문요양센터,서울특별시 용산구 한강대로102길 21 (동자동),37.5496744283322,126.973274928105
SRC03_C0607715081,새빛요양간호재가복지센터,"서울특별시 송파구 오금로 191, 201호 (방이동)",37.5086841058868,127.115642309072
SRC03_C0607731274,송파365데이케어센터,"서울특별시 송파구 거마로 12, 2층 (거여동)",37.4939024396114,127.145001973053
SRC03_C0607759491,(주)굿가이버 의료기기,"서울특별시 송파구 문정로 7, 2층 (문정동)",37.4863147947562,127.123682750013
SRC03_C0607940262,효엔재가복지센터,"서울특별시 강북구 삼양로 248, 1층 (미아동)",37.6256268972527,127.018488489122
SRC03_C0607940364,비타민재가복지센터,서울특별시 강북구 오현로9길 110 (미아동),37.6214844114638,127.03301568129
SRC03_C0607964445,가온재가복지센터,"서울특별시 중랑구 면목로44마길 2, 1층 (면목동)",37.5810307734124,127.092117936586
SRC03_C0607964761,다정방문요양센터,"서울특별시 은평구 서오릉로25길 16, 지하층 좌호 (구산동)",37.6170896811433,126.904928114845
SRC03_C0607968835,빠른케어 성동사업소,"서울특별시 성동구 왕십리로28길 8-1, B1층 (도선동)",37.5643249398509,127.031724784669
SRC03_C0607987886,행복한재가노인복지센터,"서울특별시 동작구 만양로8길 68, 1층 (노량진동)",37.5104527132174,126.945805667761
SRC03_C0608005900,정성재가복지센터,"서울특별시 성북구 보문로 40, 605호 (보문동7가)",37.5792691693574,127.022927055504
SRC03_C0608014204,한마음재가복지센터,"서울특별시 관악구 신사로20길 6, 202호 (신림동)",37.4887712311716,126.917034616272
SRC03_C0608018525,금빛재가복지센터,"서울특별시 성북구 화랑로11길 26, 상가1층 185호, 186호 (하월곡동, 월곡갑을명가)",37.6032954435101,127.04203446379
SRC03_C0608041599,강남드림재가센터,"서울특별시 강남구 개포로 516, 208호 (개포동, 주공6단지 상가)",37.4891406792843,127.070871480537
SRC03_C0608041941,효신재가복지센터,"서울특별시 성북구 돌곶이로15길 27, 102호 (석관동)",37.6076122643788,127.058351458601
SRC03_C0608041948,효신재가복지센터,"서울특별시 성북구 돌곶이로15길 27, 103호 (석관동)",37.6076122643788,127.058351458601
SRC03_C0608041949,한마음재가복지센터,"서울특별시 성북구 돌곶이로22길 41, 1층 (석관동)",37.6106206424997,127.060195479319
SRC03_C0608045656,백세재가복지센터,"서울특별시 강동구 성안로9길 16, 201호 (성내동)",37.5293336240422,127.13045217355
SRC03_C0608045995,청연재가복지센터,"서울특별시 광진구 광나루로 486, 507호 (구의동, 센트럴빌)",37.5447487723978,127.083211259101
SRC03_C0608046007,해피나눔 재가복지센터,"서울특별시 광진구 구의로 43, 1층 101호 (구의동)",37.5418770303255,127.089834069656
SRC03_C0608048192,사랑마을재가복지센터,"서울특별시 도봉구 노해로69길 26, 303호 (창동)",37.6536805907236,127.05093802275
SRC03_C0608048264,100세돌봄센터,"서울특별시 중랑구 면목로38나길 22, 1층 (면목동)",37.5784557132442,127.088613576029
SRC03_C0608048615,스마일재가노인복지센터,"서울특별시 중구 다산로 104, 305호 (신당동, 현대빌딩)",37.5531766073037,127.009872717914
SRC03_C0608048623,관악진성재가복지센터,"서울특별시 관악구 조원로18길 3, 4층 (신림동)",37.4841628461013,126.911689782044
SRC03_C0608048832,서울재가노인복지센터,서울특별시 은평구 은평로16나길 3-15 (응암동),37.5987864987253,126.928350084221
SRC03_C0608048833,신복지고향마을재가센터,"서울특별시 은평구 서오릉로8길 3, 2층 (대조동, 백마빌딩)",37.6079188585605,126.921978216889
SRC03_C0608049081,가인재가복지센터,"서울특별시 영등포구 버드나루로 66, 303호 (영등포동7가, 대일빌딩)",37.5243881405695,126.910265640927
SRC03_C0608049091,이도컴퍼니 복지용구 쇼룸,"서울특별시 영등포구 양평로 157, 제지1층 제비106호 (양평동5가)",37.5391974431024,126.890311426509
SRC03_C0608049134,다올 재가복지센터,서울특별시 영등포구 여의대방로 379 (여의도동),37.5191340498827,126.930928156399
SRC03_C0608063281,연세휴데이케어센터,"서울특별시 양천구 남부순환로 434, 2층, 3층 일부층 (신월동)",37.5291048457943,126.832469868899
SRC03_C0608063320,따뜻한 손길,"서울특별시 양천구 오목로30길 27, 1층 (신정동)",37.5226595607703,126.85466682188
SRC03_C0608063322,목동효사랑데이케어센터 방문요양센터,"서울특별시 양천구 오목로 193, 3층 (신정동)",37.5255837202815,126.858867366666
SRC03_C0608063363,따뜻한세상재가복지센터,"서울특별시 구로구 새말로 93, 2층 204호 (구로동, 신도림태영타운 제상가2동)",37.5062405640767,126.889132088222
SRC03_C0608063572,한결처럼재가복지센터,"서울특별시 성북구 정릉로 251, 5층 505호 (정릉동)",37.6047223777771,127.0119196884
SRC03_C0608063633,가은재가센터,"서울특별시 강북구 삼양로97길 5, 1층 (수유동)",37.638509252656,127.016893935141
SRC03_C0608064123,더편한실버센터,"서울특별시 구로구 경인로 236, 103동 802호 (오류동)",37.4970817178682,126.846918620144
SRC03_C0608070189,보드미재가복지센터,"서울특별시 용산구 효창원로37다길 1 (용문동, 2층)",37.5374689168426,126.958502054512
SRC03_C0608070239,보드미재가복지센터,"서울특별시 용산구 원효로 68, 3층 301-2호 (원효로4가)",37.5325087867384,126.951339390885
SRC03_C0608070319,서울덕수재가복지센터,"서울특별시 영등포구 당산로 84, 4층 (당산동1가)",37.5221336135431,126.896043126611
SRC03_C0608070522,맑은샘복지센터,서울특별시 성북구 화랑로40길 22-23 (석관동),37.61231357086,127.063350780077
SRC03_C0608070673,참사랑 재가복지센터,"서울특별시 중랑구 겸재로30길 15, 1층 (면목동)",37.5869202788873,127.084553542453
SRC03_C0608070832,다사랑노인재가센터,서울특별시 성북구 돌곶이로8가길 29 (석관동),37.6081479616234,127.061257613067
SRC03_C0608071131,실버벨방문요양센터,"서울특별시 은평구 수색로 260, 3층 (수색동)",37.5824399052983,126.895521529423
SRC03_C0608071142,보아드림노인복지센터,"서울특별시 은평구 통일로 780, 상가동 3층 4호 (불광동, 미성아파트)",37.6158621924384,126.928432696242
SRC03_C0608071149,스마일시니어 가온재가복지센터,"서울특별시 은평구 은평로11길 5, 2층 좌측호 (응암동)",37.6013025125538,126.923327506583
SRC03_C0608074198,참돌봄 재가노인복지센터,"서울특별시 동작구 사당로17길 8 (사당동, 223호, 226호)",37.4841015150633,126.974314762616
SRC03_C0608074332,온유재가복지센터,"서울특별시 서대문구 통일로34길 35, 1동 2층 15-16호호 (홍제동)",37.5863090730038,126.949729612731
SRC03_C0608074432,한소망방문요양복지센터,"서울특별시 금천구 독산로 45, 1층 (시흥동)",37.4513353172404,126.90572519036
SRC03_C0608074813,아리아케어 방문요양 도봉 쌍문센터,"서울특별시 도봉구 노해로 137, 4층 (쌍문동)",37.6472417886518,127.025356050261
SRC03_C0608074988,우리동네 방문요양센터,"서울특별시 도봉구 시루봉로 56, 1층 108호 (쌍문동)",37.6558426422301,127.028218971963
SRC03_C0608078231,미래다나재가복지센터,서울특별시 구로구 구로중앙로7길 35-2 (구로동),37.490231741077,126.890560708344
SRC03_C0608078477,희망샘복지센터,"서울특별시 중랑구 봉화산로27길 32, 상가동 203호 (중화동, 극동아파트)",37.6035511005784,127.083719618544
SRC03_C0608078485,성산방문요양센터,"서울특별시 마포구 월드컵로 161, 4층 (망원동)",37.561962341184,126.904422786724
SRC03_C0608078513,더나은노인재가복지센터,"서울특별시 양천구 목동로23길 25, 1층 101호 (신정동)",37.5275547408495,126.860603836197
SRC03_C0608078514,사랑재가방문요양센터,"서울특별시 강북구 한천로109가길 37, 3층 (번동)",37.6269348767496,127.04371777082
SRC03_C0608078765,참사랑전문케어,"서울특별시 영등포구 대림로 167, 4층 401호 (대림동)",37.4957877548093,126.899219751579
SRC03_C0608078791,(A+)성산방문요양센터,"서울특별시 마포구 월드컵로 161, 4층 (망원동, 금풍빌딩)",37.561962341184,126.904422786724
SRC03_C0608078868,강남고운재가노인복지센터,"서울특별시 강남구 언주로 3 (개포동, 개포6차우성아파트상가 201호)",37.4767921771121,127.055925867398
SRC03_C0608079049,청신호 방문요양센터,"서울특별시 강남구 자곡로3길 21, 502동 1134호 (자곡동, 엘에이치강남힐스테이트)",37.4718526866405,127.088231183221
SRC03_C0608082290,구립연희안산데이케어센터,서울특별시 서대문구 연희로29길 5 (연희동),37.5747430749156,126.935075622169
SRC03_C0608082350,은희재가복지센터,"서울특별시 강서구 공항대로 351-21, 상가동 205호 (등촌동, 진로아파트)",37.5605993113597,126.847618943195
SRC03_C0608082509,다온복지용구,"서울특별시 중구 소공로 116, 6층 605호 (소공동)",37.5647761159474,126.978972597873
SRC03_C0608082854,다온 복지용구,"서울특별시 중구 소공로 116, 6층 605호 (소공동)",37.5647761159474,126.978972597873
SRC03_C0608087349,목동재가노인복지센터,"서울특별시 양천구 목동중앙북로 57, 103호 (목동, 나사렛성결회 총회본부 )",37.5473947544752,126.869513189676
SRC03_C0608087356,양천효사랑재가복지센터,"서울특별시 양천구 신월로 255, 4층 (신월동, 가인빌딩)",37.5227446898637,126.849757986876
SRC03_C0608087542,해솔 메디칼,"서울특별시 동대문구 약령시로17길 59-18, 1층 (제기동)",37.5857785869924,127.041661857439
SRC03_C0608087676,효누리재가복지센터,"서울특별시 은평구 갈현로23길 15, 202호 (갈현동, 데미안빌)",37.6167997349269,126.912366112064
SRC03_C0608087680,또바기재가복지센터,"서울특별시 은평구 통일로72길 13, 1층 (불광동)",37.6170376900431,126.9250596223
SRC03_C0608087913,예스재가복지센터,"서울특별시 관악구 청룡길 102, 103호 (봉천동)",37.4772848465806,126.945417428528
SRC03_C0608091356,우리집방문요양센터,"서울특별시 송파구 마천로51길 37, 2층 (마천동)",37.4971640915794,127.153411869985
SRC03_C0608091364,브니엘 복지센터,"서울특별시 송파구 송파대로24길 12, 305호 (가락동, 가락한신상가)",37.4901355297093,127.122023798641
SRC03_C0608092038,건강한 재가복지센터,"서울특별시 서대문구 통일로39길 43, 1층 (홍제동)",37.5872519796295,126.942467971759
SRC03_C0608095169,효마을 중랑주간센터,"서울특별시 중랑구 용마공원로3길 24-10, 지층 (망우동)",37.5955420359146,127.102118419357
SRC03_C0608095193,아리아케어 방문요양 동작상도센터,"서울특별시 동작구 상도로 143 (상도동, 3층)",37.5028598563155,126.935415789527
SRC03_C0608095348,새날재가복지센터,"서울특별시 구로구 중앙로15길 73, 1층 (고척동)",37.5066837717226,126.855759238199
SRC03_C0608095353,가가케어재가노인복지센터,"서울특별시 구로구 경인로38길 12, 105호 (개봉동)",37.4966754401074,126.857270300757
SRC03_C0608095662,큰사랑나눔방문요양센터,"서울특별시 마포구 토정로32길 11, 404호 (토정동, 한강삼성아파트구매시설동)",37.5398472210499,126.940986623851
SRC03_C0608095878,미노메딕스,"서울특별시 관악구 난곡로24길 18, 101호 (신림동)",37.4694551204416,126.920831736882
SRC03_C0608095895,참사랑의료기,"서울특별시 구로구 개봉로12길 27, 1층 (개봉동)",37.488299244555,126.857952910804
SRC03_C0608095921,수석데이케어센터,"서울특별시 종로구 지봉로 82, 2층 (숭인동)",37.5774173693039,127.015684435064
SRC03_C0608098206,A+굿뉴스 재가복지센터,서울특별시 양천구 목동중앙북로20길 19 (목동),37.545400898359,126.875829528989
SRC03_C0608098210,온누리재가복지센터,"서울특별시 양천구 목동중앙남로16마길 60, 101호 (목동, 하늘채)",37.5460734243587,126.863755241715
SRC03_C0608098490,(주)사랑케어,"서울특별시 도봉구 노해로66길 107, 2층 (창동)",37.6466052486743,127.048836134228
SRC03_C0608098922,상일데이케어센터,"서울특별시 광진구 자양로 42, 지하1층,2,5층 (자양동)",37.5319692640161,127.086094632545
SRC03_C0608099130,오월방문요양센터,"서울특별시 은평구 응암로16길 20-34, 1층 (응암동)",37.5905798724285,126.918961737097
SRC03_C0608099135,오월방문요양센터,"서울특별시 은평구 응암로14길 14, 1층 1호,2호 (응암동)",37.589972460843,126.918884836155
SRC03_C0608104256,동행재가노인복지센터,"서울특별시 강서구 금낭화로 287-19, 상가1동 201호 (방화동)",37.5768038501964,126.810286852537
SRC03_C0608104262,강서온마음재가센터,"서울특별시 강서구 가로공원로76길 43, 2층 (화곡동)",37.5352507105243,126.837799512204
SRC03_C0608104368,서울의료복지사회적협동조합 우리네 노인복지센터,"서울특별시 영등포구 대림로 76, 301호 (대림동, 동화빌딩)",37.4894596192584,126.905765382908
SRC03_C0608104584,연세재가방문요양센터,"서울특별시 송파구 오금로36길 29, 301호 (가락동, 광명빌딩)",37.5011009238079,127.1241303226
SRC03_C0608104585,행복재가노인복지센터,"서울특별시 송파구 송이로23길 46-33, 1층 (가락동)",37.4972996960433,127.127657725471
SRC03_C0608104597,한백메드,"서울특별시 송파구 송이로 79, 101호 (가락동, 진성빌딩)",37.4989869659618,127.120139452514
SRC03_C0608104976,원케어 재가복지센터,"서울특별시 동작구 알마타길 37 (대방동, 대방1차e-편한세상 ,상가동 104호)",37.5126598875852,126.929552613479
SRC03_C0608104978,고은빛 방문요양 노인복지센터,"서울특별시 동작구 사당로17길 8 (사당동, 125호)",37.4841015150633,126.974314762616
SRC03_C0608109606,효심방문요양센터,"서울특별시 중랑구 겸재로50길 33, 1층 (면목동)",37.5888550968345,127.092218497439
SRC03_C0608109607,보배재가복지센터,"서울특별시 중랑구 봉우재로70길 103, 1층 (망우동)",37.5909845025785,127.096939751332
SRC03_C0608109609,예담,"서울특별시 중랑구 상봉중앙로 44-1, 1호 (상봉동)",37.6011758771161,127.087613180377
SRC03_C0608109611,생생재가복지센터,"서울특별시 중랑구 동일로123길 14, 1층 (중화동)",37.5977330167306,127.079324925763
SRC03_C0608109876,세반주간보호센터,"서울특별시 강서구 강서로74길 36, 4층 (가양동)",37.566860235203,126.842805327669
SRC03_C0608109931,늘봄재가센터,"서울특별시 구로구 고척로 201, 4층 (고척동)",37.5052565004316,126.855693560266
SRC03_C0608110053,금천둥지방문요양센터,"서울특별시 금천구 독산로 64, 2층 201호 (시흥동)",37.4529271229822,126.906273819507
SRC03_C0608110058,가가월드재가센터,"서울특별시 금천구 시흥대로64길 27, 301호 (시흥동, 우림메르디앙)",37.4564451614112,126.900582063545
SRC03_C0608114206,라파노인복지방문센터,서울특별시 관악구 난우10길 18 (신림동),37.4760634509541,126.918653799931
SRC03_C0608114225,미소재가복지센터,"서울특별시 구로구 구일로8길 92, 105호 (구로동, 중앙구로하이츠)",37.4977393734277,126.876310284198
SRC03_C0608114253,케어닥 재가방문요양돌봄센터 방배파트너점,"서울특별시 서초구 방배로 227, 409호 (방배동, 영춘빌딩 )",37.4934319057721,126.98974242577
SRC03_C0608115013,섬김재가복지센터,"서울특별시 도봉구 시루봉로17길 28, 1층 (방학동)",37.6691354418276,127.033418981019
SRC03_C0608118153,도우누리복지용구,"서울특별시 광진구 능동로48길 18, 1층 (중곡동, 도우누리복지용구)",37.5624963493241,127.083473660545
SRC03_C0608118178,반짝반짝재가방문복지센터,"서울특별시 은평구 불광로2길 7, 상가동 213호 (불광동, 북한산현대홈타운아파트)",37.6122202755098,126.932666195356
SRC03_C0608118507,늘푸른재가복지센터,"서울특별시 양천구 목동남로4길 6-23, 1층 102호 (신정동, 목동2차우성 A상가)",37.5076005082727,126.865109117285
SRC03_C0608118542,초롱이 방문요양센터,서울특별시 양천구 신목로5길 14 (신정동),37.5178753414884,126.872461861925
SRC03_C0608119030,기쁨데이케어센터,"서울특별시 도봉구 방학로 102, 2층 (방학동)",37.6631015767575,127.041111377118
SRC03_C0608119051,케어닥 재가방문요양돌봄센터 명일파트너점,"서울특별시 강동구 구천면로 389-1, 201호 (명일동)",37.5508613713672,127.142019298168
SRC03_C0608119074,기대재가노인복지센터,"서울특별시 영등포구 도림로61길 15-1, 1층 (대림동)",37.4982175697914,126.902090476433
SRC03_C0608119116,든든재가방문요양센터,"서울특별시 강서구 강서로45길 92-32, 1층 (내발산동)",37.5491782382615,126.83383203023
SRC03_C0608119283,동작조아 재가노인복지센터,서울특별시 동작구 성대로1길 17-2 (상도동),37.5011528370875,126.933995927872
SRC03_C0608119389,양지방문요양센터,서울특별시 성북구 동소문로23길 16-22 (동선동4가),37.5949248781419,127.017902495752
SRC03_C0608119416,샤인재가복지센터,"서울특별시 영등포구 도신로40길 11, B01호 (신길동)",37.509297492323,126.909537338115
SRC03_C0608119482,가운재가복지센터,"서울특별시 동대문구 제기로2가길 7, 2층 (제기동)",37.5852633883279,127.034734863923
SRC03_C0608119514,퍼스트복지용구,"서울특별시 동대문구 고산자로 410, 403호 (용두동)",37.5762685931865,127.038769042278
SRC03_C0608119957,라파엘방문요양센터,"서울특별시 구로구 신도림로11길 9-34, 1층 (신도림동)",37.5079397940696,126.879409742154
SRC03_C0608120040,성북힐 병설 데이케어,서울특별시 성북구 성북로31가길 21 (성북동),37.595397457251,126.988732893717
SRC03_C0608122223,(사)미션앤컬처 재가노인지원센터,"서울특별시 관악구 관천로 93, 2층 (신림동)",37.4867916376585,126.922489703847
SRC03_C0608129303,실버도움재가복지센터,"서울특별시 은평구 연서로18길 3, 3층 301호 (대조동)",37.6124481793053,126.917932267474
SRC03_C0608129317,헤븐리재가노인복지센터,"서울특별시 중구 수표로 28, 302호 (저동2가)",37.563699012064,126.990357698264
SRC03_C0608129383,해바라기방문간호복지센터,"서울특별시 도봉구 마들로 724, 241호 (도봉동, 도봉한양수자인)",37.6745440831023,127.047662295599
SRC03_C0608129441,(A+)다연 재가복지센터,"서울특별시 도봉구 덕릉로 398, 205호 (창동)",37.6457766496227,127.053131863482
SRC03_C0608129492,포시즌재가복지센터,"서울특별시 중구 퇴계로 459, 306호 (황학동)",37.5655463150205,127.022819734246
SRC03_C0608129946,브라보시니어케어 통합센터,"서울특별시 강남구 선릉로90길 34, 8층 (대치동, 우진빌딩)",37.5046482580704,127.051992781999
SRC03_C0608134444,라엘재가노인복지센터,서울특별시 동작구 장승배기로20가길 4 (노량진동),37.5082300966592,126.940524052993
SRC03_C0608134449,봄날패밀리재가복지센터,서울특별시 서초구 전원말2길 23 (방배동),37.4641689523295,126.990078071425
SRC03_C0608134713,(주)대교뉴이프 방문요양센터 보라매센터,서울특별시 관악구 보라매로3길 23 (봉천동),37.491042929326,126.925536443215
SRC03_C0608134763,서울조은주간보호센터,"서울특별시 금천구 시흥대로152길 11-43, 2층 (독산동)",37.4785459548905,126.900571559567
SRC03_C0608135002,가나방문요양센터,"서울특별시 중랑구 면목로35길 25, 1층 (면목동)",37.5785116434136,127.084464221223
SRC03_C0608135016,예사랑방문요양센터,"서울특별시 중랑구 용마산로115가길 24, 1층 (망우동)",37.5974782869387,127.09641528232
SRC03_C0608138543,가드림방문간호요양복지센터,"서울특별시 구로구 도림천로 380, 지층 (구로동)",37.4909761348346,126.8952112282
SRC03_C0608138592,가가호호노인요양센터,"서울특별시 구로구 신도림로11가길 36, 상가동 205호 (신도림동, 미성아파트)",37.5062639135488,126.876347681148
SRC03_C0608140323,돌봄방문요양센터,"서울특별시 도봉구 방학로 193, 206호 (방학동, 신동아아파트)",37.6609324564424,127.027892798566
SRC03_C0608140421,천사재가방문요양센터,"서울특별시 강북구 도봉로65길 12, 2층 (미아동)",37.6298547128192,127.023864734825
SRC03_C0608140494,(주)케어링방문요양센터서울도봉점,"서울특별시 도봉구 마들로 676-1, 2층 (도봉동)",37.6705117383521,127.046560355706
SRC03_C0608140519,나로재가복지센터,"서울특별시 종로구 통일로 266, 1층 105호 (무악동)",37.5758473655224,126.956783269179
SRC03_C0608140591,아리아케어 강서화곡 재가노인복지센터,"서울특별시 강서구 까치산로 106, 605호 (화곡동)",37.5475444670864,126.849281947719
SRC03_C0608140856,가족처럼 방문복지센터,"서울특별시 도봉구 노해로48길 75, 102호 (쌍문동, 리치빌)",37.6504656525992,127.032480617398
SRC03_C0608140939,(주)대교뉴이프 방문요양센터 은평센터,"서울특별시 은평구 연서로 72, 103호 (역촌동)",37.6055751511888,126.915741424956
SRC03_C0608140968,우리동네재가복지센터,"서울특별시 양천구 남부순환로77길 7-1, B01호 (신월동)",37.5187073725807,126.840603092503
SRC03_C0608140969,대한재가복지센터,"서울특별시 양천구 오목로 209, 207호 (신정동)",37.5258364321413,126.860672534943
SRC03_C0608140972,다솜재가복지센터,"서울특별시 양천구 목동중앙로13가길 11, 103호 (목동)",37.5453017667638,126.880970572395
SRC03_C0608142702,효사랑재가복지센터,"서울특별시 마포구 망원로7길 17, 501호 (망원동)",37.5582506114793,126.90533724911
SRC03_C0608142708,여러분의 재가복지센터,"서울특별시 마포구 성암로1길 17, 101호 (성산동)",37.5675511657278,126.912366679159
SRC03_C0608142734,시립강동실버케어센터 병설 데이케어센터,서울특별시 강동구 고덕로 185 (고덕동),37.5553030101673,127.146596070078
SRC03_C0608142738,(A+)하모니 주야간보호센터 천호점,"서울특별시 강동구 올림픽로 698 (천호동, 3층, 6~7층)",37.5434789166618,127.125421948079
SRC03_C0608144951,효벗재가요양센터,"서울특별시 영등포구 도림로 462, 2층 6호 (문래동3가, 국화상가)",37.5157785131531,126.892358225379
SRC03_C0608145003,큰딸방문요양센터,"서울특별시 구로구 중앙로15길 29, 302호 (고척동)",37.5063474598843,126.858167652089
SRC03_C0608145051,상록수방문요양센터,"서울특별시 성북구 종암로36길 41-13, 1층 다호 (하월곡동)",37.6065343166412,127.033619380391
SRC03_C0608145053,이룸방문요양센터,"서울특별시 성북구 동소문로11길 44, 1층 102호 (동소문동4가)",37.593289009152,127.011652791647
SRC03_C0608145118,서울복십자의원 병설 재가노인복지센터,"서울특별시 관악구 남부순환로 1533, 7층 (신림동)",37.4833099024156,126.920904632407
SRC03_C0608149883,간호사가여는 올래방문요양센터,"서울특별시 서대문구 세검정로1길 93 (홍은동, 홍은동벽산아파트 상가 에이동 213호)",37.5944921897087,126.945544019326
SRC03_C0608149886,행복드림노인복지센터,"서울특별시 서대문구 거북골로14길 5, 203호 (북가좌동)",37.5757315705006,126.913468417477
SRC03_C0608166495,로뎀홈케어,"서울특별시 은평구 녹번로7길 32-1, 1층 (녹번동)",37.6062310853294,126.928159705138
SRC03_C0608166667,강남효원재가복지센터,"서울특별시 강남구 도산대로26길 13, 205호 (논현동, YH빌딩)",37.5183283311382,127.027917682703
SRC03_C0608166937,두리가치재가노인복지센터,"서울특별시 용산구 두텁바위로1길 103-6 (후암동, 1층)",37.548665411425,126.975836621997
SRC03_C0608167006,실버소망복지센터,"서울특별시 송파구 성내천로6길 1-8, 1층 (오금동)",37.5035184414068,127.135734576989
SRC03_C0608167017,바름재가방문요양센터,"서울특별시 송파구 오금로 474, 1층 (거여동)",37.494167520984,127.141655635057
SRC03_C0608167023,메모리실버,"서울특별시 송파구 가락로 42, 102호 (석촌동)",37.4990183523398,127.101260351606
SRC03_C0608167038,다온재가복지센터,"서울특별시 관악구 남부순환로198길 10, 101호 (신림동)",37.4840776508445,126.936423093516
SRC03_C0608169226,백세방문요양센터,"서울특별시 송파구 양산로 12, 205호 (거여동)",37.489911262721,127.143590440057
SRC03_C0608169245,늘푸른방문요양센터,"서울특별시 송파구 충민로 52, B1층 1082-1호 (문정동, 가든파이브웍스)",37.4777176293094,127.122746043108
SRC03_C0608170025,토브재가복지센터,"서울특별시 중구 동호로 201, 3층 (신당동)",37.5558437753537,127.009452289
SRC03_C0608172161,스마일시니어 데이케어센터,"서울특별시 중랑구 용마산로 434, 2층 (면목동)",37.5899591743596,127.097376830817
SRC03_C0608172163,중랑제일주야간보호센터,"서울특별시 중랑구 용마산로112길 90, 2층 (망우동)",37.5988807341502,127.105413256553
SRC03_C0608172171,강동 프라임 데이케어센터,"서울특별시 강동구 성안로 61, 4층 (성내동)",37.529174300066,127.131127416661
SRC03_C0608172173,상봉은혜단기보호,"서울특별시 중랑구 망우로 262, 2층 (상봉동)",37.5950836210377,127.081747458018
SRC03_C0608172178,다솜재가복지센터,"서울특별시 중랑구 봉화산로 144, 상가동 202호 (상봉동)",37.6039164045966,127.090144627205
SRC03_C0608172189,개나리방문요양센터,"서울특별시 중랑구 면목로44가길 50, 1층 (면목동)",37.5833404957855,127.090099545591
SRC03_C0608172203,하나방문요양센터,"서울특별시 중랑구 용마산로70길 8, 103호 (면목동)",37.5817996414423,127.093996977667
SRC03_C0608172210,가디언엔젤스 재가복지센터,"서울특별시 중랑구 동일로152길 8, 102호 (묵동)",37.6082683516905,127.078836213025
SRC03_C0608172229,천호재가복지센터,"서울특별시 강동구 천중로16길 44, 103호 (천호동)",37.5431626766941,127.128595294885
SRC03_C0608172365,구로요양방문노인복지센터,"서울특별시 구로구 구로중앙로31길 34, 606호 (구로동)",37.498680625833,126.884930754004
SRC03_C0608172532,우리의료기,"서울특별시 성동구 무학봉길 93-1, 3층 (하왕십리동)",37.5624455539306,127.03204927837
SRC03_C0608175283,강서해드림재가복지센터,"서울특별시 강서구 개화동로25길 68, 102호 (방화동)",37.5649115231483,126.809437095218
SRC03_C0608175744,'(A+)우리방문요양센터,"서울특별시 성동구 무학봉길 93-1, 3층 (하왕십리동)",37.5624455539306,127.03204927837
SRC03_C0608175848,맑은재가노인복지센터,"서울특별시 강서구 강서로 466, 503호 (등촌동)",37.5668985748469,126.841425906814
SRC03_C0608176071,등불재가복지센터,"서울특별시 은평구 수색로 200, 제판매시설동 2층 227호 (증산동, DMC센트럴자이)",37.5794195375926,126.900673276716
SRC03_C0608176140,바른재가노인복지센터,"서울특별시 도봉구 방학로 135, 3층 (방학동)",37.6626190537922,127.037182436795
SRC03_C0608176149,은하재가노인복지센터,"서울특별시 은평구 진관3로 77, 916동 112호 (진관동, 은평뉴타운 구파발)",37.6447082905283,126.920876918142
SRC03_C0608179171,디딤돌 복지센터,"서울특별시 도봉구 마들로 735-8, 101동 10호 (도봉동, 현대성우아파트)",37.6761801985232,127.047817506991
SRC03_C0608179175,누리방문요양센터,"서울특별시 도봉구 노해로63다길 29, 2층 (창동)",37.6541905881093,127.046013918266
SRC03_C0608179470,단비재가복지센터,서울특별시 강북구 삼양로27길 52 (미아동),37.6189733899296,127.018396678843
SRC03_C0608179713,효도랑재가방문요양센터,"서울특별시 양천구 곰달래로6길 21, 2층 202호 (신월동)",37.5281821197169,126.836057312851
SRC03_C0608179730,해오름노인복지센터,"서울특별시 양천구 화곡로3가길 9, 103호 (신월동)",37.541718113835,126.828510620192
SRC03_C0608179772,한마음방문요양센터,"서울특별시 광진구 자양로43길 149, 1층 101호 (중곡동)",37.5571071751063,127.088721384055
SRC03_C0608179905,해가든재가노인복지센터,"서울특별시 강서구 송정로 38, 1층 106호 (공항동)",37.5582802266013,126.811081476579
SRC03_C0608180108,예사랑돌봄재활주야간보호센터,"서울특별시 도봉구 도봉로125길 94, 3층 (쌍문동)",37.6565975988284,127.037794684504
SRC03_C0608180144,(주)대교뉴이프데이케어센터 목동센터,"서울특별시 양천구 신목로 34, 5층 (신정동)",37.5186598291782,126.873958318272
SRC03_C0608186297,강원전자주식회사 복지용구센터 더돌봄,"서울특별시 용산구 원효로 153, 3층 301호 (원효로3가)",37.5349677812745,126.959927790082
SRC03_C0608186645,나눔방문요양센터,"서울특별시 중랑구 겸재로15길 21, 1층 (면목동)",37.5875526296695,127.080773664623
SRC03_C0608186654,우리동네재가센터,서울특별시 중랑구 겸재로61길 50 (망우동),37.5923466525628,127.094794353373
SRC03_C0608186658,한기묘복지센터,서울특별시 중랑구 용마산로 443-7 (망우동),37.5910973400582,127.097337212205
SRC03_C0608186704,굿데이케어센터,"서울특별시 광진구 용마산로 106, 지하1층, 2층 (중곡동)",37.5631219671887,127.087258923234
SRC03_C0608186945,뉴케어 재가요양센터,"서울특별시 강남구 영동대로 210, B1층 33호 (대치동, 쌍용종합상가)",37.4988556676427,127.071367051995
SRC03_C0608187146,돌봄대장재가노인복지센터,"서울특별시 동대문구 망우로21길 26, 101동 202호 (휘경동)",37.5905213231469,127.061632435756
SRC03_C0608187149,더드림데이케어센터,"서울특별시 동대문구 한빛로 12, 6층 (신설동)",37.5767579715876,127.024888817848
SRC03_C0608190150,동대문구방문요양센터,"서울특별시 동대문구 답십리로68길 97, 1층 (장안동)",37.568353595697,127.06746487865
SRC03_C0608190222,연세에이스 재가복지센터,"서울특별시 강남구 강남대로128길 38, 301호 (논현동)",37.5107005973986,127.025178700057
SRC03_C0608190855,우성재가복지센터,"서울특별시 도봉구 도봉로 481, 3층 (쌍문동)",37.6487875587321,127.034431508055
SRC03_C0608190938,동행재가복지센터,"서울특별시 도봉구 삼양로144길 3-10, 102호 (쌍문동)",37.6519038221657,127.013363211329
SRC03_C0608191148,하하재가복지센터,"서울특별시 도봉구 노해로41길 28, 1층 (쌍문동)",37.6498659687923,127.025881597716
SRC03_C0608194157,가왕(家王)재가복지센터,"서울특별시 광진구 뚝섬로49길 31, 1층 (자양동)",37.5336667798013,127.079363371954
SRC03_C0608194187,푸른재가복지센터,"서울특별시 도봉구 방학로 130-6, 1층 101호 (방학동)",37.6632716133697,127.037815521932
SRC03_C0608194306,우리재가복지센터,"서울특별시 종로구 지봉로5길 47, 104호 (창신동, 연화빌)",37.5756955395428,127.01375270057
SRC03_C0608194313,현대복지센터,"서울특별시 관악구 난곡로 189, 3층 (신림동, 명성빌딩)",37.4719251054279,126.919300280435
SRC03_C0608194325,이음재가복지센터,"서울특별시 관악구 쑥고개로 43-1, 102호 (봉천동, 그린오피스)",37.4794058820677,126.941402985142
SRC03_C0608194330,희망재가요양센터,"서울특별시 관악구 남부순환로143나길 34, 301호 (신림동)",37.4832154220374,126.912276004816
SRC03_C0608194388,바른케어재가복지센터,"서울특별시 은평구 진관3로 77, 916동 상가112호 (진관동, 은평뉴타운 구파발)",37.6447082905283,126.920876918142
SRC03_C0608194390,올사랑재가방문복지센터,"서울특별시 은평구 갈현로 326-1, 1층 (갈현동)",37.6256213278615,126.918174365034
SRC03_C0608194394,다사랑섬김재가복지센터,"서울특별시 은평구 녹번로3길 16-20, 지층 101호 (녹번동)",37.6069166107777,126.927216115738
SRC03_C0608194398,재가나눔복지용구센터,"서울특별시 은평구 불광로 20, 15층 제에이-016호 (대조동, 팜스퀘어)",37.6097357749976,126.928938477038
SRC03_C0608196234,브라보 시니어케어 광역센터,"서울특별시 송파구 가락로 99, 4층 1호 (석촌동)",37.5011513260496,127.106959641237
SRC03_C0608196264,굿케어,"서울특별시 금천구 시흥대로 328 (독산동, 2층 202호)",37.4628060951782,126.897904581243
SRC03_C0608196265,한결방문요양센터,"서울특별시 금천구 독산로 294 (독산동, 1층)",37.4729178477264,126.903455088918
SRC03_C0608196266,다사랑방문요양센터,"서울특별시 금천구 독산로 162 (시흥동, 지층)",37.4617246141653,126.904816822503
SRC03_C0608196267,금천재활노인복지센터,"서울특별시 금천구 범안로 1256 (독산동, 5층)",37.466308528102,126.901540911606
SRC03_C0608196961,진심간호요양센터,"서울특별시 송파구 문정로11길 12, 203호 (가락동)",37.4935135561732,127.13457764274
SRC03_C0608200226,중랑재가복지센터,"서울특별시 중랑구 봉우재로14길 13, 2층 (면목동)",37.5899827165898,127.078336958354
SRC03_C0608200233,가연복지센터,"서울특별시 중랑구 동일로149길 15, 3동 107-2호 (묵동)",37.6063799919913,127.077025836739
SRC03_C0608200292,케어더봄복지용구,"서울특별시 서초구 동작대로 38, 501호 (방배동)",37.4798163209229,126.982164120371
SRC03_C0608200294,케어더봄 재가복지센터,"서울특별시 서초구 동작대로 38, 502호 (방배동)",37.4798163209229,126.982164120371
SRC03_C0608200360,지우데이케어센터,"서울특별시 강서구 허준로 176, 1층 (가양동, 가양도시개발공사아파트)",37.5618457999562,126.856800747299
SRC03_C0608200364,가나방문요양센터,"서울특별시 강동구 풍성로37가길 12, 102호 (성내동)",37.5332488159993,127.126911835783
SRC03_C0608200366,참사랑 재가복지센터,"서울특별시 강동구 올림픽로 722, 302호 (천호동)",37.5456553401055,127.126210348398
SRC03_C0608200500,강서올리사랑재가복지센터,"서울특별시 강서구 강서로 322, 3층 (내발산동)",37.5543851459613,126.837162314798
SRC03_C0608200808,성북천사 방문재가복지센터,"서울특별시 성북구 솔샘로6길 41, 2층 1호 (정릉동)",37.6096344885074,127.007474630945
SRC03_C0608200984,덕수재가복지센터,"서울특별시 종로구 통일로12길 27, 1층 (무악동)",37.5739689638466,126.960623466097
SRC03_C0608206504,A+가득한재가복지센터,"서울특별시 은평구 진관4로 17, 818동 상가 104호 (진관동, 은평뉴타운 상림마을)",37.6436459287601,126.922900461734
SRC03_C0608206826,사랑복지센터,"서울특별시 서대문구 모래내로 323, 지층 3호 (홍은동)",37.5797775408214,126.93294606981
SRC03_C0608206833,가나안재가복지센터,"서울특별시 서대문구 수색로 43, 2층 5호 (남가좌동)",37.5697439855335,126.913435047526
SRC03_C0608206842,미소데이케어,"서울특별시 서대문구 응암로 145, 2층 (북가좌동)",37.5853376126155,126.914969106747
SRC03_C0608208492,치현재가복지센터,서울특별시 강서구 초록마을로 156-1 (화곡동),37.5364330332512,126.847283099928
SRC03_C0608208742,은총노인방문요양센터,"서울특별시 동대문구 전농로29길 104, 1층 (전농동)",37.5784104715693,127.056349785111
SRC03_C0608208826,더편한요양센터,"서울특별시 송파구 마천로39길 17, 1호 (마천동)",37.499221131268,127.1480818141
SRC03_C0608209020,영주재가복지센터,"서울특별시 양천구 남부순환로40가길 9-1, 1층 (신월동)",37.5337080275852,126.825909084666
SRC03_C0608209021,시니어사랑 재가복지센터,"서울특별시 양천구 목동중앙남로10길 16, 1층 (목동)",37.5382119452512,126.867322822041
SRC03_C0608209117,벧엘데이케어센터,"서울특별시 관악구 문성로 96, 4층 501호 (신림동)",37.477446537001,126.914369980953
SRC03_C0608211473,현대복지센터,"서울특별시 관악구 난곡로 189, 3층 (신림동)",37.4719251054279,126.919300280435
SRC03_C0608211555,굿모닝노인복지센터,"서울특별시 중랑구 신내로 112, A동 203호 (신내동)",37.6089131310348,127.095838287574
SRC03_C0608211581,'오케이'방문요양센터,"서울특별시 중랑구 겸재로54길 22, 1층 (면목동)",37.5882878426326,127.09174248732
SRC03_C0608211585,나래복지용구,"서울특별시 중랑구 면목로73가길 28, 103호 (면목동, 아이쉐르빌 아파트)",37.5901309248198,127.08647454055
SRC03_C0608211648,(心)심 방문요양센터,서울특별시 강동구 올림픽로71길 18-20 (천호동),37.5408179702562,127.123221226356
SRC03_C0608211649,하늘빛재가방문요양,"서울특별시 강동구 성안로 143, 310호 (천호동)",37.5361295093042,127.134390449855
SRC03_C0608211882,행복동행복지센터,"서울특별시 광진구 자양로28길 90, 102호 (구의동)",37.5414854671819,127.089225067234
SRC03_C0608215325,(A)비지팅엔젤스 동대문방문요양지점,"서울특별시 동대문구 고산자로34길 70, 501호 (용두동)",37.5782923121696,127.042196782039
SRC03_C0608215349,엔젤방문요양센터,"서울특별시 관악구 호암로 417, 상가동 308?311호 (신림동, 국제산장아파트)",37.4613351494786,126.927479872415
SRC03_C0608215826,강남동산 재가노인복지센터,"서울특별시 강남구 논현로16길 20-8, 201호 (개포동)",37.476327731529,127.048311565298
SRC03_C0608275187,삼혜재가복지센터,서울특별시 성북구 화랑로32길 127 (석관동),37.6054660749049,127.059676721553
SRC03_C0608275402,치유재가방문요양센터,"서울특별시 강동구 양재대로102길 4, 202호 (둔촌동, 제이디파크빌)",37.5324787872633,127.138565273914
SRC03_C0608276087,A+광진데이케어센터,"서울특별시 광진구 광나루로 562 (구의동, 경우빌딩 1관 3,4,5층)",37.5440638016099,127.09188199027
SRC03_C0608303746,(주)시니어텍 솔루션 송파지점,"서울특별시 송파구 오금로11길 47-16, 2층 204호 (방이동, 에비뉴잠실)",37.5161521248405,127.112984569339
SRC03_C0608303753,자혜연힐링케어복지센터,"서울특별시 송파구 오금로 484, 203호 (거여동)",37.4936484225286,127.142652924473
SRC03_C0608303765,잠실힐링데이케어,"서울특별시 송파구 백제고분로 187, 2층, 3층 (잠실동, 파크인-수)",37.5047452963849,127.087781639261
SRC03_C0608304110,재가복지센터 선택,"서울특별시 금천구 독산로36길 10, 1층 (시흥동)",37.458805742184,126.905773796238
SRC03_C0608304113,한양 간호요양센터,"서울특별시 금천구 시흥대로 315, 960동 108호 (독산동)",37.4609911113644,126.896265163559
SRC03_C0608328224,강북희망데이케어센터,"서울특별시 강북구 삼양로 412, 2층 (수유동)",37.64035712332,127.017233579868
SRC03_C0608328247,강남은혜재가요양센터,서울특별시 구로구 오류로8길 93 (오류동),37.4932917562674,126.84500683289
SRC03_C0608328252,이원건강의료기,"서울특별시 강동구 성안로 156, 106호 (길동)",37.5368756321635,127.135411566567
SRC03_C0608328498,케어링 방문요양센터 서울 관악점,"서울특별시 관악구 봉천로 295-1, 1층 (봉천동)",37.4871106117836,126.933936371684
SRC03_C0608328504,모자방문요양센터,"서울특별시 도봉구 도봉로 851, 106동 213호 (도봉동)",37.6803991475084,127.045004393783
SRC03_C0608328557,장수재가복지센터,"서울특별시 양천구 지양로14길 11, 102호 (신월동)",37.5238309933586,126.833026361485
SRC03_C0608328612,좋은사람들재가요양복지센터,"서울특별시 양천구 목동남로4길 22, 2층 201호 (신정동)",37.5087929776894,126.865495705853
SRC03_C0608328625,엠마오방문요양센터,"서울특별시 중랑구 동일로 720, 2층 (상봉동)",37.5944919701908,127.080523900517
SRC03_C0608328627,하나재가노인복지센터,"서울특별시 중랑구 중랑역로 233, 1층 (묵동)",37.6142683608405,127.075163443749
SRC03_C0608328629,사랑과섬김요양원단기보호,"서울특별시 중랑구 동일로 905, 2층 (묵동)",37.6111164065523,127.0772952912
SRC03_C0608328736,가치돌봄방문요양센터,"서울특별시 구로구 도림로3길 19, 102호 (구로동, 아트빌라6동)",37.4862105260689,126.886529566921
SRC03_C0608328900,천우재가복지센터,"서울특별시 강서구 허준로 176, 2층 205호 (가양동, 가양도시개발공사아파트)",37.5618457999562,126.856800747299
SRC03_C0608328905,서울큰나무재가복지센터,"서울특별시 강서구 화곡로31길 90, 3층 (화곡동)",37.5444114356851,126.838388788714
SRC03_C0608329104,방글재가방문요양센터,"서울특별시 영등포구 가마산로71길 9, 1층 (신길동)",37.5068308741745,126.909265934321
SRC03_C0608335217,광진재활데이케어센터,"서울특별시 광진구 용마산로 10, 2층 (중곡동)",37.5545352784401,127.088841013335
SRC03_C0608335259,지성재가복지센터,"서울특별시 마포구 큰우물로 75, 702호 (도화동, 성지빌딩)",37.5412654954538,126.946294819719
SRC03_C0608335631,복지플러스요양센터,"서울특별시 강북구 솔샘로 251, 지하1층 (미아동)",37.6197487724887,127.020622413695
SRC03_C0608335890,A+그린실버복지센터,"서울특별시 성북구 종암로 89, 1층 4호 (종암동)",37.5982566560169,127.034525637458
SRC03_C0608335895,선한이웃방문요양센터,"서울특별시 성북구 안암로9길 47, 1층 (안암동3가)",37.5817187779619,127.023902684787
SRC03_C0608336023,명지재가노인복지센터,"서울특별시 서대문구 명지길 85, 202호 (홍은동, 샤르망메종)",37.5814066605793,126.927808378566
SRC03_C0608336028,캥거루방문요양센터,"서울특별시 서대문구 증가로20가길 80, 1층 (북가좌동)",37.5825179360377,126.920100921372
SRC03_C0608336032,서대문재가복지센터,"서울특별시 서대문구 통일로 430, 2층 (홍제동)",37.5876937989938,126.945837802224
SRC03_C0608336140,우리들데이케어센터,"서울특별시 동작구 장승배기로 41 (상도동, 문민빌딩 2층 전체 )",37.5015702394747,126.940729621918
SRC03_C0608338564,은평시민데이케어센터,"서울특별시 은평구 연서로 209 (갈현동, 보성빌딩 5층 )",37.6173259520379,126.918847427928
SRC03_C0608338569,은평복지용구,"서울특별시 은평구 응암로 175-1, 3층 (응암동)",37.5877663736046,126.916420117532
SRC03_C0608350820,다온사랑재가복지센터,"서울특별시 성북구 돌곶이로14길 11, 1층 (석관동)",37.6085225642259,127.060263552686
SRC03_C0608350834,정함효센터,"서울특별시 광진구 능동로 358, 1층 (중곡동)",37.5611976255302,127.081969833379
SRC03_C0608356175,가구마다재가요양센터,"서울특별시 영등포구 영등포로 26, 1층 (양평동2가)",37.5228870961827,126.884384076646
SRC03_C0608356176,파인케어재가방문요양센터,"서울특별시 영등포구 버드나루로 135, 3층 301-2호 (당산동)",37.5301672344392,126.907092518769
SRC03_C0608356179,만사형통재가복지센터,"서울특별시 영등포구 문래로 98, 2층 204호 (문래동3가)",37.5192524813198,126.892722228176
SRC03_C0608358179,여명재가복지센터,"서울특별시 중랑구 겸재로 78, 2층 (면목동)",37.5857293031844,127.076703050646
SRC03_C0608358231,드림재가복지센터,"서울특별시 도봉구 방학로2길 35, 2층 (방학동)",37.6645292931741,127.040788695707
SRC03_C0608358235,방학재가노인방문요양센터,"서울특별시 도봉구 방학로 183, 401호 (방학동, 거구빌딩)",37.6617613971042,127.032332990019
SRC03_C0608358237,언약정원재가복지센터,"서울특별시 도봉구 도봉로180나길 41, 상가1동 335호 (도봉동)",37.6843445449287,127.049895811436
SRC03_C0608358241,'(A)비지팅엔젤스 도봉창동방문요양지점,"서울특별시 도봉구 덕릉로62길 8, 1층 (창동)",37.640738799223,127.040659323398
SRC03_C0608358279,샤론재가복지센터,"서울특별시 중랑구 망우로71길 60, 201호 (망우동)",37.6029866717452,127.102302199781
SRC03_C0608360715,다연재가노인복지센터,"서울특별시 강북구 한천로155길 43, A동 114호 (수유동)",37.643781446469,127.018731839392
SRC03_C0608360865,강동 방문간호재가요양센터,"서울특별시 강동구 상암로 41, 311호 (암사동, 암사동양덱스빌)",37.5501745970905,127.128189760726
SRC03_C0608365715,모나미 노인통합지원센터,"서울특별시 도봉구 도봉로 851, 302호 (도봉동)",37.6803991475084,127.045004393783
SRC03_C0608365720,(주)대교뉴이프 방문요양센터 도봉센터,"서울특별시 도봉구 도봉로 602, 1층 (창동)",37.6581447765006,127.040737831093
SRC03_C0608365724,청송재가복지센터,"서울특별시 도봉구 우이천로48길 4, 1층 (쌍문동)",37.6557591531793,127.016041782319
SRC03_C0608365725,카네이션방문요양센터,"서울특별시 도봉구 도봉로 517, 202호 (쌍문동)",37.6516165108997,127.036088180096
SRC03_C0608365788,꽃길재가복지센터,"서울특별시 은평구 연서로32길 5, 2층 (불광동)",37.6201462163448,126.924820897847
SRC03_C0608365789,그레이스방문요양센터,"서울특별시 은평구 갈현로33길 16, 2층 (갈현동)",37.6210331047634,126.914687424018
SRC03_C0608365792,해피케어,서울특별시 은평구 통일로83길 7 (갈현동),37.6208784469298,126.919096164116
SRC03_C0608365796,(A+)시니어스힐링재가요양센터,"서울특별시 은평구 증산로5길 15, 402호 (증산동)",37.5831421415539,126.90636860463
SRC03_C0608365924,정겨운재가복지센터,"서울특별시 강북구 덕릉로24길 41-1, 1층 (수유동)",37.6329793100706,127.021146980588
SRC03_C0608379354,드림방문요양센터,"서울특별시 성북구 성북로4길 52, 411동 3202호 (돈암동, 한신아파트)",37.5944725333435,127.012706037821
SRC03_C0608380033,꽃길복지용구,"서울특별시 동작구 여의대방로22나길 14 (신대방동, 1층 꽃길복지용구 )",37.4970833892469,126.920586700361
SRC03_C0608380083,사협)기쁨주는복지 양천재가센터,"서울특별시 양천구 남부순환로38길 22, 1층 (신월동)",37.5343652471745,126.827033426597
SRC03_C0608380103,햇살로뎀 재가복지센터,"서울특별시 양천구 목동중앙남로 100, 102동 201호 (목동, 성원아파트)",37.5427806182974,126.863741092615
SRC03_C0608394204,별빛재가복지센터,"서울특별시 광진구 긴고랑로4길 30, 1층 우측호 (중곡동)",37.5625346757734,127.076924081875
SRC03_C0608394219,원 다우리재가노인복지센터,"서울특별시 영등포구 디지털로 431, 2층 (대림동)",37.4945164986924,126.905398978679
SRC03_C0608394330,함께해요재가복지센터,"서울특별시 영등포구 선유로13길 11, 201동 1005호 (문래동6가)",37.5189712002578,126.88750550674
SRC03_C0608394443,따스한재가복지센터,"서울특별시 영등포구 영중로 58, 5층 (영등포동5가)",37.5212960812572,126.905304092572
SRC03_C0608396219,A+아리아케어 방문요양 서초방배센터,"서울특별시 서초구 방배로31길 8, 3층 (방배동)",37.4909155769421,126.990895805075
SRC03_C0608396260,신원재가복지센터,"서울특별시 관악구 은천로 40-1, 2층 (봉천동)",37.4860180512095,126.939843355048
SRC03_C0608396360,우리사랑재가복지센터,"서울특별시 중랑구 면목로78길 48, 1층 (면목동)",37.5905834654723,127.08988839041
SRC03_C0608396397,하늘재가요양기관,"서울특별시 구로구 고척로 49, 상가동 309호 (오류동, 동부골든아파트)",37.4999652512578,126.841353368958
SRC03_C0608396440,장수재가노인복지센터,"서울특별시 성북구 오패산로3길 72, 3층 (하월곡동)",37.6065352115556,127.034882126228
SRC03_C0608396462,삼성복지법인 재가센터,"서울특별시 동작구 장승배기로 134, 2층 (노량진동)",37.5094444914642,126.940386460013
SRC03_C0608396767,강남실버케어 복지센터,"서울특별시 강남구 개포로 650, 2층 203호 (일원동)",37.4948413024122,127.083878109472
SRC03_C0608397065,한가족재가복지센터,"서울특별시 동작구 성대로 205, 1층 (상도동)",37.5001339616651,126.940940764976
SRC03_C0608403159,스마일데이케어센터,"서울특별시 동대문구 전농로 102, 202호 (답십리동, 목련빌딩)",37.5739827977728,127.057855083646
SRC03_C0608411175,푸른소나무주야간보호센터 강서점,"서울특별시 강서구 강서로45길 174, 4층 408~411호호 (내발산동)",37.5527181773866,126.830668563722
SRC03_C0608411717,글로리재가방문요양센터,"서울특별시 종로구 대학로1길 38-6, 5층 (연지동)",37.5721350679102,127.000373668599
SRC03_C0608411720,아름다운실버데이케어,서울특별시 종로구 평창길 123 (평창동),37.61255705766,126.965403081046
SRC03_C0608412051,신창동재가요양센터,서울특별시 도봉구 우이천로4길 23 (창동),37.6339001293538,127.040697288515
SRC03_C0608424150,마포재가복지센터,"서울특별시 마포구 손기정로 46, 1층 2호 (아현동)",37.5563538179674,126.962150070422
SRC03_C0608437275,훼미리방문요양센터,"서울특별시 송파구 바람드리길 31, 1층 (풍납동)",37.5377660785321,127.1193870982
SRC03_C0608437799,돈암실버재가복지센터,"서울특별시 성북구 삼선교로16길 36, 2층 (삼선동2가)",37.5867311380801,127.010681807489
SRC03_C0608437809,뉴에덴방문요양센터,"서울특별시 성북구 장위로 78, 3층 (장위동)",37.6137849220256,127.045258019085
SRC03_C0608437936,금천독산데이케어센터,"서울특별시 금천구 시흥대로 422, 2층 (독산동)",37.4711354401665,126.898579669321
SRC03_C0608438044,베품재가복지센터,"서울특별시 강북구 삼양로 577-24, 1층 (우이동)",37.6546923906815,127.012284415031
SRC03_C0608438046,더조은재가복지센터,"서울특별시 강북구 삼각산로 158, B1층 (수유동)",37.6418622988771,127.021661973801
SRC03_C0608462194,보듬방문요양센터,"서울특별시 서대문구 세무서길 90, 2층 (홍제동)",37.5916770126507,126.947267705176
SRC03_C0608462195,부모님재가복지센터,"서울특별시 서대문구 모래내로 380-1, 지층 (연희동)",37.5829526661538,126.93793237918
SRC03_C0608462197,사랑마을재가방문요양센터,"서울특별시 서대문구 모래내로17길 72-9, 지층 (홍은동)",37.5817299484554,126.935450517463
SRC03_C0608462213,한사랑노인복지센터,"서울특별시 구로구 경인로33바길 20, 102호 (개봉동)",37.5014198970807,126.849598404973
SRC03_C0608462259,시니어학교 강동성내 데이케어센터,"서울특별시 강동구 올림픽로 572, 2층 208호 (성내동, 코오롱 2차 아파트 상가)",37.5325527506318,127.121818623477
SRC03_C0608462417,1424 재가노인복지센터,"서울특별시 강동구 천호대로 1224, 2층 (둔촌동)",37.5355472561559,127.146896026942
SRC03_C0608462426,섬기는재가복지센터,"서울특별시 영등포구 영등포로 106, 102동 2층 215호 (당산동2가, 대우아파트)",37.5208860332921,126.892859141484
SRC03_C0608462456,닥터케이재가복지센터,"서울특별시 영등포구 도신로64길 10, 3층 (신길동)",37.5121962707122,126.918414173918
SRC03_C0608462516,봄날재가노인복지센터,"서울특별시 구로구 경인로20나길 30, 607호 (오류동)",37.4948295171349,126.842024178038
SRC03_C0608462532,새힘재가복지센터,"서울특별시 관악구 난향길 50, 지1층 (신림동)",37.4627749563275,126.916415214529
SRC03_C0608462533,보금자리재가복지센터,서울특별시 관악구 난곡로26길 16 (신림동),37.4703616406982,126.920717622868
SRC03_C0608462782,다정한방문요양재가복지센터,"서울특별시 성북구 보문로30가길 4, 201호 (안암동1가)",37.5893088571027,127.019888695312
SRC03_C0608462851,골든엔젤,"서울특별시 금천구 가산디지털1로 24, 201호 (가산동, 대륭테크노타운 13차)",37.4684160473591,126.887662358171
SRC03_C0608463127,쉴만한 물가 재가복지센터,"서울특별시 강서구 마곡중앙2로 5, 209호 (마곡동, 메트로비즈타워)",37.5584780994004,126.827453842928
SRC03_C0608482150,케어닥방문요양돌봄센터 구로파트너점,"서울특별시 구로구 구로중앙로31길 26, 4층 (구로동)",37.4988702033494,126.884659617682
SRC03_C0608497520,가온어르신방문요양센터,"서울특별시 양천구 지양로7길 23, 2층 (신월동)",37.5204600967919,126.83215142145
SRC03_C0608497554,햇님재가노인복지센터,"서울특별시 강남구 테헤란로69길 10, 803호 (삼성동)",37.5065930255548,127.052720342963
SRC03_C0608497615,푸른소나무주야간보호센터 강서점,"서울특별시 강서구 강서로45길 174, 4층 408~410호 (내발산동)",37.5527181773866,126.830668563722
SRC03_C0608497767,선재가복지센터,"서울특별시 도봉구 도당로13라길 132, 1층 (방학동)",37.6693386478398,127.040496061181
SRC03_C0608497829,맘으로재가복지센터,"서울특별시 중구 퇴계로 379, 2층 (신당동)",37.5652663564435,127.013596054779
SRC03_C0608544692,진아리랑 재가복지센터,"서울특별시 강서구 등촌로 95, 2층 (등촌동)",37.5385873068122,126.863376354051
SRC03_C0608544694,대교뉴이프 재가복지센터 서울강서센터,서울특별시 강서구 양천로24길 56 (방화동),37.5707748779435,126.815303388938
SRC03_C0608559162,다원재가복지센터,"서울특별시 송파구 성내천로 272, 1층 (마천동)",37.4963014688497,127.154034894139
SRC03_C0608559164,송파방문요양센터,"서울특별시 송파구 삼학사로 65, 303호 (삼전동)",37.5030730646226,127.096736630395
SRC03_C0608559186,“A”+보은재가노인복지센터,"서울특별시 강서구 금낭화로23길 25, 106호 (방화동, 6단지상가)",37.5781389708793,126.811204295259
SRC03_C0608559187,신사방문요양센터,"서울특별시 강남구 압구정로 108, B03호 (신사동, 덕산빌딩)",37.5228889090644,127.020600022676
SRC03_C0608559208,행복재가방문요양센터,"서울특별시 광진구 아차산로 464, 303호 (구의동)",37.5396290526559,127.093640434306
SRC03_C0608559209,도담재가요양센터,"서울특별시 광진구 아차산로36길 5, 506호 (자양동)",37.5383387532099,127.074640682527
SRC03_C0608565243,9988방문요양센터,"서울특별시 관악구 봉천로 228, 201호 (신림동)",37.4893974722383,126.926774084251
SRC03_C0608565244,디딤돌재가노인복지시설,"서울특별시 관악구 남부순환로161가길 6, 1층 (신림동)",37.4852421871703,126.91849245187
SRC03_C0608565245,가나케어재가센터,"서울특별시 관악구 난곡로 98, B동 지1층 B08호 (신림동, 파로스프라자B동)",37.4640754271385,126.919458376949
SRC03_C0608565248,봄봄재가복지센터,"서울특별시 강북구 수유로 55, 2층 (수유동)",37.635826032224,127.019771477777
SRC03_C0608565250,가족사랑방문요양재가센터,"서울특별시 강북구 인수봉로72길 42, 108호 (수유동)",37.6427074856938,127.013337316389
SRC03_C0608565253,대한의료기복지용구,"서울특별시 강북구 도봉로81길 12, 1층 (수유동)",37.6352362287828,127.022395556452
SRC03_C0608565305,늘푸른재가돌봄센터 영등포점,"서울특별시 영등포구 영등포로64길 35, 201호 (신길동)",37.5124344999072,126.914970217813
SRC03_C0608565309,동행케어재가복지센터,"서울특별시 영등포구 디지털로 437, 101호 (대림동)",37.4949661128325,126.905864987852
SRC03_C0608565398,야마시다실버케어,"서울특별시 구로구 경인로54길 4, 지하층 34호 (구로동)",37.5005943395243,126.878081660483
SRC03_C0608565410,누리봄노인복지센터,"서울특별시 구로구 고척로52길 89, 1층 (고척동)",37.5011319756003,126.855919312118
SRC03_C0608565603,해가빛복지센터,"서울특별시 용산구 효창원로12길 37, 5층 501호 (원효로4가)",37.5333612167169,126.952877201175
SRC03_C0608565699,효순데이케어센터,"서울특별시 강동구 천호대로 1196, 2층 (둔촌동)",37.5343661840804,127.144298586046
SRC03_C0608565753,다솜재가방문요양센터,"서울특별시 강동구 상암로27길 22, 1층 (천호동)",37.5470423532924,127.137801687421
SRC03_C0608566037,아라실버센터,"서울특별시 성북구 보국문로 116, 101호 (정릉동, 정릉힐스테이트3차상가)",37.615141948923,127.007701936255
SRC03_C0608566048,고운손길 재가복지센터,"서울특별시 성북구 보문로 187, 1층 (삼선동4가)",37.5904030877015,127.014489565498
SRC03_C0608569203,주식회사 오션원케어 강남본점,"서울특별시 서초구 동산로19길 43, 5층 (양재동)",37.4744626583983,127.045779150148
SRC03_C0608577316,새봄 재활전문 데이케어센터,"서울특별시 도봉구 도봉로180나길 34, 3층 (도봉동)",37.6837686884789,127.049566885158
SRC03_C0608577317,사랑나눔재가복지센터,"서울특별시 동작구 서달로14라길 29, 1층 (흑석동, 좌측)",37.5068726300931,126.964765621999
SRC03_C0608577441,다누리방문요양복지센터,"서울특별시 도봉구 우이천로 304, 상가동 103호 (쌍문동, 쌍문한양아파트)",37.6451056858146,127.029811323587
SRC03_C0608577443,매일방문요양재가센터,"서울특별시 도봉구 도봉로187길 44, 101호 (도봉동)",37.6859657851761,127.043469761034
SRC03_C0608577450,소망재가복지센터,서울특별시 도봉구 시루봉로 260-25 (방학동),37.6690909806645,127.038852413957
SRC03_C0608577466,실버피어노인복지센터,서울특별시 도봉구 도당로 123-1 (방학동),37.667494168341,127.039946024184
SRC03_C0608577562,나무재가노인복지센터,"서울특별시 강서구 곰달래로31가길 84, 1층 (화곡동)",37.5323692800626,126.856056555967
SRC03_C0608578081,백세로방문간호,"서울특별시 송파구 중대로 101, 5층 513호 (가락동)",37.493398023453,127.119696726353
SRC03_C0608578094,라라방문요양센터,"서울특별시 송파구 송파대로24길 5-14, 303호 (가락동)",37.4905373462557,127.121004287045
SRC03_C0608578113,돌봄동행재가복지센터,"서울특별시 마포구 독막로 100, 701호 (상수동, 세방글로벌씨티)",37.5473382442434,126.924711098068
SRC03_C0608580179,또하나의가족,"서울특별시 은평구 갈현로11길 14, B동 B105호 (구산동, 파크원)",37.6054483942006,126.908847306437
SRC03_C0608589594,차열복지용구,"서울특별시 양천구 지양로 22, 2층 (신월동)",37.5186321794455,126.837459487612
SRC03_C0608589595,기쁜우리방문요양센터,"서울특별시 양천구 중앙로52길 8, 1층 102호 (신정동)",37.5253834550333,126.851254127649
SRC03_C0608589934,와우주야간보호센터,"서울특별시 마포구 고산18길 13, 5층 (대흥동)",37.5538253308679,126.945514548429
SRC03_C0608590127,젊은 방문간호센터,"서울특별시 은평구 진관1로 21-9, 상가동 206호 (진관동, 은평뉴타운 박석고개)",37.6329244639,126.919502961914
SRC03_C0608593250,구구팔팔 재가복지센터,"서울특별시 성북구 정릉로 446-1, 202호 (종암동)",37.6035670880779,127.030978842031
SRC03_C0608595231,A+나리꽃방문요양,"서울특별시 중랑구 봉우재로14길 17, 1층 (면목동)",37.5898023337268,127.078343336364
SRC03_C0608595233,나눔사랑회복재가복지센터,"서울특별시 중랑구 동일로101길 63, 상가 305호호 (면목동, 면목한신아파트)",37.5885435363865,127.076312487076
SRC03_C0608595236,단비재가노인복지센터,"서울특별시 중랑구 면목로63길 40, 1층 (면목동)",37.586353657261,127.086032348599
SRC03_C0608595378,돌봄재가복지센터,"서울특별시 구로구 고척로33길 26, 101호 (고척동)",37.5037822444407,126.848753594894
SRC03_C0608595380,대한재가요양센터,"서울특별시 관악구 조원중앙로 11, 5층 (신림동)",37.4810244290705,126.904700993352
SRC03_C0608595383,한국치매전담재가복지센터(관악점),"서울특별시 관악구 남부순환로 1808, 13층 9호 (봉천동)",37.4810880767354,126.950917798181
SRC03_C0608595755,서초아름다운재가복지센터,"서울특별시 서초구 바우뫼로7길 8, 401호 (우면동)",37.4708545781298,127.025380680694
SRC03_C0608596008,금빛사랑데이케어센터,"서울특별시 금천구 시흥대로123길 17, 2층 (독산동)",37.4703479257093,126.896877599044
SRC03_C0608596019,서울성모데이케어센터,"서울특별시 금천구 남부순환로 1424, B동 2층 (독산동)",37.4804815412183,126.908772187751
SRC03_C0608597150,ANTO 재가복지센터,"서울특별시 강동구 명일로 231, 1층 (길동)",37.5394786584255,127.146476488084
SRC03_C0608597153,봄날 방문요양센터,"서울특별시 강동구 구천면로42길 28, 101호 (천호동)",37.5459581968585,127.135609726982
SRC03_C0608605409,행복한데이케어센터,"서울특별시 강서구 양천로 366, 2층 (등촌동, 미라클빌딩)",37.5672306850318,126.842911175186
SRC03_C0608605418,정다운재가복지센터,"서울특별시 강남구 개포로24길 12, 101호 (개포동)",37.4781818962367,127.048367252259
SRC03_C0608606047,강북나눔재가복지센터,"서울특별시 도봉구 노해로60길 38, 1층 (쌍문동)",37.6496765601112,127.034117239417
SRC03_C0608606097,해든 재가노인복지센터,"서울특별시 마포구 숭문16길 9, 102호 (염리동)",37.5559138139486,126.947033973956
SRC03_C0608616163,미소재가복지센터,"서울특별시 은평구 역말로 90, 1층 (역촌동)",37.60746859753,126.919773442237
SRC03_C0608616167,봄봄노인복지센터,"서울특별시 은평구 통일로 822, 3층 (불광동)",37.6173185244927,126.923232003212
SRC03_C0608616170,다시돌봄센터,"서울특별시 은평구 갈현로3길 35, 1층 (신사동)",37.6005126007678,126.90632906123
SRC03_C0608621614,장안데이케어센터,"서울특별시 동대문구 장한로 51, 2층 (장안동)",37.5657031450825,127.067133901046
SRC03_C0608621641,우리동네방문요양센터,"서울특별시 서대문구 증가로 207, 1층 (북가좌동)",37.5804906588751,126.915385915718
SRC03_C0608621687,은혜재가센터,"서울특별시 양천구 은행정로2길 2, 지층 102호 (신정동, 행복한 세상)",37.5203855420357,126.860283695806
SRC03_C0608621709,프로젝트100 데이케어센터,"서울특별시 양천구 은행정로 5, 5층 (신정동, 에벤에셀프라자)",37.5201952169014,126.859571734011
SRC03_C0608621848,해바라기재가복지센터,"서울특별시 광진구 용마산로5길 16, 1층 (중곡동)",37.5576907529733,127.086901402118
SRC03_C0608621876,(A+)춤추는고래재가복지센터,"서울특별시 강북구 노해로11길 42, 2층 (수유동)",37.6389223555529,127.020313871591
SRC03_C0608622013,홍은종합사회복지관,서울특별시 서대문구 연희로 102 (연희동),37.5669864657948,126.931355548004
SRC03_C0608622068,나무재가노인복지센터,"서울특별시 강서구 곰달래로31가길 84 (화곡동, 1층 우측)",37.5323692800626,126.856056555967
SRC03_C0608622108,늘봄재가복지센터,"서울특별시 강서구 곰달래로37길 7, 1층 (화곡동)",37.531634681948,126.854648729844
SRC03_C0608622111,강서나눔통합돌봄센터,"서울특별시 강서구 수명로2길 96 (내발산동, 신관 2층)",37.551305765179,126.827858315253
SRC03_C0608622113,건행재가복지센터,"서울특별시 강서구 화곡로69길 71, 205호 (등촌동)",37.5619828820507,126.851151400785
SRC03_C0608652179,나오미재가복지센터,"서울특별시 강동구 풍성로65길 35, 3층 (둔촌동)",37.5296147485453,127.139964197712
SRC03_C0608652192,참사랑재가노인복지센터,"서울특별시 성북구 한천로78길 39, 2층 (석관동)",37.612321010605,127.064255163272
SRC03_C0608652268,가까운 재가복지센터,"서울특별시 관악구 관악로 266, 2층 (봉천동)",37.4876189400733,126.958160694808
SRC03_C0608652270,아크시니어케어 관악센터,"서울특별시 관악구 법원단지5나길 2, 1층 102호 (신림동, 은송씨티)",37.47495684385,126.919461850354
SRC03_C0608652757,도담케어 방문요양 동대문센터,"서울특별시 동대문구 왕산로 225, 4층 2-3-2호 (청량리동, 미주상가)",37.5821227010138,127.047209103701
SRC03_C0608652781,원케어 방문요양센터,"서울특별시 강남구 자곡로 204-25, B2층 (자곡동)",37.4732283306185,127.103778878303
SRC03_C0608652784,행복한재가복지센터,"서울특별시 강남구 도곡로 516, 지하층 3호 (대치동)",37.4991812807975,127.062987853204
SRC03_C0608652839,시온성복지센터,"서울특별시 성북구 종암로30길 50, 1층 (종암동)",37.602166333653,127.035409389136
SRC03_C0608652874,순시미 재가복지센터 강남본점,"서울특별시 서초구 강남대로27길 15-5, 601호 (양재동, 성경빌딩)",37.4790586180135,127.037325098712
SRC03_C0608652978,우리집방문요양센터,"서울특별시 구로구 구로중앙로31길 34, 606호 (구로동)",37.498680625833,126.884930754004
SRC03_C0608652980,돌봄재가복지센터,서울특별시 구로구 고척로33길 26 (고척동),37.5037822444407,126.848753594894
SRC03_C0608653139,100세대학 구로데이케어센터,"서울특별시 구로구 경인로43길 22, 2층 (고척동)",37.4976779498448,126.861937601867
SRC03_C0608653155,서울사랑방문요양센터,"서울특별시 중랑구 면목로48길 49, 1층 (면목동)",37.5821376331169,127.091436282042
SRC03_C0608686234,파트너재가복지센터,서울특별시 강동구 상일로15길 34-19 (고덕동),37.5586182646184,127.169832471279
SRC03_C0608686344,더숲데이케어센터,"서울특별시 관악구 청림6길 3, 4층 (봉천동, 관악푸르지오상가)",37.4875621618116,126.959937748135
SRC03_C0608686345,백향목방문간호센터,"서울특별시 관악구 문성로 214, 3층 (신림동)",37.4791564660541,126.927561353474
SRC03_C0608686346,아이디 방문요양센터,"서울특별시 관악구 관악로30길 40, 1층 101호 (봉천동, 봉천우성아파트상가동)",37.4851434998778,126.961578514322
SRC03_C0608686819,한마음재가복지센터,"서울특별시 동대문구 천호대로 13, 5층 (신설동)",37.5749662081003,127.025105231447
SRC03_C0608686854,‘(A)비지팅엔젤스 송파위례방문요양지점,"서울특별시 송파구 양산로 14, 206호 (거여동)",37.4903423891766,127.14366894783
SRC03_C0608687095,강동천호재가복지센터,"서울특별시 강동구 천중로16길 44, 103호 (천호동)",37.5431626766941,127.128595294885
SRC03_C0608739325,케어닥 재가방문요양돌봄센터 망원파트너점,"서울특별시 마포구 망원로7길 31-10, 102호 (망원동)",37.5587508395333,126.904658678171
SRC03_C0608739373,보다재가노인복지센터,"서울특별시 도봉구 방학로5길 85, 1층 103호 (쌍문동)",37.6589800697182,127.038061311853
SRC03_C0608739403,가인재가복지센터,"서울특별시 강서구 공항대로7길 41, 1층 (공항동)",37.5628056078601,126.813430169658
SRC03_C0608739456,훈앤규방문요양센터,"서울특별시 금천구 시흥대로115길 13, 207호 (독산동)",37.4679083732211,126.896904462737
SRC03_C0608739492,강서데이케어센터,"서울특별시 강서구 화곡로 225 (화곡동, 두산빌딩 2층 ,7층)",37.5454212976649,126.844307266134
SRC03_C0608739995,우리집재가복지센터,"서울특별시 강남구 밤고개로23길 14-37, B02호 (율현동)",37.4714388289438,127.1099618579
SRC03_C0608744152,하나재가복지센터,"서울특별시 강북구 삼양로74길 24-3, 지층 (미아동)",37.6295043153083,127.019470502531
SRC03_C0608744154,대교뉴이프 재가복지센터 서울강북센터,"서울특별시 강북구 삼양로 263, 2층 (미아동)",37.6269093554841,127.017946187813
SRC03_C0608749151,넘치는재가노인복지센터,"서울특별시 은평구 연서로11길 19-3, 1층 (구산동)",37.6082610761375,126.913111484811
SRC03_C0608776150,따손방문요양센터,"서울특별시 성북구 보문로 105-1, 3층 301호 (보문동2가)",37.5845529308886,127.019562835648
SRC03_C0608821286,153어르신재가복지센터,"서울특별시 서대문구 충정로 73, 2층 (충정로2가)",37.5653149304174,126.96592568593
SRC03_C0608821288,햇살복지용구,"서울특별시 서대문구 응암로 17, 501호 (북가좌동, 성도빌딩)",37.5756211537431,126.90712494127
SRC03_C0608821363,강서참사랑재가돌봄센터,"서울특별시 강서구 금낭화로 54-3, 3층 301호 (방화동)",37.5703630027355,126.811916909436
SRC03_C0608821514,배나섬재가복지센터,"서울특별시 송파구 오금로42길 7-1, 2층 (가락동)",37.4972193864451,127.134426538603
SRC03_C0608821568,광진홈케어노인복지센터,"서울특별시 광진구 뚝섬로30가길 15, 1층 (자양동)",37.5350567347723,127.065431683684
SRC03_C0608821612,광진섬김주간보호센터,"서울특별시 광진구 구의강변로 35, 2층 (구의동, 삼진빌딩)",37.5339461365711,127.091388161972
SRC03_C0608821774,가정방문요양센터,"서울특별시 중랑구 면목로22길 36, 1층 (면목동)",37.5717718580795,127.085696353932
SRC03_C0608821776,국민재가노인복지센터,"서울특별시 중랑구 신내로 211, 334호 (신내동)",37.6163496295774,127.092668240549
SRC03_C0608821780,누리예케어 복지용구 의료기,"서울특별시 중랑구 신내로7나길 18, 2층 (상봉동)",37.6016357000957,127.094892995871
SRC03_C0608821781,상봉재가복지센터,"서울특별시 중랑구 상봉로 20, 4층 (면목동)",37.5877946050749,127.094526583867
SRC03_C0608821782,새봄재가복지센터,"서울특별시 중랑구 중랑천로12길 4, B동 402호 (상봉동, 지앤지홈타운A,B동)",37.5921853966564,127.073101409443
SRC03_C0608821783,'은혜'재가노인복지센터,"서울특별시 중랑구 신내로 51, 상가동 121호 (신내동, 성원아파트)",37.6059761741832,127.09472455776
SRC03_C0608850150,선 재가복지센터,"서울특별시 강북구 삼양로79길 8, 1층 (수유동)",37.6308484726903,127.017311818127
SRC03_C0608854150,목동재가복지센터,"서울특별시 양천구 오목로 318, 401호 (목동, 세화빌딩)",37.5246248398197,126.872628886775
SRC03_C0608854151,건강장수 재가복지센터,"서울특별시 양천구 목동중앙서로7가길 9, 1층 (목동, 우측)",37.5339996723066,126.865404853454
SRC03_C0608854153,재가복지센터참평강,"서울특별시 구로구 서해안로 2316, 2층 (오류동)",37.4924907196399,126.842387222686
SRC03_C0608855150,중앙재가복지센터,"서울특별시 구로구 구로중앙로34길 32, 301호 (구로동)",37.5006512874052,126.884819728465
SRC03_C0608861168,사랑모아방문요양센터,"서울특별시 관악구 청룡7길 47, 1층 2호 (봉천동)",37.479676527569,126.948729221341
SRC03_C0608861169,기쁨재가방문요양센터,"서울특별시 관악구 남부순환로161길 20, 1층 1호 (신림동)",37.4840277509862,126.921062054318
SRC03_C0608861170,가람노인복지방문센터,"서울특별시 관악구 대학길 103, 101호 (신림동)",37.4660903056946,126.937708542182
SRC03_C0608861196,든든해재가복지센터,"서울특별시 강동구 양재대로 1448, 402호 (길동)",37.5350716863657,127.139330614953
SRC03_C0608861304,서브온 재가복지센터,"서울특별시 서초구 서초대로46길 20-6, 5층 (서초동)",37.4915236042478,127.009883594306
SRC03_C0608861306,젠케어방문요양센터,"서울특별시 영등포구 신길로 12, 2층 (신길동)",37.4937652131513,126.909271226285
SRC03_C0608861325,시니어넷재가복지센터,"서울특별시 강서구 공항대로 186, 6층 16호 (마곡동, 로뎀타워)",37.5590996762805,126.827995667592
SRC03_C0608861337,연세방문요양센터,"서울특별시 성북구 동소문로 2, 3층 (동소문동2가)",37.5884210581219,127.006783885184
SRC03_C0608861351,조은재가복지센터,"서울특별시 강북구 삼양로 237, 2층 (미아동)",37.6246613470454,127.018247420504
SRC03_C0608861429,엘림재가집으로가는home케어,"서울특별시 강서구 초원로 54-1, 2층 (방화동)",37.5676553360446,126.811409488075
SRC03_C0608861536,자식품안에 통합돌봄센터,"서울특별시 도봉구 도봉산4가길 13-7, 1층 (도봉동)",37.6877453377721,127.041633119165
SRC03_C0608861650,예랑 방문요양센터,"서울특별시 도봉구 덕릉로54가길 25, 1층 101호 (창동)",37.6384396677572,127.038782063629
SRC03_C0608861927,해피콜케어 복지용구,"서울특별시 강남구 논현로6길 5, 302호 (개포동)",37.4731448878988,127.050105189072
SRC03_C0608898151,다온재가복지센터,"서울특별시 중구 다산로33길 34, 1층 (신당동)",37.5629454386181,127.013166549795
SRC03_C0608954254,봄날 데이케어센터,"서울특별시 강동구 상암로 195, 401호 (명일동)",37.5466249508301,127.144190381388
SRC03_C0608954479,강서행복누리재가복지센터,"서울특별시 강서구 강서로18길 52, 1층 (화곡동)",37.5343755516421,126.848504697055
SRC03_C0608954482,등대방문요양재가센터,"서울특별시 강서구 방화대로34길 120, 상가동 9호 (마곡동, 신안빌라)",37.5711859313823,126.822961624065
SRC03_C0608954563,맞춤재가노인복지센터,"서울특별시 중랑구 망우로81길 5, 1층 (망우동)",37.6009492333755,127.107504927331
SRC03_C0608954566,성심재가복지요양센터,"서울특별시 중랑구 면목로73길 14, 1층 3호 (면목동)",37.5889029322741,127.086515918486
SRC03_C0608954567,장수재가방문요양센터,"서울특별시 중랑구 용마산로117길 19, 2층 (망우동)",37.6001681428473,127.099303002186
SRC03_C0608954607,닥터시니어 의료기복지용구,"서울특별시 양천구 오목로37길 2-1, B층 1호 (신정동)",37.5255168565926,126.856393043058
SRC03_C0608954621,가족사랑데이케어센터,"서울특별시 양천구 곰달래로 47, 2층 (신월동)",37.530248154543,126.837979822093
SRC03_C0608954683,동화메디칼,"서울특별시 관악구 은천로 61, 1층 (봉천동, 은천누리에뜰)",37.4863805612294,126.942260028869
SRC03_C0608954739,서울방문요양센터,"서울특별시 서대문구 인왕시장길 12, 3층 (홍제동)",37.5910259557707,126.94263128431
SRC03_C0608954740,행복드림노인복지센터,"서울특별시 서대문구 거북골로14길 5, 203호호 (북가좌동)",37.5757315705006,126.913468417477
SRC03_C0608954771,행복이음재가복지센터,"서울특별시 종로구 사직로 97 (필운동, (필운동, 새마을금고  3층, 305호))",37.5763042919088,126.969600744363
SRC03_C0608954815,월드케어재가요양센터,"서울특별시 양천구 오목로 180, 4층 (신정동, 평화빌딩)",37.5249831515209,126.857399540927
SRC03_C0608954847,햇살재가복지센터,"서울특별시 성동구 자동차시장1길 57, 209호 (용답동)",37.5609396971073,127.063998569658
SRC03_C0608954879,(주)케어링 방문요양센터 서울 영등포점,"서울특별시 영등포구 당산로33길 15, 4층 (당산동3가)",37.527405279079,126.895219798001
SRC03_C0608972151,햇님방문요양센터,"서울특별시 동대문구 답십리로66길 41, 1층 (장안동)",37.570714301557,127.067608390316
SRC03_C0608999150,한성 방문요양센터,"서울특별시 송파구 동남로2길 13-11, 102호 (문정동)",37.4883503980845,127.123206454692
SRC03_C0608999154,한아름 방문요양센터,"서울특별시 송파구 백제고분로31길 23-13, 302호 (삼전동)",37.5048179496283,127.094849825118
SRC03_C0609004150,큰별어르신재가복지센터,"서울특별시 강서구 금낭화로 128, 6층 14호 (방화동, 하이포트 오피스텔)",37.5765585554781,126.812685159793
SRC03_C0609004151,선한재가복지센터,"서울특별시 강서구 강서로17길 91, 2층 4호 (화곡동, 우솔아트빌)",37.5322617380491,126.84058228366
SRC03_C0609012152,A+주빛재가복지센터,"서울특별시 은평구 연서로 302, 2층 (불광동)",37.6223530834425,126.927246265274
SRC03_C0609012153,가람재가노인복지센터,"서울특별시 은평구 진관4로 77, 702동 상가104호 (진관동, 은평뉴타운 상림마을)",37.646668707628,126.928443600221
SRC03_C0609012154,사드레 방문요양센터,"서울특별시 은평구 갈현로 10-7, 3층 (신사동)",37.5989697692886,126.910779937603
SRC03_C0609012155,정케어재가복지센터,"서울특별시 은평구 은평터널로5길 20-3, 201호 (신사동, 스카이하우스)",37.5916945846495,126.90351280652
SRC03_C0609064158,더 가산 복지센터,"서울특별시 금천구 가산로 119, 302호 (가산동)",37.4761540952642,126.892499307543
SRC03_C0609064426,푸른숲재가노인복지센터,"서울특별시 성북구 정릉로42길 20, 1층 101-4호 (정릉동)",37.6009913670542,127.020513618361
SRC03_C0609064437,동행데이케어센터 도봉점,"서울특별시 도봉구 도봉로 569, 3층 (쌍문동)",37.6558968289656,127.038586135549
SRC03_C0609064621,용산재가복지센터,"서울특별시 용산구 이촌로14길 16, 5동 106호 (이촌동, 시범아파트)",37.527876945344,126.95457321442
SRC03_C0609064830,웰케어 통합간호센터,"서울특별시 강남구 봉은사로114길 38, 404호 (삼성동)",37.5126576770499,127.065358963527
SRC03_C0609064835,'(A)비지팅엔젤스코리아,"서울특별시 강남구 테헤란로 310, 807호, 809호 (역삼동)",37.5028515551762,127.044750924563
SRC03_C0609064984,미소데이케어센터,"서울특별시 구로구 경인로47길 150, 상가동 지하1층 (고척동, 경남1차아파트)",37.505814351751,126.862525433514
SRC03_C0609089150,예나데이케어센터,서울특별시 은평구 통일로73길 5-6 (대조동),37.6153103396513,126.923830742516
SRC03_C0609130151,한마음 강남재가복지센터,"서울특별시 강남구 선릉로 524, 804호 (삼성동)",37.5066550675471,127.04838618187
SRC03_C0609131234,우리데이케어센터,서울특별시 양천구 곰달래로9길 12 (신월동),37.5309024968854,126.835852578568
SRC03_C0609131305,더샤인재가복지센터,"서울특별시 동대문구 제기로21길 43-15, 103호 (청량리동)",37.5885370987207,127.041055158644
SRC03_C0609131383,미덕 방문요양센터,서울특별시 은평구 서오릉로13길 3-9 (구산동),37.6122719976,126.91445267975
SRC03_C0609131486,가인재가복지센터,"서울특별시 강동구 천중로17길 51, 1층 (천호동)",37.547109069144,127.131037178503
SRC03_C0609131487,다정한재가방문요양센터,"서울특별시 강동구 구천면로64길 6, 103호 (천호동)",37.5502832219312,127.139888540363
SRC03_C0609131502,기쁨재가노인복지센터,"서울특별시 송파구 문정로 9, 701호 (문정동)",37.4863680003765,127.123810718767
SRC03_C0609131577,홍은종합사회복지관,"서울특별시 서대문구 세검정로1길 116, 1층 (홍은동)",37.5953941277006,126.946431001956
SRC03_C0609131623,델리셔스 헬시,"서울특별시 관악구 남부순환로186가길 24, 지하층 B01호 (신림동)",37.4833420540655,126.932816620398
SRC03_C0609131655,실버헬스복지용구센터,"서울특별시 강서구 화곡로68길 82, 7층 1호 (등촌동, 강서아이티밸리)",37.5575393170801,126.858301786025
SRC03_C0609131689,대교뉴이프 데이케어센터 성북센터,"서울특별시 성북구 화랑로 265, 3층 (장위동, H하우스 장위)",37.6118210492704,127.058181234512
SRC03_C0609132106,딸래미재가노인복지센터,서울특별시 성동구 왕십리로21길 54 (행당동),37.559469805954,127.029378213964
SRC03_C0609148150,나모사회적협동조합 재가 방문요양센터,"서울특별시 강서구 개화동로19길 7, 102호 (개화동)",37.5752544505676,126.802940275634
SRC03_C0609148154,개화미라클재가어르신복지센터,"서울특별시 강서구 개화동로19길 7, 102호 (개화동)",37.5752544505676,126.802940275634
SRC03_C0609149150,가온재가복지센터,서울특별시 강북구 솔샘로 285 (미아동),37.6185811314872,127.0242099995
SRC03_C0609158153,청담원 재가복지센터,"서울특별시 서초구 효령로70길 36-9, 102호 (서초동)",37.485288592002,127.024418383911
SRC03_C0609181840,수정재가방문요양센터,"서울특별시 영등포구 대림로34나길 13, 1층 (대림동)",37.4995921735817,126.898600339552
SRC03_C0609181841,든든한재가복지센터,"서울특별시 영등포구 선유로 27, 501호 (문래동5가, 대륭오피스텔)",37.5166326206565,126.887951634967
SRC03_C0609191152,봄이홈케어센터,"서울특별시 도봉구 우이천로16길 18, 102호 (창동)",37.6386095005637,127.035649084201
SRC03_C0609217182,밝은빛재가복지센터,"서울특별시 강동구 상암로 210, 3층 6C호 (명일동, 명일현대종합상가)",37.5462992589271,127.145789262651
SRC03_C0609217461,더드림복지재가센터,"서울특별시 강북구 노해로 117, 1층 (수유동)",37.6457490267926,127.024124767146
SRC03_C0609217537,희망재가복지센터,"서울특별시 마포구 월드컵북로 233, 214호 (성산동, 제1상가동)",37.5697322900238,126.903135454197
SRC03_C0609217542,강서은혜재가복지센터,"서울특별시 강서구 공항대로41길 51, 212호 (등촌동)",37.5602359798031,126.845776312402
SRC03_C0609217547,로뎀나무 재가노인복지센터,"서울특별시 강서구 가로공원로76가길 9, 3층 301호 (화곡동)",37.5332424798853,126.839520190458
SRC03_C0609217551,사랑재가복지센터,"서울특별시 강서구 양천로 507, 상가동 202호 (가양동, 강나루현대아파트)",37.5603956962784,126.857362635565
SRC03_C0609217553,대교뉴이프 데이케어센터 강서센터,"서울특별시 강서구 공항대로 220 (마곡동, 우성에스비타워 2차 3층)",37.5587038045971,126.831765636495
SRC03_C0609217561,(A)효성재가복지센터,"서울특별시 강북구 도봉로 296, 7층 (번동)",37.634911545803,127.023616765814
SRC03_C0609217562,서정재가복지센터,"서울특별시 강북구 월계로37길 129, 107호 (번동)",37.6277017853264,127.043990325332
SRC03_C0609217564,엘림 재가방문 요양센터,"서울특별시 강북구 월계로 7, 201호 (미아동)",37.6097208242129,127.031070299861
SRC03_C0609217612,대교뉴이프 재가복지센터 서울성북센터,"서울특별시 성북구 숭인로 4, 102호 (길음동)",37.6113856040097,127.022662147154
SRC03_C0609217620,꿈꾸는재가노인복지센터,"서울특별시 강서구 수명로2가길 22, 상가동 201호 (내발산동)",37.5476628719782,126.821917682228
SRC03_C0609217698,돌봄재가복지센터,"서울특별시 광진구 긴고랑로13길 92, 1층 (중곡동)",37.566400612163,127.083887764434
SRC03_C0609217707,늘푸른건강 재가복지센터,"서울특별시 광진구 아차산로55길 43, 101호 (구의동)",37.5392366468703,127.086336526883
SRC03_C0609217713,더좋은 재가복지센터,"서울특별시 광진구 아차산로65길 25, 1층 (구의동)",37.5412594339013,127.093498430958
SRC03_C0609254171,스마일 재활전문데이케어센터,"서울특별시 도봉구 도봉로136가길 73, 103동 3층 301호 (창동, 북한산한신휴플러스)",37.6556525588698,127.042804882242
SRC03_C0609254604,중구도솔재가복지센터,"서울특별시 중구 다산로11길 13, 206호 (신당동)",37.5546125474078,127.009633208843
SRC03_C0609254610,천사재가복지센터,"서울특별시 동대문구 사가정로 148 (전농동, 전농 SK아파트)",37.5766590358858,127.061567688813
SRC03_C0609257152,하늘빛데이케어센터,"서울특별시 관악구 쑥고개로 100, 4층 1,2호 (봉천동, 생모리츠타운 상가동)",37.4789463264491,126.947648773898
SRC03_C0609257155,더나누리재가복지센터,"서울특별시 관악구 남부순환로 1536, 201호 (신림동)",37.4827774089254,126.921313240377
SRC03_C0609267171,안수인노인복지센터,"서울특별시 금천구 금하로 691, B01호 (시흥동)",37.4519390833943,126.907086967799
SRC03_C0609284197,유일복지용구,서울특별시 동대문구 천호대로 393 (장안동),37.5622313185398,127.062743676063
SRC03_C0609290151,(A+)도봉재가복지센터,"서울특별시 도봉구 방학로2길 44, 203호 (방학동, 보성빌딩)",37.6648456144174,127.041086157636
SRC03_C0609299369,기쁨재가복지센터,서울특별시 동대문구 전농로15길 27 (전농동),37.5776291456194,127.055937009954
SRC03_C0609299578,상월곡데이케어센터,"서울특별시 성북구 화랑로18가길 21, 2층 (상월곡동)",37.6052434155587,127.049396502089
SRC03_C0609299646,푸른 재가복지센터,"서울특별시 은평구 갈현로11길 16, 1층 (구산동)",37.6054797848645,126.908661086646
SRC03_C0609299647,스마일재가요양센터,"서울특별시 은평구 백련산로 177-11, 2층 (응암동)",37.6003408675789,126.926269030328
SRC03_C0609299689,우리재가복지센터,서울특별시 성북구 보국문로 49-26 (정릉동),37.608917795117,127.009385726024
SRC03_C0609299716,해나방문요양센터,"서울특별시 동대문구 장한로12길 55, 1층 (장안동)",37.5650255304868,127.070643473817
SRC03_C0609299806,대교뉴이프 데이케어센터 송파센터,"서울특별시 송파구 송이로32길 18, 에코타워동 3층 (문정동)",37.4885752089065,127.127444435448
SRC03_C0609299869,아들과딸 강서 주간보호센터,"서울특별시 강서구 수명로 68-11 (내발산동, 발산타워 803호,804호,901~903호)",37.5523193465015,126.826537797397
SRC03_C0609329152,뉴서울재가복지센터,"서울특별시 용산구 청파로85길 26, 2층 (서계동)",37.5527559413318,126.967556515506
SRC03_C0609329156,고운손실버재가센터,"서울특별시 용산구 효창원로42길 12, 2층 (용문동)",37.5367425192029,126.959771831669
SRC03_C0609330175,효나눔노인복지센터,"서울특별시 관악구 문성로 74, 307호 (신림동, 신림건영아파트상가)",37.4767561074089,126.912058124803
SRC03_C0609330211,새솔주간보호센터,"서울특별시 중랑구 봉우재로 79, 5층 (상봉동)",37.5919509903381,127.081968450451
SRC03_C0609330212,든든재가복지센터,"서울특별시 중랑구 신내로17길 41, 706동 1205호 (신내동, 진로아파트)",37.614694452091,127.093773559363
SRC03_C0609330261,대교뉴이프 데이케어센터 목동2호센터,"서울특별시 양천구 중앙로32길 61, 2층 (신정동)",37.5200828278632,126.860302811899
SRC03_C0609330268,행정재가복지센터,"서울특별시 양천구 목동중앙남로9길 3, 104호 (목동)",37.537964398989,126.866247573528
SRC03_C0609330396,예사랑재활데이케어센터,"서울특별시 도봉구 도봉로125길 94, 3층 (쌍문동)",37.6565975988284,127.037794684504
SRC03_C0609330411,창동자운데이케어센터,"서울특별시 도봉구 마들로13길 165, 4층 (창동)",37.6576164096492,127.045970474461
SRC03_C0609330710,굿영등포재가방문요양센터,"서울특별시 영등포구 도신로 70, 303호 (신길동)",37.5059858209715,126.90042852695
SRC03_C0609330820,사랑재가복지돌봄센터,"서울특별시 도봉구 방학로3길 71, 1층 (쌍문동)",37.6597619222634,127.04002529284
SRC03_C0609330917,더봄데이케어센터 은평점,"서울특별시 은평구 갈현로 8, 6층 (신사동)",37.5985454785523,126.910404378951
SRC03_C0609331081,마음모아노인재가복지센터,"서울특별시 성북구 한천로66길 189, 4층 402호 (석관동)",37.6131943733096,127.065665898368
SRC03_C0609363554,행복나눔재가복지센터,"서울특별시 동대문구 답십리로58길 40, 1층 (답십리동)",37.5724512750516,127.05879073438
SRC03_C0609363606,리더스 복지용구,"서울특별시 송파구 새말로 155, 201호 (문정동, 동화빌딩)",37.4847655114219,127.130550234522
SRC03_C0609363744,호호재가요양복지센터,"서울특별시 양천구 목동중앙본로5길 17, 1층 (목동)",37.5390287509341,126.868413936324
SRC03_C0609363746,케어닥 방문요양돌봄센터 양천파트너점,"서울특별시 양천구 월정로27길 23, 1층 (신월동)",37.5316371967807,126.834321352822
SRC03_C0609363827,아가페재가복지센터,"서울특별시 은평구 연서로9길 20, 1층 (구산동)",37.6076283280079,126.912889680016
SRC03_C0609363864,돌봄재가어르신복지센터,"서울특별시 강서구 마곡중앙4로 18, 비동 914호 (마곡동)",37.5585262889813,126.828619803537
SRC03_C0609363867,더돌봄재가방문요양센터,"서울특별시 강서구 금낭화로 136, 205호 (방화동, 에어뷰오피스텔21-2)",37.5773556196369,126.812998103224
SRC03_C0609363935,효정재가복지센터,"서울특별시 송파구 백제고분로 67, 701호 (잠실동, 위너스오피스텔2)",37.5107952804742,127.078962054498
SRC03_C0609363945,소망방문요양센터,"서울특별시 마포구 마포대로 63-8, 1241호 (도화동, 삼창프라자)",37.5422597994869,126.947815114643
SRC03_C0609363958,무지개노인재가방문요양센터,서울특별시 동대문구 휘경로7길 9 (이문동),37.595747457569,127.06295660545
SRC03_C0609363980,어린왕자 방문재활간호센터,"서울특별시 구로구 중앙로3길 12, 406호 (고척동, 서봉빌딩)",37.5002113050917,126.862941586025
SRC03_C0609364005,늘푸른재활주야간보호센터,"서울특별시 강서구 수명로 80 (내발산동, 베스트프라자 601,701호)",37.5532272483636,126.826392872773
SRC03_C0609364027,봄날강서데이케어센터,"서울특별시 강서구 양천로11길 15-11 (방화동, 1층)",37.5738798474581,126.809330476268
SRC03_C0609364081,새얀재가복지센터,"서울특별시 강동구 아리수로72길 50, 1층 103호 (고덕동)",37.5622708092071,127.162209474015
SRC03_C0609395166,간호돌봄재가복지센터,"서울특별시 광진구 면목로 202, 104호 (중곡동)",37.5709755945534,127.08350904502
SRC03_C0609398150,구립서초데이케어센터,서울특별시 서초구 반포대로22길 61 (서초동),37.4905714280514,127.011758032902
SRC03_C0609413159,'나눔'재가노인복지센터,"서울특별시 관악구 난우2길 17, 101호 (신림동, 소노카우치Ⅰ)",37.4734353650614,126.919677259651
SRC03_C0609413160,(주)대교뉴이프 방문요양센터 관악센터,"서울특별시 관악구 보라매로3길 23, 304호 (봉천동)",37.491042929326,126.925536443215
SRC03_C0609413163,휴먼재가복지센터,"서울특별시 관악구 난곡로 53, 205호 (신림동, 관악산휴먼시아 상가동)",37.4602221608432,126.919326648265
SRC03_C0609420163,바야다홈헬스케어 성동요양센터,"서울특별시 성동구 고산자로 269, 1706호 (도선동, 신한넥스텔 1706호)",37.5636973196685,127.035773854876
SRC03_C0609420174,서울시 중구 재가노인복지기관,"서울특별시 중구 다산로42길 126, 102호 (신당동)",37.5633274758685,127.023055388297
SRC03_C0609420181,하음복지센터,서울특별시 금천구 독산로8길 23 (시흥동),37.4491760113822,126.906827064891
SRC03_C0609420185,구립화원데이케어센터,"서울특별시 구로구 벚꽃로 484, 2층 (구로동, 화원종합사회복지관)",37.4973316468315,126.880135396243
SRC03_C0609420516,엠에이디실버,"서울특별시 용산구 후암로48길 22, 지층 101호 (후암동)",37.5528989397193,126.977234030294
SRC03_C0609420601,온마음사회적협동조합복지센터,"서울특별시 도봉구 도봉로106길 23, 102동 1207호 (창동, 북한산현대홈시티)",37.6449520397829,127.034230880225
SRC03_C0609421117,뉴라클주간보호센터,"서울특별시 동작구 동작대로29길 63-5, 1.2.3.4층 (사당동)",37.4883328639189,126.978550914323
SRC03_C0609421118,단비방문요양센터,"서울특별시 동작구 사당로29가길 33, 1층 103호 (사당동)",37.4865115645377,126.979557525533
SRC03_C0609421119,대방동행재가복지,"서울특별시 동작구 여의대방로 194, 3층 301호 (대방동)",37.5042619165854,126.922263210314
SRC03_C0609451387,가장따뜻한방문요양센터,"서울특별시 강남구 봉은사로57길 8, 3층 301호 (삼성동, iSOD 삼성동빌딩)",37.5114596942521,127.045386521304
SRC03_C0609451888,가자재가복지센터,"서울특별시 서대문구 응암로 45-1, 1층 (북가좌동)",37.5776673538119,126.909264954437
SRC03_C0609451889,연세방문요양재가센터,"서울특별시 서대문구 세검정로4길 24, 1층 (홍제동)",37.5941331784377,126.949469351768
SRC03_C0609452042,따뜻한동행 데이케어센터,서울특별시 강북구 도봉로 243 (미아동),37.6301317673735,127.024299843617
SRC03_C0609452045,은평나비재가노인복지센터,"서울특별시 은평구 증산로21길 14, 101호 (신사동)",37.5961534248369,126.913282282387
SRC03_C0609452064,서연방문재활간호 재가요양센터 관악점,"서울특별시 관악구 남부순환로 1808, 9층 13호 (봉천동, 관악센츄리타워)",37.4810880767354,126.950917798181
SRC03_C0609452153,에덴방문요양센터,서울특별시 동작구 사당로13길 9 (사당동),37.4845652334539,126.972574738883
SRC03_C0609485159,88재가복지센터,"서울특별시 강서구 방화동로16길 32 (방화동, 205-4호)",37.5715083359241,126.812646983051
SRC03_C0609492198,서울강동 데이케어센터,"서울특별시 강동구 올림픽로 709, 2층 (천호동)",37.5447523302648,127.125306963807
SRC03_C0609492310,미소재가복지센터,"서울특별시 영등포구 도신로64길 24, 1층 (신길동)",37.5122400463675,126.919842567925
SRC03_C0609492338,C&J 재가복지센터,"서울특별시 양천구 남부순환로40가길 12-2, 1층 (신월동)",37.5339228684471,126.825876792735
SRC03_C0609492363,명성방문요양센터,"서울특별시 성북구 정릉로38가길 3, 1층 (정릉동)",37.6019219754445,127.018482168272
SRC03_C0609492533,좋은돌봄 방문간호요양센터,"서울특별시 성북구 서경로 37-3, 2층 202호 (정릉동)",37.606997521048,127.015354400667
SRC03_C0609492799,좋은돌봄 방문요양센터,"서울특별시 도봉구 도봉로147길 24, 1층 (방학동)",37.6651952654475,127.041399961522
SRC03_C0609492803,A+열매방문요양센터,"서울특별시 도봉구 시루봉로 105, 201호 (방학동, 신동아상가)",37.6601767333194,127.027032098141
SRC03_C0609492810,스마일시니어 유캔방문요양센터,"서울특별시 도봉구 도봉로180가길 96, 401호 (도봉동)",37.6878005406052,127.046526492396
SRC03_C0609493176,정성케어 방문요양간호센터,"서울특별시 서초구 태봉로2길 5 (우면동, 상가동 103호)",37.4629803452747,127.024216596126
SRC03_C0609494163,우리효재가복지센터,"서울특별시 중랑구 동일로130길 19, 1층 (중화동)",37.5998367841993,127.08111590675
SRC03_C0609507152,에이원데이케어센터,"서울특별시 양천구 중앙로 312, 1층 (신정동)",37.5239501120689,126.851302110558
SRC03_C0609522511,서울은평노인복지용구,"서울특별시 은평구 가좌로7나길 14-1, 지층 (응암동)",37.5853065477459,126.918574585769
SRC03_C0609522755,더사랑재가복지센터,서울특별시 구로구 고척로31길 28 (고척동),37.5036047228908,126.848103204632
SRC03_C0609522830,수정재가복지센터,"서울특별시 마포구 마포대로 12, 507호 (마포동, 한신오피스텔)",37.5378762295967,126.944403512818
SRC03_C0609522927,신사임당재가복지센터,"서울특별시 강서구 우장산로16길 20, 201호 (화곡동)",37.5524422088362,126.849359225224
SRC03_C0609522929,사랑방문요양재가센터,서울특별시 동대문구 한천로 440 (이문동),37.5997660436963,127.067859338915
SRC03_C0609522959,노아어르신복지센터,"서울특별시 성북구 장위로31길 3, 1층 (장위동)",37.6138631531874,127.047486379531
SRC03_C0609522997,하나재가복지센터,"서울특별시 성북구 종암로19길 73, 101호 (종암동, 종암동 근생주택)",37.5979381378774,127.030675748856
SRC03_C0609523050,웰케어전국간호센터,"서울특별시 강남구 봉은사로114길 38, 604호 (삼성동)",37.5126576770499,127.065358963527
SRC03_C0609523143,은평어르신복지센터,"서울특별시 은평구 연서로41가길 3, 1층 (불광동)",37.6259662434141,126.926990355572
SRC03_C0609523144,사랑나무노인복지센터,"서울특별시 은평구 증산로21길 6, 1층 (신사동)",37.5959002051114,126.914212232013
SRC03_C0609543165,케어365재가복지센터,"서울특별시 강북구 오현로 190, 2층 (번동)",37.6284742878356,127.039410708924
SRC03_C0609545185,다시봄간호요양센터,"서울특별시 강북구 삼양로 362, 1층 (수유동)",37.6358322482083,127.017494586479
SRC03_C0609545193,초록재가복지센터,"서울특별시 강서구 등촌로13길 76, 지1층 (화곡동, 유노이아)",37.5367572811896,126.859987265681
SRC03_C0609545206,재미마중 재가노인복지센터,"서울특별시 은평구 수색로 217, 102호 (수색동, 디엠씨 자이1단지(DMC 자이1))",37.5796932759305,126.898678379239
SRC03_C0609545229,실버홈방문요양센터,"서울특별시 송파구 가락로15길 7-1, 1층 102호 (석촌동)",37.5015473628349,127.106311058642
SRC03_C0609545288,햇살정원 재가복지센터,"서울특별시 강동구 상암로 121, 102호 (천호동)",37.5466405753784,127.13619045528
SRC03_C0609545330,한마음재가복지센터,"서울특별시 광진구 구의로 25, 201호 (구의동)",37.54026488422,127.089461681115
SRC03_C0609545475,대교뉴이프 데이케어센터 목동3호센터,"서울특별시 양천구 목동서로 130, 2층 (목동, 목동신시가지아파트4단지)",37.5315163480803,126.870904725016
SRC03_C0609545658,그린재가복지센터,"서울특별시 성북구 화랑로 92, 102호 (하월곡동)",37.6026895361453,127.042513488444
SRC03_C0609545776,사랑주야간복지센터,"서울특별시 성북구 보국문로17길 8, 1층 (정릉동)",37.6112333367265,127.00818695626
SRC03_C0609545830,허준의료기,"서울특별시 금천구 시흥대로 155, 107호 (시흥동)",37.4480264749885,126.902552595104
SRC03_C0609545836,금천광명메디칼,"서울특별시 금천구 금하로1나길 8, 1층 (독산동)",37.4527119874632,126.891950143318
SRC03_C0609559155,한마음 재가방문요양센터,"서울특별시 양천구 목동중앙본로18길 6, 4층 403호 (목동, 대광빌딩)",37.5415083182377,126.869403281429
SRC03_C0609565634,보미방문요양센터,"서울특별시 용산구 새창로14길 42-1, 101호 (용문동)",37.537679029239,126.959275973229
SRC03_C0609566005,사랑이 넘치는 재가복지센터,"서울특별시 구로구 구로중앙로27가길 13, 1층 101호 (구로동)",37.4977031972845,126.885376342911
SRC03_C0609566006,마마케어 방문요양센터,"서울특별시 구로구 구로동로26길 54, 나동 4호 (구로동)",37.4898939687455,126.886564928235
SRC03_C0609566008,송파나눔방문요양,"서울특별시 송파구 백제고분로 75, B1층 122-1호 (잠실동)",37.5099665875125,127.079155382187
SRC03_C0609566061,구로100세 데이케어센터,"서울특별시 구로구 오류로8길 57, 5층 (오류동)",37.492424136688,126.843404613067
SRC03_C0609566079,함께하는 복지용구,"서울특별시 동작구 상도로47길 76-6, 지하1층 (상도1동)",37.5025024852882,126.952206958599
SRC03_C0609566117,대교뉴이프 재가복지센터 서울광진센터,"서울특별시 광진구 동일로52길 28, 101호 (군자동)",37.5542231242957,127.072712801745
SRC03_C0609566121,가까운재가복지센터,"서울특별시 중랑구 면목로38나길 25, 1층 (면목동)",37.5786931005974,127.088646234988
SRC03_C0609566148,선향재가노인복지센터(화곡),"서울특별시 강서구 강서로 131, 2층 (화곡동)",37.5387392771024,126.842110814515
SRC03_C0609577206,동행재가복지센터,"서울특별시 관악구 봉천로 455, 5층 (봉천동, 태영빌딩)",37.4826577685701,126.950591940061
SRC03_C0609577269,원방문요양센터,"서울특별시 양천구 신정중앙로12길 17, 1층 (신정동, 신정동다세대주택)",37.5260786511584,126.854276342899
SRC03_C0609579157,더사랑재가복지센터,"서울특별시 강북구 덕릉로 127-1, 203호 (번동)",37.635193958305,127.027952057575
SRC03_C0609579200,가연재가방문요양센터,"서울특별시 성북구 삼양로 43, 1층 (길음동)",37.6069463453486,127.023550616014
SRC03_C0609579246,서울홍성재가방문복지용구센터,"서울특별시 서대문구 간호대로 11-32, 1층 (홍제동)",37.5956875445189,126.947961492374
SRC03_C0609579248,피포스복지용구샵,"서울특별시 서대문구 홍은중앙로 100-4, 1층 (홍은동)",37.5992491547234,126.948560540973
SRC03_C0609579251,가가호호 재가노인복지센터,"서울특별시 서대문구 연희로 89-8, 3층 (연희동)",37.5664126294707,126.92998806115
SRC03_C0609579353,자연재가노인복지센터,"서울특별시 성북구 종암로16길 80, 1층 (종암동)",37.5970022507052,127.038736314401
SRC03_C0609579410,믿음방문요양센터,"서울특별시 동대문구 한천로18길 10, 1층 (장안동)",37.5689682988679,127.064483908544
SRC03_C0609579503,목동효정방문요양센터,"서울특별시 양천구 목동동로 130, B동 123호 (신정동, 목동신시가지아파트 상가)",37.5149990018814,126.871236888208
SRC03_C0609579563,가온재가복지센터,"서울특별시 동대문구 왕산로 184, 3층 301호 (전농동)",37.5794111364529,127.043764121268
SRC03_C0609579667,다정한 재가복지센터,"서울특별시 도봉구 도봉로157길 24, 1층 (도봉동)",37.6736420013963,127.042782681774
SRC03_C0609579710,연세은평재가복지센터,"서울특별시 은평구 진관1로 21-9, 상가동 206(2분의 1)호 (진관동, 은평뉴타운 박석고개)",37.6329244639,126.919502961914
SRC03_C0609579956,가연재가복지센터,"서울특별시 중구 서애로1길 11, B117호 (충무로5가)",37.561326262637,126.998598237823
SRC03_C0609580088,KB골든라이프케어 은평 케어센터,서울특별시 은평구 연서로 391 (진관동),37.6302041048094,126.930084711903
SRC03_C0609588424,다엘재가복지센터,"서울특별시 마포구 마포대로24길 27, 101호 (아현동)",37.5535457845501,126.960278519215
SRC03_C0609588425,울림통합돌봄센터,"서울특별시 마포구 성미산로 12, 2층 (성산동)",37.5581760674629,126.909549581656
SRC03_C0609588539,은빛재가요양센터,"서울특별시 구로구 개봉로17나길 88, 1층 (개봉동)",37.4941710269951,126.850727692243
SRC03_C0609588547,예원실버케어 재가복지센터,"서울특별시 구로구 개봉로17길 30-29, 1층 (개봉동)",37.492982644269,126.8539350538
SRC03_C0609588586,선한사람들방문요양 은평점,"서울특별시 은평구 진관3로 32, B707호 (진관동)",37.6393583421412,126.920616902514
SRC03_C0609588677,스마일재가센터,"서울특별시 강서구 곰달래로25길 8, 2층 (화곡동)",37.5311813365871,126.849217469594
SRC03_C0609588680,수호천사재가복지센터,서울특별시 강서구 초록마을로 156-3 (화곡동),37.5364676809318,126.847112294123
SRC03_C0609588706,느티나무데이케어센터,서울특별시 동대문구 약령중앙로8길 10 (제기동),37.5815241517343,127.03774832353
SRC03_C0609588714,베셀재가복지센터,"서울특별시 강서구 월정로32길 79, 101호 (화곡동, 경민아트빌)",37.5364769114894,126.839536567219
SRC03_C0609588798,에이원데이케어 당산센터,"서울특별시 영등포구 영중로 131-10, 4층 (영등포동8가)",37.5283833925772,126.904557284264
SRC03_C0609588840,마니방문요양센터,"서울특별시 동작구 상도로15카길 11, 101호 (상도동, 래미안빌)",37.5050385757431,126.936075305178
SRC03_C0609588850,라파홈케어,"서울특별시 광진구 광나루로40길 23, 103호호 (구의동)",37.5437448142866,127.089461652493
SRC03_C0609588855,라파홈케어,"서울특별시 광진구 광나루로40길 23, 103호 (구의동)",37.5437448142866,127.089461652493
SRC03_C0609588873,관악나오미재가복지센터,"서울특별시 관악구 봉천로 368, 1층 (봉천동)",37.4835148645276,126.940724101322
SRC03_C0609588878,프라임헬스케어,"서울특별시 영등포구 버드나루로 80, 4층 (영등포동7가)",37.5254782767116,126.909574932952
SRC03_C0609588891,굿파트너재가노인복지센터,"서울특별시 강동구 풍성로53길 28, 102호 (성내동)",37.5307002527622,127.134556181796
SRC03_C0609588906,(A)비지팅엔젤스 양천강서주야간보호센터,서울특별시 양천구 목동중앙남로 69 (목동),37.5399049425155,126.86550784161
SRC03_C0609588907,(사)굿하트전문사례관리 강동재가센터,"서울특별시 강동구 아리수로74길 35, 1층 (고덕동)",37.5612568429212,127.160948125627
SRC03_C0609589086,금빛사랑재가복지센터,"서울특별시 양천구 목동로11길 27, 102호 (신정동, 명성쉐르빌)",37.5230393194021,126.861940203828
SRC03_C0609590234,(A)은혜재가노인복지센터,"서울특별시 금천구 한내로 69-15, 1316동 104호 (독산동)",37.4573808551633,126.886472547107
SRC03_C0609590236,효사랑 재가방문요양센터,"서울특별시 금천구 독산로64길 16, 2층 (독산동)",37.4650287150096,126.903596583131
SRC03_C0609590245,사랑샘재가복지센터,"서울특별시 강서구 방화동로18길 60, 202호 (방화동)",37.5722031556851,126.815087274915
SRC03_C0609596159,다정재가복지센터,"서울특별시 강북구 삼양로122길 14, 1층 (수유동)",37.6445879699293,127.016573629012
SRC03_C0609596184,다솜재활데이케어센터,"서울특별시 강북구 한천로109길 57-15, 1,2층 (번동)",37.6276440235403,127.04203650406
SRC03_C0609596186,사랑나눔방문요양센터,서울특별시 중랑구 중랑역로13길 8-1 (중화동),37.5967816384879,127.075088439955
SRC03_C0609596187,고려방문간호재활센터,"서울특별시 중랑구 상봉중앙로5길 62, 101호 (중화동, 미래하이츠)",37.6005370877692,127.084001609906
SRC03_C0609596188,은빛사랑재가복지센터,"서울특별시 강북구 도봉로 328, 1716호 (번동)",37.6371277340534,127.025191277715
SRC03_C0609596190,사랑보듬재가복지센터,서울특별시 강북구 도봉로96길 80 (번동),37.6385246946734,127.032287341621
SRC03_C0609599334,강동섬김재가복지센터,"서울특별시 강동구 양재대로103길 45, 101호 (성내동)",37.5334115120584,127.135293633988
SRC03_C0609599542,만나방문요양센터,"서울특별시 도봉구 도봉로181나길 16, 지층 (도봉동)",37.6834666490337,127.044447231533
SRC03_C0609599751,순시미 복지용구사업소 본점,"서울특별시 서초구 강남대로27길 15-5, 602호 (양재동, 성경빌딩)",37.4790586180135,127.037325098712
SRC03_C0609599754,케어매치+재가복지센터,"서울특별시 서초구 법원로3길 15, 2층 205호 (서초동, 영포빌딩 )",37.4931452299616,127.008837485366
SRC03_C0609599809,가족같은 재가복지센터,"서울특별시 서초구 도구로 45-7,  B동 501호 (방배동, 네스코뮤즈빌)",37.4806350741251,126.98790366458
SRC03_C0609599815,서초방문요양센터,"서울특별시 서초구 바우뫼로7길 8, 3층 302호 (우면동, 우면종합상가)",37.4708545781298,127.025380680694
SRC03_C0609599906,강남사랑재가복지센터,"서울특별시 강남구 삼성로 212 (대치동, 은마상가 A블럭 129호)",37.4996157705058,127.065915414443
SRC03_C0609600058,예성재가복지센터,"서울특별시 구로구 경인로 176, B115호 (오류동)",37.4943907298586,126.841018680923
SRC03_C0609600059,예성주야간보호센터,서울특별시 구로구 고척로18길 15 (개봉동),37.5002727049114,126.845248213934
SRC03_C0609614177,아크시니어케어 서울남산센터,"서울특별시 중구 퇴계로20길 32, 402호 (남산동2가)",37.5587077605278,126.98588259285
SRC03_C0609616159,온 방문요양센터,"서울특별시 성북구 동소문로13길 39-36, 상가동동 104호 (동소문동4가)",37.5921226555476,127.010914697224
SRC03_C0609620290,아름재가복지센터,"서울특별시 종로구 삼일대로30길 21, 720호 (낙원동, 종로오피스텔)",37.5742235635736,126.988586092222
SRC03_C0609620291,우리하나재가복지센터,"서울특별시 종로구 우정국로 45-7, 5층 (견지동)",37.5728859921477,126.982365404552
SRC03_C0609620504,영화재가복지센터,"서울특별시 광진구 구의로16길 13, 102호 (구의동)",37.5438357892873,127.091378167277
SRC03_C0609620557,시니어학교 강남삼성 데이케어센터,"서울특별시 강남구 봉은사로69길 37, 1층 (삼성동)",37.5143379845851,127.048258575185
SRC03_C0609620577,케어네이션 방문요양센터 서울송파점,"서울특별시 송파구 백제고분로22길 36, 1층 (삼전동)",37.5009391663825,127.088041024615
SRC03_C0609620581,A+ 해든재가복지센터,"서울특별시 송파구 마천로 253, 301호 (마천동)",37.4988846680403,127.145566867681
SRC03_C0609631151,갈산데이케어센터,"서울특별시 구로구 중앙로14길 31, 2층 (고척동)",37.5076133389724,126.863104491675
SRC03_C0609644151,다온누리재가복지센터,"서울특별시 동작구 장승배기로 136, 2층 (노량진동)",37.5096489106406,126.940349312384
SRC03_C0609646151,다온누리재가노인복지센터,"서울특별시 동작구 장승배기로 136, 2층 (노량진동)",37.5096489106406,126.940349312384
SRC03_C0609650153,서래장기요양센터,서울특별시 강북구 월계로37길 97 (번동),37.6263008873698,127.043866363607
SRC03_C0609651153,(A)비지팅엔젤스 동작상도방문요양지점,"서울특별시 동작구 양녕로 279, 2층 (상도1동)",37.5044722161018,126.949494330959
SRC03_C0609654164,주식회사 이루다메디케어,"서울특별시 영등포구 선유로49길 17, 401호 (양평동4가)",37.5362566329837,126.895436079355
SRC03_C0609654168,가족데이케어센터,"서울특별시 영등포구 가마산로 364, 5층 (대림동)",37.5009461272821,126.899035605359
SRC03_C0609654177,홍제노인복지센터,"서울특별시 동대문구 고산자로56길 44, 1층 점포 및 지하호 (제기동)",37.5896092745304,127.038669416232
SRC03_C0609655167,스타재가복지센터,"서울특별시 양천구 신월로 216, 3층 301호 (신월동)",37.5212498699886,126.846143808549
SRC03_C0609655182,생명나무재가복지센터,"서울특별시 관악구 당곡2길 20, 1층 1호 (봉천동)",37.4907621238665,126.93002118993
SRC03_C0609655184,관악아가페데이케어센터,"서울특별시 관악구 난곡로 339, 2층 (신림동, 유성빌딩)",37.4842629754314,126.913800829977
SRC03_C0609655187,서울실버복지센터,"서울특별시 관악구 관천로19길 42, 1층 (신림동)",37.4874285194093,126.919730009153
SRC03_C0609655190,엘라재가복지센터,"서울특별시 관악구 조원로 171, 1층 104호 (신림동)",37.4862850651027,126.921224533761
SRC03_C0609655201,민들레방문요양센터,"서울특별시 강동구 구천면로47길 82, 103호 (암사동)",37.5516852509445,127.135260229994
SRC03_C0609655207,한마음복지용구센터,"서울특별시 강동구 고덕로14길 69, 1층 (암사동)",37.5516877993769,127.131326642187
SRC03_C0609658156,아들과딸 목동 주간보호센터,"서울특별시 양천구 신목로 38, 5층 (신정동)",37.5190295132533,126.873623545107
SRC03_C0609658162,은송림 방문요양센터,"서울특별시 양천구 목동중앙북로 60, 1층 101호 (목동)",37.5469393120808,126.86968745849
SRC03_C0609659163,“(A+)”튼튼한방문간호센터,"서울특별시 구로구 공원로7길 19, 202호 (구로동)",37.5017135123678,126.888036925486
SRC03_C0609659165,가족사랑재가복지센터,"서울특별시 구로구 가마산로 232-11, 1층 (구로동)",37.4937147023957,126.887332617776
SRC03_C0609660172,다인재가방문요양센터,"서울특별시 동대문구 왕산로16길 20, 2층 (용두동)",37.5769803455063,127.030948352851
SRC03_C0609668151,가가행복방문요양센터,"서울특별시 도봉구 도봉로157길 11, 1층 (도봉동)",37.6734548237377,127.043396943969
SRC03_C0609668226,김재복재가복지센터,"서울특별시 종로구 창신길 75, 2층 (창신동)",37.5750611217633,127.010513618674
SRC03_C0609668308,덕분에방문요양센터,"서울특별시 종로구 창신길 66, 1층 (창신동)",37.5745927618811,127.010767126038
SRC03_C0609668346,전국간호요양센터,"서울특별시 은평구 진흥로 184, 2층 (녹번동)",37.6082230225338,126.929856361605
SRC03_C0609668387,유진재가노인복지센터,서울특별시 서대문구 세검정로 57 (홍제동),37.5930175676541,126.947198707931
SRC03_C0609677299,(A)비지팅엔젤스 강서중앙재가방문요양지점,"서울특별시 강서구 화곡로 297, 207호 (화곡동)",37.5509818560011,126.848431256769
SRC03_C0609677346,인사랑돌봄센터,"서울특별시 용산구 두텁바위로 7, 301호 (갈월동)",37.545406152402,126.972992424883
SRC03_C0609677518,늘봄가족요양센터,"서울특별시 영등포구 도림로113길 3-4, 1층 (도림동)",37.5084813961796,126.899544710279
SRC03_C0609677654,관악방문요양복지센터,"서울특별시 관악구 난곡로63길 56, 3층 (신림동)",37.4806869366353,126.911450679806
SRC03_C0609677676,우리방문요양센터,"서울특별시 관악구 조원중앙로 70, 1층 (신림동)",37.4848675701375,126.909018541543
SRC03_C0609677680,튼튼방문요양센터,"서울특별시 강북구 한천로150길 38, 1층 (수유동)",37.6435681026088,127.024572870495
SRC03_C0609677684,사랑재가방문요양센터,"서울특별시 관악구 낙성대역길 87, 지1층 (봉천동)",37.474531091056,126.963691335523
SRC03_C0609677743,더조은 강남재가복지센터,"서울특별시 서초구 방배천로30길 22, 102호 (방배동, 창희림)",37.4880199032694,126.98690054684
SRC03_C0609677796,올케어,"서울특별시 구로구 구로중앙로 211, 402호 (구로동, 화일빌딩)",37.504774090412,126.877373550871
SRC03_C0609677910,믿음재가요양센터,"서울특별시 금천구 독산로50길 98, B동 1층 101/2호 (시흥동, 반도상가)",37.4623385503703,126.909620052863
SRC03_C0609677955,혜봄재가노인복지센터,"서울특별시 도봉구 우이천로 494, 1층 우측호 (쌍문동, 산내들빌라트)",37.6571553018324,127.015466945336
SRC03_C0609677957,아주통합돌봄센터,"서울특별시 도봉구 도당로15길 48, 1층 중앙호 (방학동)",37.6674177692256,127.035421211106
SRC03_C0609677979,보광재가노인복지센터,서울특별시 동작구 만양로14라길 23 (노량진동),37.5107085279528,126.946045267022
SRC03_C0609681165,효담재가노인복지센터,"서울특별시 강서구 양천로59길 46, 2층 204-1호 (가양동)",37.561041563254,126.860025023147
SRC03_C0609681173,은빛마루 재가방문요양센터,"서울특별시 강서구 방화대로48길 40, 상가동 3층 307호 (방화동)",37.5742556295155,126.820167898164
SRC03_C0609683159,현대재가방문요양센터,"서울특별시 동대문구 이문로46길 56, 1층 (이문동)",37.6016128265344,127.065263329741
SRC03_C0609684187,이음시니어케어 중랑점,서울특별시 중랑구 송림길 3-10 (상봉동),37.5990688322153,127.09493797575
SRC03_C0609684225,화령재가복지센터,"서울특별시 송파구 백제고분로28길 23, 102호 (삼전동)",37.5009297829136,127.091612879341
SRC03_C0609684261,아르비앙 데이케어센터,"서울특별시 송파구 오금로57길 22, 1층 (거여동)",37.495576670989,127.143689604012
SRC03_C0609684263,보은재가방문요양센터,"서울특별시 송파구 마천로 20, 5층 506호 (방이동)",37.5096538133054,127.123085829942
SRC03_C0609685151,백세동행 방문요양센터,"서울특별시 강동구 양재대로136길 11, 1층 (명일동)",37.5486701522526,127.144390432468
SRC03_C0609685152,늘품재가복지센터,"서울특별시 강동구 상일로25길 13, 1층 (고덕동)",37.5613299815442,127.169714465622
SRC03_C0609685155,십자성재가방문요양센터,"서울특별시 강동구 양재대로125길 35, 303호 (천호동)",37.5444999749255,127.140352539002
SRC03_C0609686220,서울미래섬김재가센터,"서울특별시 동대문구 천호대로 9, 3층 (신설동)",37.5751158380876,127.024798274831
SRC03_C0609686255,금빛재가요양센터,"서울특별시 강북구 삼양로 230-7, 1층 (미아동)",37.6242027154622,127.019002982686
SRC03_C0609686320,케어24방문요양센터,"서울특별시 성동구 독서당로 210, 3층 (옥수동)",37.5433744707895,127.014203794726
SRC03_C0609686330,새봄방문요양센터,"서울특별시 금천구 독산로47길 13, 102호 (시흥동)",37.4621165237364,126.903556804573
SRC03_C0609686406,금천나비재가복지센터,"서울특별시 금천구 금하로23길 4-1, 2층 (시흥동)",37.4514382441435,126.908749606951
SRC03_C0609687154,다시봄재가센터,"서울특별시 양천구 목동중앙서로 20, 1층 (목동)",37.5325646324759,126.865944841135
SRC03_C0609691208,은평엘림재가복지센터,"서울특별시 은평구 증산로21길 8-24, 1층 좌측호 (신사동)",37.5964961697521,126.914155835966
SRC03_C0609695202,가나다방문요양센터,"서울특별시 은평구 통일로 856 (불광동, 메트로타워 9006호)",37.6196226675938,126.921522873651
SRC03_C0609695492,다정한 복지용구,"서울특별시 강서구 양천로14길 84-4, 1층 (방화동)",37.569713908906,126.808820853274
SRC03_C0609695597,돌봄연구소 행복한시니어케어센터 동부이촌지점,"서울특별시 용산구 이촌로 224, 제지하1층 제비39호 (이촌동, 리버뷰맨션)",37.5201457860245,126.97187711918
SRC03_C0609695708,봄날데이케어센터,"서울특별시 은평구 갈현로29길 33, 갈현동 지1~3층 (갈현동)",37.6208993841686,126.912332642185
SRC03_C0609695804,강동이음 재가복지센터,"서울특별시 강동구 성안로13길 21, 101호 (성내동)",37.5314238725699,127.131250374951
SRC03_C0609695805,청담원 강동누리 재가복지센터,"서울특별시 강동구 성안로27길 58, 102호 (천호동)",37.5400338404437,127.133171590221
SRC03_C0609701188,이오재가복지센터,"서울특별시 강서구 화곡로18길 34-4, 지층 (화곡동)",37.5386494246649,126.835817267974
SRC03_C0609704169,A+가온방문요양센터,"서울특별시 광진구 자양로13길 53, 1층 (자양동)",37.5339879043108,127.08172971462
SRC03_C0609704170,실로암 메디칼,"서울특별시 광진구 자양로 55, 101동 105호 (자양동, 자양 하늘채 베르)",37.5328318624839,127.084626172897
SRC03_C0609704242,(주)케어링 방문요양센터 서울 강동점,"서울특별시 강동구 성내로6길 32, 3층 2호 (성내동)",37.5285971544946,127.122188696118
SRC03_C0609704295,봉천재가복지센터,"서울특별시 관악구 국회단지2길 31, 1층 (봉천동)",37.4866987626481,126.941275739654
SRC03_C0609704373,은나무실버복지센터,"서울특별시 강북구 삼양로 373, 1층 (수유동)",37.6368174570458,127.017005149299
SRC03_C0609706157,한사랑재가복지센터,서울특별시 양천구 곰달래로7길 12 (신월동),37.5308530954286,126.835057453421
SRC03_C0609706159,다온 방문요양센터,"서울특별시 양천구 곰달래로13길 60, 2층 (신월동)",37.5349609871284,126.834707961375
SRC03_C0609706185,가온재가복지센터,"서울특별시 영등포구 가마산로 575, 상가동 206호 (신길동, 한성아파트)",37.5048413546279,126.919573843923
SRC03_C0609706186,스마일시니어 보태미 재가복지센터,"서울특별시 영등포구 선유로52길 12, B1층 (당산동6가)",37.5356080048521,126.899485253126
SRC03_C0609706201,유성재가복지센터,"서울특별시 성북구 화랑로 76, 109호 (하월곡동)",37.6017059749991,127.040579524379
SRC03_C0609706206,바른케어 재가복지센터,서울특별시 성북구 정릉로 314 (정릉동),37.6025456371914,127.017923007149
SRC03_C0609706332,(A+)서울방문요양센터,"서울특별시 도봉구 도당로29길 66, 1층 우측호 (도봉동)",37.670165623515,127.042387710807
SRC03_C0609706334,봄날재가복지센터,"서울특별시 도봉구 도봉로115길 11, 1층 좌측호 (쌍문동)",37.6486144971711,127.033747914638
SRC03_C0609706340,순시미재가복지센터 은평1호점,"서울특별시 은평구 가좌로 280, 우측동 2층 3호 (신사동)",37.5935498363788,126.91316822277
SRC03_C0609706366,윤화데이케어센터,"서울특별시 동대문구 한천로37길 23, 2층 (답십리동)",37.5763174878464,127.066194771869
SRC03_C0609706387,은평재가복지센터,"서울특별시 은평구 증산로9길 6-10, 2층 202호 (증산동, 리젠트)",37.5851922404814,126.910168361568
SRC03_C0609706549,구립우면데이케어센터,"서울특별시 서초구 양재대로2길 110, 3층 (우면동, 우면열린문화센터)",37.456252577114,127.015671642303
SRC03_C0609706563,한마음데이케어 방문요양센터,"서울특별시 강남구 논현로12길 19-4, 3층 (개포동)",37.4752081160325,127.049235046692
SRC03_C0609706642,MG금천남부 데이케어센터,서울특별시 금천구 금하로 750 (시흥동),37.4490734382987,126.913658594513
SRC03_C0609706757,엔케이재가복지센터,"서울특별시 은평구 불광로 59 (불광동, 지층 1호)",37.6123338073332,126.931737818222
SRC03_C0609706978,한주노인복지센터,"서울특별시 동작구 서달로 151, 3층 (흑석동)",37.506971003245,126.96153532294
SRC03_C0609707055,한빛재가요양센터,"서울특별시 광진구 용마산로34길 12, 지하1층 (중곡동)",37.5699903995584,127.086943876027
SRC03_C0609707186,가은데이케어센터,"서울특별시 영등포구 디지털로 398 (대림동, 대성빌딩 1층, 3층)",37.4921005179699,126.903149066375
SRC03_C0609707239,우리재가복지센터,서울특별시 중랑구 사가정로 427 (면목동),37.580682724392,127.09211184719
SRC03_C0609707347,집으로돌봄센터,"서울특별시 성북구 보문로9길 38, 1층 (보문동6가)",37.5788615498871,127.021044494815
SRC03_C0609707415,햇살가득복지용구,"서울특별시 도봉구 도봉로180길 46, 102호 (도봉동)",37.682232817909,127.047755299754
SRC03_C0609707895,이음재가복지센터,"서울특별시 성북구 화랑로32길 28, 1층 (석관동)",37.6090710370474,127.056540185726
SRC03_C0609707896,에스복지용구,"서울특별시 성북구 아리랑로4가길 13, 1층 (동선동5가)",37.5954662687487,127.016779571255
SRC03_C0609711158,더공감재가복지센터,"서울특별시 송파구 올림픽로57길 2-15, 1층 102호 (풍납동, 우노 팰리스)",37.5351993826089,127.121523892308
SRC03_C0609711159,오뚜기데이케어센터,"서울특별시 영등포구 도림로 323, 2층 203, 205호 (신길동)",37.5062023652128,126.901326584166
SRC03_C0609711194,미소재활데이케어센터,"서울특별시 양천구 화곡로 47, 2층 (신월동)",37.5396151066898,126.827099260162
SRC03_C0609711226,강동해피재가복지센터,"서울특별시 강동구 양재대로85길 14, 501호 (성내동)",37.5246021506631,127.134032764917
SRC03_C0609711235,공감재가복지센터,"서울특별시 구로구 중앙로3길 12, 211호 (고척동, 서봉빌딩)",37.5002113050917,126.862941586025
SRC03_C0609711241,다온케어 재가복지센터,"서울특별시 광진구 자양로13다길 33, 1층 (자양동)",37.5330689927067,127.077970330592
SRC03_C0609711512,두레+재가복지센터,"서울특별시 강서구 강서로 468, 101호 (등촌동)",37.5671848166792,126.841489818891
SRC03_C0609711656,(주)케어링 방문요양센터 서울 은평점,"서울특별시 은평구 서오릉로 41-23, 2층 (녹번동)",37.6042912794118,126.923748097239
SRC03_C0609711832,홈케어 방문요양 재가센터,"서울특별시 서대문구 통일로34길 35, 1동 2층 15-16호 (홍제동)",37.5863090730038,126.949729612731
SRC03_C0609711833,신기의료기 홍제점,서울특별시 서대문구 세검정로 51-1 (홍제동),37.5927541518525,126.946873358315
SRC03_C0609711942,이송하 재가복지센터,"서울특별시 강서구 양천로57길 9-8, 203호 (가양동)",37.5636699569707,126.851764453544
SRC03_C0609711943,강서한마음 재가복지센터,"서울특별시 강서구 공항대로41길 51, 808호 (등촌동)",37.5602359798031,126.845776312402
SRC03_C0609712016,미소방문요양센터,"서울특별시 동대문구 무학로36길 24-1, 1층 101호 (용두동)",37.5773566098261,127.031929103332
SRC03_C0609712168,A+포레온 방문요양센터,"서울특별시 강동구 풍성로65길 73, 102호 (둔촌동)",37.5308752781344,127.141451917426
SRC03_C0609712211,88한재가복지센터,"서울특별시 강서구 강서로45라길 55-22, 101호 (내발산동)",37.5505110920159,126.833262563422
SRC03_C0609712288,예당재가노인복지센터,"서울특별시 중구 퇴계로 384, 3층 304호 (신당동)",37.5648528261043,127.014134186591
SRC03_C0609712387,가원복지센터,"서울특별시 양천구 목동중앙북로 38, 상가동 B116호 (목동)",37.5479038468127,126.866954843863
SRC03_C0609712504,삼원재가복지센터,"서울특별시 은평구 통일로73길 28, 1층 (대조동)",37.6147583826218,126.921611687371
SRC03_C0609712508,(A+)은평시니어복지센터,"서울특별시 은평구 연서로38길 16, 102호 (불광동)",37.6220996130021,126.928536026927
SRC03_C0609712843,(A+)하모니주야간보호센터 송파풍납점,"서울특별시 송파구 토성로 58, 3층 (풍납동)",37.5290304826608,127.116078617044
SRC03_C0609714292,온정마루 재가노인복지센타,"서울특별시 성북구 장월로1길 28, 상가동 306호 (상월곡동, 동아에코빌아파트)",37.6087723133633,127.045612298275
SRC03_C0609714421,(주)케어링 방문요양센터 서울 양천점,"서울특별시 양천구 가로공원로 141, 301호 (신월동, BK프라우드)",37.5366462842189,126.831693684364
SRC03_C0609714623,손길재가복지센터,"서울특별시 은평구 은평로10길 17-5, 1층 맨좌측호 (응암동)",37.5993301669815,126.924324681696
SRC03_C0609714844,서울명성재가센터,"서울특별시 성북구 동소문로 225, 4층 (길음동)",37.6022090585735,127.021999036579
SRC03_C0609715202,온누리재가노인복지센터,"서울특별시 중랑구 용마산로118길 91, 201호 (망우동)",37.6013378008234,127.105641963146
SRC03_C0609715203,심청이재가노인복지센터,"서울특별시 중랑구 봉화산로56길 153, 215호 (신내동)",37.6014843289566,127.096785094457
SRC03_C0609715588,재영데이케어센터,"서울특별시 동작구 장승배기로 168, 101호 (노량진동)",37.5126135878966,126.940553263162
SRC03_C0609715611,오늘은 재가복지센터,"서울특별시 양천구 중앙로45길 14, 1층 (신정동)",37.5211223163049,126.851301048424
SRC03_C0609715659,정안재가복지센터,"서울특별시 은평구 녹번로 3, 2층 좌측호 (녹번동)",37.6028466174595,126.926566883397
SRC03_C0609716012,행복드림재가복지센터,"서울특별시 강서구 공항대로41길 66, 326호 (등촌동, 세신종합상가)",37.5606317523438,126.846579308762
SRC03_C0609716097,스마일홈케어 재가복지센터,"서울특별시 성북구 화랑로19길 54, 1층 (상월곡동)",37.6088541138526,127.05029189945
SRC03_C0609719340,케어닥 방문요양센터 길음파트너점,"서울특별시 성북구 동소문로 248, 상가102동 지하층 35호 (길음동, 돈암2-1 삼부아파트)",37.6034576002933,127.024541211803
SRC03_C0609719444,늘사랑 요양복지센터,"서울특별시 강북구 오현로21길 42, 지층 1호 (번동)",37.6257863568885,127.034887608758
SRC03_C0609719558,다솜시니어방문요양센터,"서울특별시 중랑구 면목로 372, 3층 (면목동)",37.5851700330799,127.088577039697
SRC03_C0609719619,한국돌봄지원재단 사회적협동조합,"서울특별시 강동구 아리수로 385, 관리동 109호 (고덕동, 고덕 온빛채 사회적기업공간 102호)",37.5627588805491,127.170832006262
SRC03_C0609720224,신기의료기 양천신월점,"서울특별시 양천구 월정로 50, 상가동 124호 (신월동, 청솔아파트)",37.524261587996,126.842137823501
SRC03_C0609720303,강서실버데이케어센터,"서울특별시 강서구 화곡로58길 22-14, 4층 (화곡동)",37.5523205356113,126.851605639115
SRC03_C0609720565,다사랑재가복지센터,"서울특별시 강서구 강서로29길 59, 2호 (화곡동)",37.5385085205576,126.838768806667
SRC03_C0609720587,명성실버케어센터,"서울특별시 강동구 올림픽로 552, 2층 3호 (성내동)",37.5308341998326,127.12101233589
SRC03_C0609720591,소망재가복지센터,"서울특별시 강동구 천중로 250, 207호 (길동)",37.5404353756035,127.147965158103
SRC03_C0609720594,온다재가복지센터,"서울특별시 강동구 양재대로112길 32, 103호 (길동)",37.5364563442606,127.141526951086
SRC03_C0609720596,지해재가복지센터,"서울특별시 강동구 성안로 11-5, 202호 (성내동)",37.5250967488608,127.128981379349
SRC03_C0609720609,서울엘림통합재활케어센터,"서울특별시 관악구 양녕로 46, 6층 601?2?3-1호 (봉천동, 메카플러스)",37.4861580878937,126.947238616678
SRC03_C0609720612,다옴재가복지센터,"서울특별시 관악구 난곡로26길 39, 101호 (신림동)",37.4702005916807,126.921877405338
SRC03_C0609722291,THE잠실방문요양센터,"서울특별시 송파구 백제고분로22길 20-5, 102호 (삼전동)",37.502033947935,127.088323119136
SRC03_C0609722318,소나무방문요양센터,"서울특별시 송파구 송파대로8길 20, 201호 (장지동, 송파파인타운 10단지 상가동)",37.4781340156972,127.131186737728
SRC03_C0609722323,라파엘시니어케어,"서울특별시 송파구 양재대로71길 32, 201호 (방이동)",37.5114458805942,127.123459536851
SRC03_C0609722470,아가페방문간호센터,"서울특별시 용산구 후암로 97-2, 3층 (동자동)",37.5533708791552,126.974569067653
SRC03_C0609722581,자식도리재가방문센터,"서울특별시 중구 다산로33다길 31, 2층 (신당동)",37.5641628262865,127.013508813775
SRC03_C0609722681,간호사와 함께 위드너스 재가센터,"서울특별시 강남구 논현로 213, 105호 (도곡동)",37.4915488149067,127.040954182934
SRC03_C0609722683,'(A)비지팅엔젤스코리아(주),"서울특별시 강남구 테헤란로 310, 805호 (역삼동)",37.5028515551762,127.044750924563
SRC03_C0609722775,사회적협동조합 가치로운,"서울특별시 강남구 테헤란로 406, A동 C111호 (대치동)",37.5043809944112,127.049963989803
SRC03_C0609723908,햇빛재가노인복지센터,"서울특별시 은평구 응암로 206, 2층 우측호 (응암동)",37.590381100419,126.917511977835
SRC03_C0609727770,구로바른데이케어센터,"서울특별시 구로구 디지털로31길 93, 4층 (구로동)",37.4868233865633,126.890827436892
SRC03_C0609727772,미심재가복지센터,"서울특별시 구로구 경인로 382 (개봉동, 한마을아파트 제상가1동 제지층 제117호)",37.4963730035523,126.863082153299
SRC03_C0609727925,대교뉴이프 재가복지센터 서울중랑센터,"서울특별시 중랑구 상봉중앙로 35, 1층 (상봉동)",37.6002666915822,127.087364795475
SRC03_C0609727950,푸른소나무주야간보호센터 목동점,"서울특별시 양천구 목동로 234, 6층 (목동, 경원빌딩)",37.5294095945918,126.86452047491
SRC03_C0609727967,가문재가복지센터,"서울특별시 중랑구 상봉중앙로 61, 2층 (상봉동)",37.6025226380942,127.087057483081
SRC03_C0609727969,엄마사랑 재가복지센터,"서울특별시 중랑구 동일로152길 23-1, 1층 (묵동)",37.6086640638005,127.079511284277
SRC03_C0609727992,가가호호재가복지센터,"서울특별시 광진구 구의로 59, 1층 (구의동)",37.5432606144101,127.090176212869
SRC03_C0609727993,해담방문요양센터,"서울특별시 광진구 뚝섬로32길 33, 101호 (자양동)",37.5340388154574,127.06682401239
SRC03_C0609728014,온통케어 방문요양센터,"서울특별시 성북구 정릉로27길 59, 103호 (정릉동)",37.6063799677307,127.013246795534
SRC03_C0609728124,가디언 케어 재가복지센터,"서울특별시 강서구 허준로 234, 상가동 401-2호 (가양동, 가양9단지아파트)",37.5585550447206,126.863376121004
SRC03_C0609728148,마음이음 방문요양센터,"서울특별시 동작구 상도로 82, 505호 (대방동)",37.4994737677406,126.929701388226
SRC03_C0609728473,온케어주간보호센터,"서울특별시 송파구 가락로 151, 2층 (송파동)",37.5030008149164,127.112114846464
SRC03_C0609728725,국민건강지원센터,"서울특별시 동작구 상도로15길 67, 지하층 (상도동)",37.5034811753832,126.934897279905
SRC03_C0609728726,국민건강지원센터,"서울특별시 동작구 상도로15길 67, 지층 (상도동)",37.5034811753832,126.934897279905
SRC03_C0609728855,한미재가센터,"서울특별시 강서구 방화동로 126, 1층 164호 (방화동)",37.5719786307152,126.811895300805
SRC03_C0609728931,온정재가복지센터,"서울특별시 양천구 신목로 7, 상가동 102호 (신정동, 목동삼성아파트)",37.5150788692395,126.876418086086
SRC03_C0609728932,바다재가복지센터,"서울특별시 양천구 신목로2길 11, 상가동 105호 (신정동, 청구아파트)",37.5192662818826,126.875475802567
SRC03_C0609729088,우리 재가복지센터,"서울특별시 금천구 금하로15길 15, 101호 (시흥동, 늘푸름 리앤안)",37.4533779066093,126.90526535046
SRC03_C0609731302,응봉재가노인복지센터,"서울특별시 성동구 독서당로59다길 16-2, 비동 01호 (응봉동)",37.5529342068606,127.03092097859
SRC03_C0609731545,보배재가복지센터,"서울특별시 강서구 방화대로45길 51, 1층 우측첫번째호 (방화동)",37.5742027411416,126.813661198173
SRC03_C0609731857,정원재가복지센터,"서울특별시 은평구 진관2로 15-8, 1층 108호 (진관동)",37.6353936531351,126.919559891188
SRC03_C0609732097,고운손재가복지센터,"서울특별시 마포구 백범로25길 41, 1층 (염리동, 우측)",37.5477432882693,126.94722488824
SRC03_C0609732173,한마음데이케어센터,"서울특별시 강북구 삼양로 186, 4층 (미아동)",37.6205111970209,127.021082961339
SRC03_C0609732312,대교뉴이프 재가복지센터 강남센터,"서울특별시 강남구 봉은사로 420, 507호 (삼성동)",37.5105385455645,127.046217515252
SRC03_C0609732314,브라보 시니어케어 강남센터,"서울특별시 강남구 도곡로 221, 302호 (역삼동)",37.4933849559237,127.043042522545
SRC03_C0609732683,사랑e음복지센터,"서울특별시 송파구 오금로57길 3-4, 1층 (거여동)",37.4947404547417,127.142343687888
SRC03_C0609732684,블리스케어 통합돌봄센터,"서울특별시 송파구 송파대로 260, 1922호 (가락동, 제일오피스텔)",37.4931390130546,127.118864841565
SRC03_C0609732791,사랑나눔재가복지센터,"서울특별시 성북구 동소문로46길 6, 2층 (하월곡동)",37.6069520405666,127.029118393717
SRC03_C0609732908,등촌효누리재가복지센터,"서울특별시 강서구 공항대로41길 66, 304호 (등촌동, 세신종합상가)",37.5606317523438,126.846579308762
SRC03_C0609733001,우리동네홈케어복지센터,"서울특별시 영등포구 영등포로65길 3, 상가동 304호 (신길동)",37.5150274864355,126.918401816732
SRC03_C0609733004,시니어둥지재가복지센터,"서울특별시 영등포구 양산로 97-2, 1층 (당산동3가)",37.5245411032248,126.893928504262
SRC03_C0609733011,달빛공원재가복지센터,"서울특별시 영등포구 영신로38길 7-1, 지층 102호 (영등포동6가)",37.5211021662749,126.902184901327
SRC03_C0609733016,마포방문요양센터,"서울특별시 마포구 양화로6길 65, 3층 (서교동)",37.5487465913286,126.91781430833
SRC03_C0609733046,효방문요양센터,"서울특별시 동대문구 한천로18길 25, 1층 (장안동)",37.5686869648338,127.065381629004
SRC03_C0609733052,한강숲데이케어센터,"서울특별시 동작구 노량진로 171-2, 4~5층 (노량진동)",37.5142049832137,126.945497215481
SRC03_C0609733072,가인재가복지센터,"서울특별시 동작구 남부순환로257가길 4, 401호 (사당동, 목화빌라10차)",37.4773556482835,126.973047232359
SRC03_C0609737178,강북리엘재가복지센터,"서울특별시 강북구 인수봉로 55-1, 1층 (미아동)",37.6249040382936,127.012238504379
SRC03_C0609739208,그루온재가복지센터,"서울특별시 관악구 조원로 158, 1층 (신림동)",37.4857820695257,126.919673992919
SRC03_C0609739539,하나로재가복지센터,"서울특별시 은평구 통일로66길 12-1, 3층 301호 (불광동)",37.6107586091991,126.931583529455
SRC03_C0609739541,프라임통합재활케어센터,"서울특별시 은평구 연서로 64 (역촌동, 요셉빌딩 1층, 3층)",37.6048507751029,126.915895353485
SRC03_C0609739818,구립가재울데이케어센터,서울특별시 서대문구 모래내로13길 11 (남가좌동),37.5695114475561,126.916703697622
SRC03_C0609739848,두례플러스재가요양센터,"서울특별시 성북구 화랑로48길 16, 상가동 306호 (석관동, 두산아파트)",37.6137702863968,127.068980441185
SRC03_C0609740155,강서홈케어 재가노인복지센터,"서울특별시 강서구 강서로5나길 37, 302호 (화곡동)",37.5283493804781,126.846196994213
SRC03_C0609740157,케어닥 재가방문요양센터 VL르웨스트점,"서울특별시 강서구 마곡중앙3로 16, B205호 (마곡동)",37.5629708738715,126.824552633783
SRC03_C0609740161,하이웰 재가복지센터,"서울특별시 강서구 양천로67길 3, 1층 (염창동)",37.5545175248527,126.86735061902
SRC03_C0609740216,아크시니어케어 영영센터,"서울특별시 중랑구 공릉로2길 8-10, 1층 101호 (묵동)",37.6116027799014,127.078494181435
SRC03_C0609740563,에덴재가복지센터,"서울특별시 은평구 가좌로7다길 9, 1층 (응암동)",37.5851180826344,126.918346429875
SRC03_C0609740575,우리스마일재가센터,"서울특별시 은평구 통일로87길 5-4, 2층 (갈현동)",37.6231238479006,126.918907505246
SRC03_C0609740820,두루방문요양센터,"서울특별시 마포구 월드컵로 205, 상가동 209호 (성산동, 성산임대아파트)",37.5650296025517,126.901572081455
SRC03_C0609741078,신기의료기 금천점,"서울특별시 금천구 금하로 688, 1층 (시흥동)",37.4518639114203,126.90648095022
SRC03_C0609741119,행복데이케어센터,"서울특별시 성북구 오패산로 13, 2층 (하월곡동)",37.6034702633832,127.037115153165
SRC03_C0609741120,한양실버주간보호센터,"서울특별시 강서구 양천로 100-1 (방화동, 3,4층)",37.5732017723721,126.815058656627
SRC03_C0609741121,SD강서데이케어센터,서울특별시 강서구 화곡로66길 186-4 (등촌동),37.5539209571465,126.862607888904
SRC03_C0609741130,한가람재가복지센터,"서울특별시 양천구 목동중앙북로8라길 16, 1층 (목동, 중앙)",37.5464201285609,126.864302982271
SRC03_C0609741131,골든방문요양센터,"서울특별시 양천구 중앙로46길 16, 101호 (신정동)",37.5221524155791,126.853814066665
SRC03_C0609741133,다봄케어방문요양센터,"서울특별시 양천구 중앙로29길 5, 2층 (신정동)",37.5172569733129,126.853502029355
SRC03_C0609744213,양천누리 재가복지센터,"서울특별시 양천구 남부순환로48길 25, 지층 (신월동)",37.5332109167717,126.827794241049
SRC03_C0609744215,메디홈방문간호센터,"서울특별시 양천구 신월로 99, 상가동 301호 (신월동, 신월시영아파트)",37.5184159016956,126.835157228112
SRC03_C0609744217,찬미재가복지센터,"서울특별시 양천구 남부순환로40길 71, 1층 (신월동)",37.5327579570029,126.825993205628
SRC03_C0609744355,한아름방문요양센터,"서울특별시 금천구 독산로41가길 25, 1층 (시흥동)",37.4590384919843,126.901811990513
SRC03_C0609744378,믿음재가복지센터,"서울특별시 관악구 난곡로 101, 104호 (신림동)",37.4646975659955,126.918917508634
SRC03_C0609744405,바로선방문간호재활센터,"서울특별시 강북구 도봉로23길 58, 1층 (미아동)",37.6184358507041,127.025684938215
SRC03_C0609744406,번동돌봄방문간호센터,"서울특별시 강북구 월계로 187, 지하1층 (번동)",37.6209193173482,127.045228928227
SRC03_C0609746191,봄봄재가노인복지센터,"서울특별시 종로구 비봉5길 33, 1층 (구기동)",37.6137978600097,126.953035118947
SRC03_C0609746199,KB종로평창카운티 방문요양센터,"서울특별시 종로구 평창문화로 87, 1층 (평창동)",37.6073086277665,126.970782371875
SRC03_C0609746239,두이홈재가복지센터,"서울특별시 도봉구 우이천로20길 7, 103동 205호 (창동, 건영캐스빌아파트)",37.6417332058849,127.034771563448
SRC03_C0609746241,든든복지용구,"서울특별시 도봉구 덕릉로63가길 61, 213호 (창동, 창동대우아파트 상가동)",37.6426063787029,127.037330634079
SRC03_C0609746243,좋은만남재가복지센터,"서울특별시 도봉구 마들로 685, 2층 (도봉동)",37.6714753520093,127.046291639761
SRC03_C0609746266,구하나재가방문요양센터,서울특별시 구로구 도림로12길 20 (구로동),37.4865641728171,126.889092765532
SRC03_C0609746271,연세재가복지센터,"서울특별시 구로구 경인로 164, 407호 (오류동)",37.4940224220979,126.839968378442
SRC03_C0609746310,보온케어 재가복지센터,"서울특별시 영등포구 신길로8길 9, 1층 (신길동)",37.4957529606994,126.909436637088
SRC03_C0609746313,수유재가방문센터,"서울특별시 강북구 삼양로74길 76, 1층 (미아동)",37.6301530981117,127.022124975505
SRC03_C0609748267,한마음재가센터,"서울특별시 강남구 논현로12길 19-4, 3층 (개포동)",37.4752081160325,127.049235046692
SRC03_C0609748341,SM천사 주간보호센터,"서울특별시 서대문구 연희로 233, 105동 1층 101호 (연희동, 연희미다스파크)",37.5779125996829,126.935088379677
SRC03_C0609748494,효사랑재가요양센터,서울특별시 동작구 동작대로33길 36 (사당동),37.4902037876795,126.980522970105
SRC03_C0609748497,새오름복지센터,"서울특별시 동작구 사당로17길 8, A동 309호 (사당동, 대림프라자)",37.4841015150633,126.974314762616
SRC03_C0609748685,신기의료기 은평점,"서울특별시 은평구 연서로 28, 101호 (역촌동, 은평연리지아파트)",37.6015959250668,126.916242597602
SRC03_C0609748689,더함께재가복지센터,"서울특별시 은평구 불광천길 410-24, 지층우층 (응암동)",37.5919860067154,126.915936102015
SRC03_C0609748797,더성북홈케어,"서울특별시 성북구 종암로24길 35, 상가동 201호 (종암동, 종암2차 SK VIEW)",37.6014316163378,127.034666166999
SRC03_C0609749015,수림재가복지센터,서울특별시 동대문구 회기로23가길 59-10 (회기동),37.5935578368152,127.053723147951
SRC03_C0609749044,아리온재가복지센터,"서울특별시 도봉구 도당로13나길 6, 1층 (방학동)",37.6658421280017,127.035442450428
SRC03_C0609749046,365봄방문요양센터,"서울특별시 도봉구 도당로13길 8, 302호 (방학동)",37.6653412719347,127.035743923351
SRC03_C0609749144,사랑드림 방문요양센터,"서울특별시 강동구 상일로7길 6-3, 1층 101호 (상일동)",37.5501317337592,127.172410581089
SRC03_C0609749539,다소니케어재가방문요양센터,"서울특별시 용산구 효창원로 140, 7층 (효창동)",37.5403150904039,126.96199433756
SRC03_C0609749642,은평의료기 복지용구,"서울특별시 은평구 진흥로 68, 301호 (녹번동)",37.6030272323565,126.921747549008
SRC03_C0609749670,다온재가복지센터,"서울특별시 은평구 증산로15길 44, 1층 우측호 (신사동)",37.5905298139758,126.908764506127
SRC03_C0609751259,웰프렌드 강동방문요양센터,"서울특별시 강동구 강동대로 207, 802호 (성내동)",37.5239276515168,127.129354378186
SRC03_C0609751307,9학년데이케어센터 2호점,"서울특별시 강동구 천호대로 1037, 6층 (천호동, 세우빌딩)",37.5378379676663,127.12733248525
SRC03_C0609751349,구로따뜻한마음 재가센터,"서울특별시 구로구 경인로35길 55, 1층 105호 (개봉동)",37.4991203763282,126.853344653205
SRC03_C0609751435,늘봄 재가복지센터,서울특별시 강북구 삼양로98길 42 (수유동),37.638723288323,127.019480612461
SRC03_C0609751436,한신데이케어센터,"서울특별시 강북구 인수봉로 159 (수유동, 만우기념관)",37.6350411409753,127.012928994092
SRC03_C0609751437,참좋은재가복지센터,"서울특별시 강북구 삼양로77길 65, 1층 (수유동)",37.6285426284275,127.014971173631
SRC03_C0609751544,더사랑재가복지센터,"서울특별시 서초구 서초대로46길 35, 6층 (서초동)",37.4909216659077,127.010636148399
SRC03_C0609751547,서초누리재가복지센터,"서울특별시 서초구 서초대로 389, 2층 17호 (서초동)",37.4970811308117,127.023665230654
SRC03_C0609751550,하나시니어복지용구,"서울특별시 서초구 동광로 56-9, 1층 103,102-2호 (방배동)",37.4917138130331,126.989158956599
SRC03_C0609751984,A플러스 힘찬방문재활간호센터,"서울특별시 송파구 올림픽로4길 48, 120호 (잠실동, 프리마쇼핑센터)",37.5065618089885,127.074256049362
SRC03_C0609751986,효당돌봄재가센터,"서울특별시 송파구 동남로 189, 2층 203호 (가락동)",37.4946614092198,127.129853687565
SRC03_C0609751987,AA플러스 한사랑재가복지전문센터,"서울특별시 송파구 가락로16길 3-12, 303호 (석촌동)",37.5011524862879,127.109236397083
SRC03_C0609753188,샘마을재가노인복지센터,"서울특별시 관악구 대학길 96, 1층 2호 (신림동)",37.4664486924998,126.937470862835
SRC03_C0609753218,신기의료기 서울본점,"서울특별시 중랑구 면목로 355, 1층 102호 (면목동, 삼일아파트)",37.5837291776356,127.088078766567
SRC03_C0609753222,사랑나눔재가노인복지센터,"서울특별시 중랑구 동일로 814, 4층 (중화동)",37.6033266528406,127.079434145072
SRC03_C0609753277,사랑모아데이케어센터,"서울특별시 강서구 강서로52길 50, 2층 (내발산동)",37.5574676690394,126.840887595578
SRC03_C0609753279,이레재가복지센터,"서울특별시 영등포구 영신로 5, 301호 (도림동)",37.512096137726,126.909349594706
SRC03_C0609753283,서연방문재활간호 재가요양센터 영등포점,"서울특별시 영등포구 영등포로3길 9, 상가동 108호 (양평동2가, 양평동삼성아파트)",37.5246516766197,126.882163729679
SRC03_C0609753348,세왕이레방문요양센터,"서울특별시 성동구 무학봉28길 7, 202호 (하왕십리동)",37.5622020020122,127.03307484356
SRC03_C0609753375,가나안 재가복지센터,"서울특별시 강남구 학동로20길 60, 305호 (논현동)",37.5101322559265,127.026762543316
SRC03_C0609753532,그린재가복지센터,"서울특별시 은평구 가좌로5길 10, 지층 (응암동)",37.5862158483302,126.921528747835
SRC03_C0609753842,사랑손길재가노인복지센터,서울특별시 동작구 신대방길 65 (신대방동),37.4887835376283,126.909732708449
SRC03_C0609753998,그린메디칼,"서울특별시 금천구 금하로1다길 23, 1층 (독산동)",37.4533125683057,126.891029528829
SRC03_C0609754053,반가운방문요양센터,"서울특별시 강동구 구천면로57길 35, 1층 (암사동)",37.5514346525948,127.136928653938
SRC03_C0609754060,희망재가요양센터,"서울특별시 강동구 천호대로170길 77, B1호 (성내동)",37.5319842744495,127.131996369509
SRC03_C0609754061,동행방문요양센터,"서울특별시 강동구 올림픽로92길 38, 1층 (천호동, 아메스빌)",37.54778647504,127.128959018069
SRC03_C0609754172,미소지움단기보호센터,"서울특별시 동대문구 한천로37길 19, 3층 (답십리동)",37.5763184787421,127.066515708691
SRC03_C0609756432,강북참사랑재가방문센터,"서울특별시 강북구 오현로 32, 5층 (미아동)",37.6163201113602,127.033715530906
SRC03_C0609756480,한사랑재가복지센터,"서울특별시 광진구 광나루로56길 85, 7층 E-120호 (구의동)",37.535725176732,127.095692162256
SRC03_C0609756518,함께하는 방문요양센터,"서울특별시 관악구 낙성대로 32, 202호 (봉천동)",37.4756498850856,126.958778532144
SRC03_C0609756585,나무방문간호센터,"서울특별시 동대문구 난계로26길 11, 3층 301호 (신설동)",37.5721867526707,127.024127959792
SRC03_C0609756587,아이에이치케어,"서울특별시 구로구 서해안로 2098, 302호 (항동)",37.4800610311955,126.823207022088
SRC03_C0609756588,상록재가복지센터,"서울특별시 구로구 공원로 3, 지층 003호 (구로동, 구로선경오피스텔)",37.4976977842625,126.892261937265
SRC03_C0609756589,구름기둥 방문간호요양센터,"서울특별시 구로구 개봉로3길 59, 1층 (개봉동)",37.4860510010048,126.852977404887
SRC03_C0609756629,양천방문요양센터,"서울특별시 양천구 화곡로8길 19, 1층 (신월동)",37.5375746177936,126.829768677994
SRC03_C0609756682,성심재가복지센터,"서울특별시 금천구 금하로 763, 1층 117,118호 (시흥동)",37.4503452637179,126.914588261631
SRC03_C0609756955,제이제이방문간호센터,"서울특별시 광진구 긴고랑로13길 33, 1층 (중곡동)",37.56400992018,127.082336921716
SRC03_C0609756956,늘함께협동조합노인복지센터,"서울특별시 광진구 능동로44길 41, 1층 (중곡동)",37.5602804141254,127.083889503968
SRC03_C0609757065,세빛방문요양센터,"서울특별시 은평구 연서로 149, 상가동 217호 (갈현동, 동광갈현베르빌)",37.6122113176376,126.916913986936
SRC03_C0609757103,압구정현대방문요양센터,"서울특별시 강남구 압구정로29길 71, 4동 지하층 3-1호 (압구정동)",37.5336032834133,127.028325815765
SRC03_C0609758208,더 한마음재가노인복지센터,"서울특별시 강서구 국회대로 105, 3층 304호 (화곡동)",37.5279256475659,126.84661871399
SRC03_C0609758210,골드린 재가복지센터,"서울특별시 강서구 양천로 400-12, 2층 209-3호 (등촌동)",37.5653423364178,126.84574846806
SRC03_C0609758321,효감재가요양복지센터,"서울특별시 양천구 목동중앙남로9길 41, 2층 (목동)",37.5378713602665,126.86414671847
SRC03_C0609758586,(주)다정통합복지센터,"서울특별시 성동구 용답중앙11길 18, 1층 (용답동)",37.5662758972295,127.052380926953
SRC03_C0609758596,늘봄방문요양센터,"서울특별시 은평구 통일로 671, 3층 (녹번동, 오피스텔수안)",37.606373086318,126.933231376705
SRC03_C0609758801,늘푸른재가노인복지센터,"서울특별시 은평구 갈현로 139, 1층 (구산동)",37.6103564450158,126.910973822824
SRC03_C0609758983,365행복재가노인복지센터,"서울특별시 성북구 동소문로10길 34, 2층 (삼선동4가)",37.5890757970833,127.011576274515
SRC03_C0609759002,온정재가복지센터,"서울특별시 성북구 정릉로32길 20-18, 1층 (정릉동)",37.6020274452008,127.015614293055
SRC03_C0609763269,온케어재가복지센터,서울특별시 서대문구 세검정로1길 61 (홍은동),37.5935591710779,126.944679161164
SRC03_C0609763271,A플러스성심재가복지센터,"서울특별시 서대문구 수색로4나길 11, A동 2층 210호 (남가좌동, dmc가재울아이파크아파트)",37.5710887052509,126.914154216412
SRC03_C0609763403,가온재가복지센터,"서울특별시 성북구 정릉로26길 8, 상가동 1층 105호 (정릉동)",37.6038670811154,127.010847672186
SRC03_C0609763444,봄햇살 재가방문요양센터,"서울특별시 동작구 보라매로 100-2, 3층 301호 (신대방동, 스타하우스)",37.4982927231834,126.928490881014
SRC03_C0609763624,(A)비지팅엔젤스 강서방화재가방문요양지점,"서울특별시 강서구 양천로14길 74, 전면좌측호 (방화동)",37.5699994358436,126.80898901072
SRC03_C0609763655,참조은 데이케어센터,"서울특별시 강서구 양천로 31, 3층 (방화동)",37.5729297668518,126.807343188339
SRC03_C0609763961,휴먼재활주간보호센터,"서울특별시 영등포구 시흥대로 675, 5층 (대림동)",37.4920362690323,126.908451130592
SRC03_C0609764029,보듬재가복지센터,"서울특별시 강북구 수유로8길 18, 1층 (수유동)",37.6327716458285,127.020040186664
SRC03_C0609764115,모두의재가복지센터,"서울특별시 도봉구 방학로2길 52, 1층 (방학동)",37.6652971069812,127.0410543313
SRC03_C0609764118,고운결 방문요양센터,"서울특별시 동대문구 답십리로 77, 1층 12호 (전농동)",37.5751171286371,127.049586247831
SRC03_C0609765342,공감 재가복지센터,"서울특별시 강서구 등촌로39길 36, 2층 201호 (등촌동)",37.546095049405,126.86059127298
SRC03_C0609765472,우리행복한 재가복지센터,"서울특별시 양천구 남부순환로59길 13, 202호 (신월동)",37.5324759098636,126.832640069437
SRC03_C0609765485,장성재가복지센터,"서울특별시 양천구 목동중앙본로 35, 1층 101호 (목동)",37.5392894141835,126.869228715767
SRC03_C0609765500,중랑금강단기보호센터,"서울특별시 중랑구 망우로 262, 2층 (상봉동)",37.5950836210377,127.081747458018
SRC03_C0609765507,늘곁에간호재가복지센터,"서울특별시 중랑구 동일로130길 10, 103호 (중화동)",37.5995252774853,127.080639960301
SRC03_C0609765598,브니엘재가복지센터,"서울특별시 영등포구 도신로15라길 5-7, 상가동 105호 (도림동, 한라아파트)",37.5078533390581,126.897382034817
SRC03_C0609765997,브라보 방문요양 마포센터,"서울특별시 마포구 월드컵북로 137, 3층 (성산동, 304-2호)",37.5648258493667,126.91166211022
SRC03_C0609768192,해담재가복지센터,"서울특별시 영등포구 영등포로28길 5, 2층 85, 86호 (당산동1가, 당산동코오롱주.상복합아파트)",37.5199566804594,126.899242004253
SRC03_C0609769166,브라보 데이케어 마포라운지,"서울특별시 마포구 월드컵북로 137 (성산동, 2층, 3층 일부(304-1호))",37.5648258493667,126.91166211022
SRC03_C0609769220,광진늘봄재가센터,"서울특별시 광진구 구의로4길 11, 1층 (구의동)",37.5400922817906,127.090252281013
SRC03_C0609769224,광진효나눔센터,"서울특별시 광진구 면목로 132-1, 2층 (중곡동)",37.5651060129209,127.080989380602
SRC03_C0609770401,마포한결데이케어센터,"서울특별시 마포구 효창원로 243 (공덕동, B1~4층(101호 제외))",37.5490852128779,126.963343662809
SRC03_C0609770516,아셀데이케어센터,"서울특별시 송파구 가락로 209, 2층 (송파동)",37.5071999252324,127.116148519048
SRC03_C0609770564,청춘더하기 방문요양센터 금천시흥점,"서울특별시 금천구 시흥대로 97, 315호 (시흥동)",37.4446821230267,126.901072369386
SRC03_C0609770782,행복한 가족,"서울특별시 강서구 강서로56길 56, 1층 101, 102호 (등촌동, 메종드남광)",37.5592027241024,126.841831213744
SRC03_C0609770837,다사랑재가복지센터,"서울특별시 강북구 솔샘로 251, 지하1층 2호 (미아동)",37.6197487724887,127.020622413695
SRC03_C0609770838,정성재가복지센터,"서울특별시 강북구 도봉로13가길 10, 102호 (미아동)",37.6148775594094,127.028882045141
SRC03_C0609770851,늘 행복한 재가복지센터,"서울특별시 강북구 한천로170길 20, 103호 (수유동)",37.6479531642865,127.017064571291
SRC03_C0609770859,도봉인지재활데이케어센터,"서울특별시 도봉구 마들로13길 175, 3층 (창동)",37.6580004707369,127.045809557658
SRC03_C0609770860,도봉인지재활데이케어센터,"서울특별시 도봉구 마들로13길 175, 3층 (창동, 잼스빌딩)",37.6580004707369,127.045809557658
SRC03_C0609770870,행복동행재가복지센터,"서울특별시 강북구 한천로140길 64, 1층 (수유동)",37.6422673865657,127.029166843906
SRC03_C0609770954,이음재가복지센터,"서울특별시 서대문구 홍연길 82, 1층 3호 (연희동)",37.5765560769531,126.931137787376
SRC03_C0609770966,돌봄의정석 재가노인복지센터,"서울특별시 강서구 공항대로 242, 11층 1122호 (마곡동)",37.5584801960397,126.834327579685
SRC03_C0609771003,안토재가복지센터,"서울특별시 중구 다산로 93, 101호 (신당동, 태산빌딩)",37.5528322533985,127.008626337842
SRC03_C0609771007,어울림재가복지센터,"서울특별시 강서구 금낭화로 287-19, 상가동 202호 (방화동)",37.5768038501964,126.810286852537
SRC03_C0609771052,예스재가복지센터,"서울특별시 양천구 중앙로29길 61, 상가 동 111호 (신월동, 신정뉴타운롯데캐슬)",37.5195419716155,126.848124974896
SRC03_C0609771060,(A)비지팅엔젤스 광진방문요양간호지점,"서울특별시 광진구 광나루로38길 74, 102호 (구의동)",37.5416567371022,127.087065869486
SRC03_C0609771073,해오름재가복지센터,"서울특별시 관악구 신림로32길 14, 1층 (신림동)",37.47473777933,126.937415345581
SRC03_C0609771097,라온재가복지센터,"서울특별시 강서구 가로공원로 179, 지층 (화곡동)",37.5371987971442,126.835803929219
SRC03_C0609771492,오사랑재가복지센터,"서울특별시 동작구 동작대로9길 20-6, 101호 (사당동)",37.4808341144059,126.980537612933
SRC03_C0609771544,한우리케어방문요양센터,"서울특별시 마포구 성미산로13길 14, 1층 101호 (성산동, 하정아트빌)",37.5615228765355,126.917114276898
SRC03_C0609771625,엠지새롬데이케어센터,서울특별시 구로구 경인로19길 37-7 (오류동),37.4971712989411,126.842007371197
SRC03_C0609771674,스마일시니어참마음재가복지센터,"서울특별시 도봉구 도봉로125길 100, 지층 (쌍문동)",37.6567887646661,127.037865044142
SRC03_C0609771829,바른재가복지센터,"서울특별시 용산구 원효로77길 30, 1층 102호 (원효로1가)",37.53925371176,126.965514824578
SRC03_C0609771875,해오름재가복지센터,"서울특별시 서초구 서초중앙로20길 34-5, 201호 (서초동)",37.4922687743127,127.016101623528
SRC03_C0609771893,가로공원재활데이케어센터,"서울특별시 양천구 가로공원로 136, 3층 (신월동)",37.535968193421,126.831000731774
SRC03_C0609771894,가로공원재활데이케어센터,"서울특별시 양천구 가로공원로 146, 3층 (신월동)",37.5361455790295,126.832186307461
SRC03_C0609771949,안심동행재가복지센터,서울특별시 성북구 정릉로34길 26-8 (정릉동),37.6015715962266,127.017183635168
SRC03_C0609776355,은평행복드림재가노인복지센터,"서울특별시 은평구 백련산로 6, 102호 (응암동, 대주 피오레 아파트 상가)",37.5861456080931,126.923229496069
SRC03_C0609776359,국민건강복지센터,서울특별시 은평구 갈현로 201 (갈현동),37.6156118626964,126.913206569168
SRC03_C0609776371,은평성심재가복지센터,"서울특별시 은평구 진관3로 77, 923동 상가층 101호 (진관동, 은평뉴타운 구파발)",37.6447082905283,126.920876918142
SRC03_C0609776375,사랑애방문요양센터,"서울특별시 은평구 은평로 15, 104호 (신사동)",37.5975281825184,126.909711682258
SRC03_C0609776402,아트재가복지센터,서울특별시 성동구 용답23길 6-1 (용답동),37.5613709243634,127.052873344483
SRC03_C0609776546,온마음365케어재가센터,"서울특별시 동작구 사당로20길 18, 102호 (사당동)",37.482351927107,126.975544695692
SRC03_C0609776549,당신옆에 ㅈ재가복지센터,"서울특별시 동작구 사당로16마길 6, 1층 (사당동)",37.4817966791353,126.972083365032
SRC03_C0609776550,당신옆에 재가복지센터,"서울특별시 동작구 사당로16마길 6, 1층 (사당동)",37.4817966791353,126.972083365032
SRC03_C0609776564,청담정방문요양재가센터,"서울특별시 강남구 학동로101길 21, 204호 (청담동, 신우빌딩)",37.5217835219323,127.057129570826
SRC03_C0609777365,조이실버복지타운,"서울특별시 성북구 화랑로11길 26, B112호 (하월곡동, 월곡갑을명가 )",37.6032954435101,127.04203446379
SRC03_C0609777532,한마음데이케어방문요양센터,"서울특별시 강남구 논현로12길 19-4, 2-3층 (개포동)",37.4752081160325,127.049235046692
SRC03_C0609777575,실버캐슬요양원,"서울특별시 금천구 시흥대로139길 14, 2층 (독산동)",37.4729970538554,126.897266465278
SRC03_F03910,영등포재가노인지원센터,서울특별시 영등포구 선유서로34길 10 (양평동3가),37.526869498543,126.887435272041
SRC03_F04341,금호데이케어센터,"서울특별시 성동구 독서당로 272 (금호동4가, 금호동 대우아파트)",37.5453300340479,127.017925368592
SRC03_F04393,강서시니어스주야간보호센터,서울특별시 강서구 공항대로 315 (등촌동),37.5584986162827,126.842791205411
SRC03_F04423,갈현동성당데이케어센터,서울특별시 은평구 통일로83길 24-9 (갈현동),37.6211013234073,126.916980666717
SRC03_F04424,구파발성당데이케어센터,서울특별시 은평구 진관2로 29-16 (진관동),37.6362101659864,126.919883716473
SRC03_F04453,금호동성당데이케어센터,서울특별시 성동구 무수막18길 36 (금호동2가),37.5515991391005,127.02240332505
SRC03_F04454,왕십리성당데이케어센터,서울특별시 성동구 무학로10길 21 (홍익동),37.5662603501179,127.033427978699
SRC03_F04455,성동구립사근동데이케어센터,서울특별시 성동구 사근동길 37 (사근동),37.5614995718917,127.045325973415
SRC03_F04456,성수데이케어센터,서울특별시 성동구 성덕정길 79 (성수동2가),37.5380275897336,127.052462879875
SRC03_F04558,천호동성당데이케어센터,서울특별시 강동구 구천면로 236-15층 (천호동),37.5414125627311,127.130577994613
SRC03_F04610,에이스희망케어센터,서울특별시 동대문구 고산자로 420경동프라자 6층 (용두동),37.5771553592083,127.038746521172
SRC03_F04768,서울시립동대문실버케어센터,서울특별시 동대문구 황물로 12 (답십리동),37.5758489828215,127.044918304374
SRC03_F04769,서울시립마포실버케어센터,서울특별시 마포구 백범로31길 21 (공덕동),37.5474587622726,126.950577944061
SRC03_F14038,구립연희안산데이케어센터,서울특별시 서대문구 연희로29길 5,37.5747430749156,126.935075622169
SRC03_F14084,우면데이케어센터,서울특별시 서초구 양재대로2길 106우면동 767(우면동),37.4561084600715,127.016008083183
SRC03_G0044,삼농데이케어센터,서울특별시 구로구 오류로8길 84 (오류동),37.4923751941495,126.844756449835
SRC03_G0079,까리따스데이케어센터,"서울특별시 서초구 남부순환로 2124, 4층 (방배동)",37.4749858709744,126.984373624524
SRC03_G0117,유린원광방문요양센터,서울특별시 중랑구 신내로 56 (신내동),37.6044704692153,127.09591571136
SRC03_G0156,광진노인보호센터,서울특별시 광진구 뚝섬로58길 13 (자양동),37.5313148564127,127.084613258342
SRC03_G0190,서울시양천구재가노인복지기관,서울특별시 양천구 목동남로 52 (신정동),37.5090797461277,126.865318976459
SRC03_G0240,삼동재가방문요양센터,"서울특별시 강북구 한천로105길 24, 지하1층 (번동)",37.6276084068396,127.044805112576
SRC03_G0250,여민데이케어센터,서울특별시 서대문구 증가로4길 58-6 (홍은동),37.5777156263837,126.928213713976
SRC03_G0362,구립한남데이케어센터,서울특별시 용산구 독서당로 103 (한남동),37.5356019057174,127.010775094877
SRC03_G0568,국민건강보험공단 서울요양원 재가복지센터,서울특별시 강남구 헌릉로590길 50 (세곡동),37.4613703663442,127.104020538506
SRC03_G0572,참마음노인복지센터,"서울특별시 양천구 지양로13길 6, 201호 (신월동)",37.5229939368221,126.831422315919
SRC03_G0577,훼밀리데이케어센터,서울특별시 송파구 문정동 150-30 3층,37.491163748349,127.116134425653
SRC03_G0760,가온요양원1주야간,"서울특별시 강북구 한천로 1075, 3층 (수유동)",37.6421582966892,127.023420323196
SRC03_G0817,성산노인복지센터,"서울특별시 마포구 월드컵북로12안길 68, 1층 (성산동)",37.5645811816359,126.913545606781
SRC03_G0837,구립효창데이케어센터,"서울특별시 용산구 효창원로 146-12 (효창동, 효창종합사회복지관 1층)",37.5411436404796,126.963101106665
SRC03_G0862,구립신내노인종합복지관 병설 신내데이케어센터,"서울특별시 중랑구 신내로15길 175, 1층 (신내동, 구립신내노인종합복지관)",37.6148125057942,127.087889229646
SRC03_G0874,시립중랑노인전문요양원 병설 데이케어센터,"서울특별시 중랑구 양원역로 38, 1층 (망우동, 시립중랑노인전문요양원)",37.6043947292607,127.10768066266
SRC03_G0910,서울종합데이케어센터,"서울특별시 마포구 토정로32길 4, 3층 (용강동)",37.5410712879596,126.94128505826
SRC03_G0934,늘푸른돌봄센터,서울특별시 광진구 용마산로8길 65 (중곡동),37.5594674061624,127.091464029548
SRC03_G1034,혜화동성당데이케어센터,서울특별시 종로구 혜화로12길 14-9 (혜화동),37.5893620677259,127.000640398853
SRC03_G1042,그레이스 실버데이케어센터,"서울특별시 구로구 서해안로 2295, 2층 (오류동)",37.4916954671847,126.840156188651
SRC03_G1053,화곡본동성당데이케어센터,"서울특별시 강서구 까치산로2길 43, 5층 (화곡동)",37.539331648604,126.843641601375
SRC03_G1065,시흥4동성당데이케어센터,서울특별시 금천구 독산로38길 10 (시흥동),37.4593503959251,126.905876759832
SRC03_G1069,고척동성당데이케어센터,"서울특별시 구로구 고척로52나길 42, 3층 (고척동, 고척동성당)",37.5048833499983,126.858261464924
SRC03_G1073,행운동성당데이케어센터,서울특별시 관악구 행운4길 39 (봉천동),37.479500881825,126.961423234394
SRC03_G1075,천호동성당데이케어센터,"서울특별시 강동구 구천면로 236-1, 5층 (천호동, 안토니오관)",37.54165432908,127.131688441589
SRC03_G1093,구립영등포치매전문데이케어센터,"서울특별시 영등포구 당산로29길 9, 5층 (당산동3가)",37.5259814870534,126.89397556277
SRC03_G1115,벧엘데이케어센터,"서울특별시 관악구 문성로 96, 4층 (신림동, 미성빌딩)",37.477446537001,126.914369980953
SRC03_G1146,서울시 광진구 재가노인복지기관,"서울특별시 광진구 긴고랑로 136, 1층 (중곡동)",37.5588543876873,127.089913414181
SRC03_G1216,엔젤복지센터,"서울특별시 관악구 봉천로 411-1, 501호 (봉천동)",37.483177155366,126.945765224469
SRC03_G1234,(주)감사하는사람들노인복지센터,"서울특별시 영등포구 영등포로 353, 202호 (신길동)",37.5150693438158,126.918084717307
SRC03_G1290,밝은내데이케어센터,서울특별시 양천구 신월로24길 19 (신월동),37.5200327613989,126.847366869693
SRC03_G1293,수유실버데이케어센터,서울특별시 강북구 노해로23길 94 (수유동),37.646830086895,127.018849429528
SRC03_G1298,미아실버데이케어센터,서울특별시 강북구 솔매로43길 25 (미아동),37.62690958844,127.023764785035
SRC03_G1315,서울시니어스강남타워 데이케어센터,"서울특별시 강남구 자곡로 100-2 (자곡동, 서울특별시니어스강남타워)",37.4714953520547,127.095746441934
SRC03_G1361,목동실버데이케어센터,"서울특별시 양천구 목동중앙로3길 21 (목동, 목동실버복지문화센터)",37.5364645531731,126.869267931653
SRC03_G1362,금천노인종합복지관 병설 금천데이케어센터,서울특별시 금천구 시흥대로51길 93-32 (시흥동),37.4501343152384,126.897763811332
SRC03_G1458,사회복지법인 운가자비원 운가데이케어센터,서울특별시 강북구 삼양로112길,37.642536023622,127.017508961981
SRC03_G1468,효사랑데이케어센터,"서울특별시 관악구 신림로12길 18, 4층 (신림동, 명성빌딩)",37.4716191539088,126.938696279431
SRC03_G1546,작은베들레헴데이케어센터,서울특별시 도봉구 우이천로45길 22-9 (쌍문동),37.6547431908291,127.014774262655
SRC03_G1566,국민재가복지센터,"서울특별시 강서구 공항대로41길 51, 206호 (등촌동)",37.5602359798031,126.845776312402
SRC03_G1646,목동중앙데이케어센터,"서울특별시 양천구 목동중앙북로7가길 60, 5층 (목동)",37.550038484105,126.864413888131
SRC03_G1690,카멜리아요양원 단기보호,"서울특별시 중랑구 동일로 933, 6층, 7층 (묵동, 수정빌딩)",37.6137342537603,127.076566670532
SRC03_G1757,강서힐링데이케어센터,"서울특별시 강서구 수명로 68-23 (내발산동, 더이안타워)",37.5525037076444,126.826610816643
SRC03_G1791,희나리데이케어센터,"서울특별시 송파구 백제고분로42길 5, 5층 (송파동, 송파여성문화회관 5층)",37.5059054977082,127.109788230628
SRC03_G2081,압구정데이케어센터,서울특별시 강남구 도산대로53길 5 (신사동),37.5235325390307,127.038168984603
SRC03_G2086,강남구립 세심정데이케어센터,서울특별시 강남구 논현로115길 35-1 (논현동),37.5079602449697,127.030321302233
SRC03_G2093,학수정데이케어센터,서울특별시 강남구 도산대로17길 45 (신사동),37.5213856688886,127.023532294352
SRC03_G2168,마천데이케어센터,"서울특별시 송파구 마천로 251, 2층 (마천동)",37.4990242121452,127.14536493712
SRC03_G2404,평강요양원단기보호센터,"서울특별시 중랑구 용마산로112길 90, 3층 (망우동, 성공빌딩)",37.5988807341502,127.105413256553
SRC03_G2442,금호데이케어센터,"서울특별시 성동구 독서당로 272, 3층 301,302호 (금호동4가, 대우월드타운)",37.5453300340479,127.017925368592
SRC03_G2526,가천단기보호센터,"서울특별시 중랑구 신내로14길13, 4층 (신내동)",37.6058331727345,127.096079861027
SRC03_G2551,(weforyou)위포유재활데이케어센터,"서울특별시 강서구 공항대로 365, 7층 (등촌동, 환주빌딩)",37.5577320637214,126.84831300979
SRC03_G2615,나이팅게일데이케어센터,"서울특별시 양천구 신월로 304, 5층 (신정동)",37.5210000232129,126.854754768596
SRC03_G2695,엘림요양원 단기보호,"서울특별시 중랑구 봉우재로 79, 3층 (상봉동, 화성빌딩)",37.5919509903381,127.081968450451
SRC03_G2759,(주)KB골든라이프케어 강동케어센터,서울특별시 강동구 아리수로93나길 10 (강일동),37.5714441811333,127.172333030716
SRC03_G2857,성동구립 사근동데이케어센터,"서울특별시 성동구 사근동길 37, 3층 (사근동)",37.5614995718917,127.045325973415
SRC03_G2892,정원단기요양센타,"서울특별시 중랑구 용마산로112길 90, 4층 (망우동)",37.5988807341502,127.105413256553
SRC03_G2918,꿈이있는데이케어센터,서울특별시 중랑구 동일로 680 (면목동),37.5910914230132,127.080427390244
SRC03_G2930,석관데이케어센터,"서울특별시 성북구 화랑로 278, 5층, 6층 (석관동)",37.6119868729428,127.059721006106
SRC03_G2934,죽헌 미르데이센터(관악2호),"서울특별시 관악구 은천로 25, 3층 (봉천동, 정암빌딩)",37.486425566705,126.938251240942
SRC03_G3136,(주)가가호호재가주간복지센터,서울특별시 중랑구 겸재로54길 99 (면목동),37.584726644398,127.091542589904
SRC03_G3165,효도로어르신학교(데이케어센터),"서울특별시 구로구 경인로 393-7, 2동 8층 (고척동)",37.4974421887122,126.86304887653
SRC03_G3319,진각홈케어 성북센터,"서울특별시 성북구 장월로1길 107, 302호 (하월곡동)",37.6044464781713,127.043227041837
SRC03_G3358,굿 데이케어센터,"서울특별시 서대문구 연희로 165, 2층 (연희동)",37.5720593527379,126.934714018847
SRC03_G3403,명성노인복지센터,"서울특별시 성북구 보국문로4길 8, 2층 (정릉동)",37.6052296283947,127.011986699343
SRC03_G3406,남가좌데이케어센터,"서울특별시 서대문구 명지대길 103, 1층 (남가좌동)",37.5846108853475,126.922858586697
SRC03_G3430,고운케어재가복지센터,"서울특별시 동작구 보라매로 106, 3층 (신대방동)",37.4987076494436,126.928363487917
SRC03_G3442,엔젤리아데이케어센터,"서울특별시 강서구 금낭화로 5, 2층 (방화동)",37.5657305309014,126.811572352147
SRC03_G3446,구립용마데이케어센터,서울특별시 중랑구 용마산로94길 98 (면목동),37.5873998509971,127.101819938244
SRC03_G3450,(주)성동돌봄센터,"서울특별시 성동구 왕십리로 309, 2층 205호 (행당동, 왕십리이스타빌)",37.5613776986706,127.034582633625
SRC03_G3475,역삼사랑데이케어센터,서울특별시 강남구 논현로72길 16 (역삼동),37.4956623778101,127.040910178151
SRC03_G3545,'강북햇살데이케어센터',"서울특별시 강북구 삼양로 438 (수유동, 한일빌딩 2층)",37.64254344188,127.016678775368
SRC03_G3688,금천한내데이케어센터,"서울특별시 금천구 한내로 69-15 (독산동, 독산13단지 고령자복지주택 4~5층)",37.4573808551633,126.886472547107
SRC03_G3709,구립중림어르신데이케어센터,"서울특별시 중구 서소문로6길 16, 4층 (중림동)",37.559430257461,126.966259528781
SRC03_G3719,목동굿모닝데이케어센터 목동굿모닝방문요양센터,"서울특별시 양천구 공항대로 594, 2층, 3층 (목동)",37.5473878325848,126.870674121441
SRC03_G3878,늘봄노인주야간보호센터,"서울특별시 송파구 마천로 264, 5층 (거여동, 흥일빌딩)",37.4980805219712,127.146149512256
SRC03_G3887,늘봄재가노인복지센터,"서울특별시 중랑구 겸재로 204, 2층 (면목동)",37.5887941855416,127.090242214191
SRC03_G3898,구립대림1동데이케어센터,서울특별시 영등포구 디지털로 441 (대림동),37.4954572331627,126.90584198104
SRC03_G3899,구립신길5동데이케어센터,서울특별시 영등포구 도림로80길 6 (신길동),37.5017592552675,126.90542286445
SRC03_G3910,에녹요양협동조합 주야간보호센터,"서울특별시 영등포구 가마산로 313, 3층, 4층 (대림동)",37.4984606433112,126.894331581888
SRC03_G3947,우리실버홈케어복지센터,"서울특별시 양천구 가로공원로 123, 201호 (신월동, 우진팰리스)",37.5363319528883,126.82970169277
SRC03_G3969,(A+)한성노인복지센터,"서울특별시 중랑구 동일로129길 35, 205호 (중화동, 태능시장 주상복합빌딩)",37.5992703826018,127.077554696692
SRC03_G3971,숲데이케어센터,"서울특별시 동작구 상도로68길 1-20, 2층 (상도동)",37.4924834207039,126.956012999631
SRC03_G4033,한결재가돌봄센터,"서울특별시 도봉구 도봉로164길 33-25, 502호 (도봉동)",37.6764853409273,127.04719412627
SRC03_G4057,마포봄데이케어센터,"서울특별시 마포구 대흥로 54, 5층 501호 (대흥동)",37.5450001607276,126.939803234187
SRC03_G4064,'A+'서울노인복지센터,"서울특별시 중랑구 신내로16길 33, 106호 (신내동, 신내동 의료안심주택)",37.6141744003285,127.097663011906
SRC03_G4093,금호무지개노인복지센터,서울특별시 성동구 금호로13길 17 (금호동2가),37.5540149281483,127.019142228139
SRC03_G4125,서울희망데이케어센터,서울특별시 영등포구 도신로 235 (신길동),37.512493750083,126.916945928789
SRC03_G4140,구립신내우리데이케어센터,서울특별시 중랑구 망우로65길 20 (신내동),37.601254103731,127.099946757985
SRC03_G4156,목동 연세데이케어센터,"서울특별시 양천구 목동중앙본로3길 10, 1층 (목동)",37.5391568658245,126.868812333901
SRC03_G4188,백세만세데이케어센터,"서울특별시 광진구 광나루로 556, 4층 (구의동, 씨엔씨빌딩)",37.544296432161,127.091194171326
SRC03_G4189,해피데이케어센터,"서울특별시 은평구 진흥로 91-1, 4~6층 (역촌동)",37.6051437798921,126.921931852296
SRC03_G4240,(금천)하늘방문요양센터,"서울특별시 금천구 독산로85길 36, 205호 (독산동, 독산 오르페움타워)",37.4728402666863,126.901161544745
SRC03_G4271,행복 데이케어센터,"서울특별시 강동구 올림픽로98길 30, 3층 (암사동)",37.5506748942132,127.129371052817
SRC03_G4277,중랑구재가노인복지센터,"서울특별시 중랑구 답십리로77길 105, 2층 (면목동)",37.5763353485606,127.081173386085
SRC03_G4308,관악난향데이케어센터,"서울특별시 관악구 난곡로 42, 2층 (신림동)",37.4605886655784,126.920617398646
SRC03_G4371,구립갈월데이케어센터,"서울특별시 용산구 두텁바위로 25, 3층 (갈월동, 갈월종합사회복지관)",37.5458164213409,126.974822733534
SRC03_G4629,동광노인복지센터,서울특별시 동작구 성대로1가길 12 (상도동),37.5016168837631,126.935022847486
SRC03_G4641,구로 100세대학데이케어센터,"서울특별시 구로구 경인로43길 22, 2층 (고척동)",37.4976779498448,126.861937601867
SRC03_G4646,평강마을 데이케어센터,"서울특별시 광진구 자양번영로4길 13, 3층 (자양동)",37.5315739253879,127.076092279787
SRC03_G4655,관악희망데이케어센터,"서울특별시 관악구 봉천로 391, 5층 (봉천동)",37.4834714149035,126.943250339993
SRC03_G4679,가가호호데이케어센터,"서울특별시 양천구 월정로 39, 2층 (신월동)",37.5231986338716,126.842240857114
SRC03_G4680,상암데이케어센터,"서울특별시 마포구 월드컵로42길 2, 2층 (상암동)",37.5775221026101,126.881587674582
SRC03_G4702,바른데이케어센터,"서울특별시 성북구 보문로40길 11, 2,4층 (동소문동5가, 성신여대역솔하임)",37.5919527455004,127.014148594888
SRC03_G4715,구립모랫말데이케어센터,"서울특별시 영등포구 도영로 41, 5층 (도림동, 구립모랫말데이케어센터)",37.5097128385321,126.897493385214
SRC03_G4733,'품앗이노인복지센터',"서울특별시 관악구 장군봉2길 13, 1층 (봉천동)",37.4824960916566,126.939475218401
SRC03_G4735,우리노인복지센터,서울특별시 동작구 남부순환로 2053 (사당동),37.4769032344145,126.976787360852
SRC03_G4857,굿피플데이케어센터,"서울특별시 관악구 난곡로 299, 4층 (신림동)",37.4806780051365,126.914368780839
SRC03_G4947,오손도손종합복지센터,"서울특별시 도봉구 도당로13길 22, 3층 (방학동)",37.6657654080945,127.035296884561
SRC03_G4964,강서데이케어센터,"서울특별시 강서구 화곡로 225, 7층 (화곡동)",37.5454212976649,126.844307266134
SRC03_G5028,희망재가장기요양기관,서울특별시 중랑구 면목로58길 18 (면목동),37.584481014494,127.089452298472
SRC03_G5085,KB골든라이프케어 위례케어센터,"서울특별시 송파구 위례광장로 220, 1층 (장지동)",37.4809054361333,127.143874511844
SRC03_G5106,(협)사랑방데이케어센터,"서울특별시 양천구 가로공원로 146, 2층 (신월동, 정용빌딩)",37.5361455790295,126.832186307461
SRC03_G5110,참사랑실버재활주간보호센터,"서울특별시 동대문구 장한로23길 21, 2층 (장안동)",37.5712570493116,127.069490558918
SRC03_G5156,늘봄데이케어센터,"서울특별시 양천구 목동중앙남로3길 42, 지층,1층 (목동)",37.5357741599899,126.865218711184
SRC03_G5163,엔젤노인재가복지센터,"서울특별시 중랑구 사가정로50길 12, 1층 (면목동)",37.5803056301228,127.086307623799
SRC03_G5165,'(A+)'누리 봄 방문간호요양센터,서울특별시 중랑구 면목로 401 (면목동),37.5877388239823,127.087650529406
SRC03_G5168,은평사랑데이케어센터,"서울특별시 은평구 응암로 356, 1층 (녹번동, 녹번타워)",37.6027109037882,126.92285620811
SRC03_G5173,가족사랑 데이케어,"서울특별시 중랑구 망우로 244, 5층 (상봉동)",37.5946015075124,127.079761963146
SRC03_G5323,감동드림데이케어센터,"서울특별시 금천구 금하로 720, 5층 (시흥동, 에벤에셀프라자)",37.4504425566682,126.909481684032
SRC03_G5341,가가호호 데이케어센터,"서울특별시 관악구 은천로 25, 5층 (봉천동, 정암빌딩)",37.486425566705,126.938251240942
SRC03_G5390,예담주야간보호센터,"서울특별시 동대문구 장한로27길 29, 301호 (장안동)",37.5729890434502,127.069928666925
SRC03_G5510,강서목동재가복지센터,"서울특별시 양천구 국회대로 252, 205호 (신정동)",37.5292673454353,126.863052596041
SRC03_G5519,에스더블유135재가요양센터,"서울특별시 양천구 남부순환로60길 5-2, 102호 (신월동)",37.5305889153977,126.830158016467
SRC03_G5528,봄날재가복지센터,"서울특별시 양천구 오목로 114, 1층 (신월동)",37.5237375600906,126.850085982487
SRC03_G5601,다인재가노인복지센터,"서울특별시 중랑구 사가정로 383, 2층 (면목동)",37.5809602702616,127.087317324232
SRC03_G5648,인연방문요양센터,서울특별시 은평구 진흥로1길 38-20 (역촌동),37.603767627701,126.919414461933
SRC03_G5708,동행재가복지센터,"서울특별시 은평구 갈현로17가길 3, 1층 (구산동)",37.611858607974,126.910542668254
SRC03_G5711,서서울어르신복지관병설서서울데이케어센터,"서울특별시 양천구 가로공원로60가길 16, 3층 (신월동)",37.5342610593105,126.826765522574
SRC03_G5747,사계절 노인장기요양기관,"서울특별시 영등포구 영신로 1-2, 4층 (도림동)",37.5118663260835,126.90951206878
SRC03_G5788,마음다함 어르신돌봄센터 독산점,"서울특별시 금천구 벚꽃로6길 21, 3층 (독산동, 예일빌딩)",37.4608862641034,126.893363811885
SRC03_G5812,곰달래복지센터,"서울특별시 양천구 곰달래로14길 16-2, 301호 (신월동)",37.5285577698412,126.838230107397
SRC03_G5842,경희재가복지센터,"서울특별시 도봉구 우이천로34길 9, 1층 (쌍문동)",37.6495385868966,127.023107508853
SRC03_G5856,무지개노인복지센터,"서울특별시 중랑구 신내로 115, 상가동 108호 (신내동, 신내아파트)",37.6092975270629,127.094904201668
SRC03_G6002,에덴재가복지센터,"서울특별시 도봉구 방학로 203, 2층 201호 (방학동, 신동아상가)",37.6617590390985,127.029648320083
SRC03_G6048,동작어르신돌봄센터,"서울특별시 동작구 장승배기로20길 2, 2층 (노량진동)",37.50820292958,126.940431104721
SRC03_G6049,(A+)은혜방문요양센터,"서울특별시 양천구 신정중앙로16길 12, 지층 (신정동)",37.5262624843142,126.857176503874
SRC03_G6052,군자 연세데이케어센터,"서울특별시 광진구 군자로 108, 4층 (군자동, 군자빌딩)",37.5526223508227,127.072077273413
SRC03_G6059,참기쁨 재가복지센터,서울특별시 중랑구 용마산로122길 4 (망우동),37.6018224173121,127.100725161573
SRC03_G6084,엘림재가방문센터,"서울특별시 중랑구 송림길 102, 1층 (망우동)",37.6045710273072,127.103582029919
SRC03_G6100,임사랑방문재가센터,"서울특별시 양천구 목동중앙북로7가길 55, 4층 2호 (목동)",37.5497076267605,126.864561375101
SRC03_G6101,구로제일데이케어센터사랑점,"서울특별시 구로구 가마산로 265, 2층 (구로동, 한솔로이젠트)",37.4961374596515,126.889667210668
SRC03_G6135,효드림재가복지센터,"서울특별시 양천구 남부순환로40길 53, 1층 (신월동)",37.5333110831026,126.826791479263
SRC03_G6142,어버이사랑노인의료복지센터2 병설 데이케어센터,"서울특별시 영등포구 도림로 318, 5층 (신길동)",37.505955895835,126.902248322545
SRC03_G6143,어버이사랑노인의료복지센터3 병설 데이케어센터,"서울특별시 영등포구 도림로 318, 6층 (신길동)",37.505955895835,126.902248322545
SRC03_G6149,고구려복지센터,"서울특별시 성북구 한천로 598, 4층 (석관동, 세진빌딩)",37.6125640587711,127.061278563983
SRC03_G6156,양천나루재가복지센터,"서울특별시 양천구 곰달래로13길 59-1, 1층 (신월동)",37.5349022269038,126.834439944094
SRC03_G6199,행복케어,"서울특별시 송파구 동남로 286, 2층 (오금동)",37.5009819430204,127.13743924294
SRC03_G6208,스마일복지센터,"서울특별시 은평구 통일로 906, 3층 (불광동, 해피플러스1)",37.6238597527201,126.920197723418
SRC03_G6209,우리 데이케어센터,"서울특별시 도봉구 도봉로163길 10, 4층 (도봉동)",37.6762898174062,127.043958576977
SRC03_G6221,보람방문복지센터,"서울특별시 양천구 남부순환로67길 20, 2층 (신월동)",37.5242210631987,126.838027134221
SRC03_G6229,한마음노인복지센터,"서울특별시 은평구 서오릉로9길 9, 101호 (역촌동, 조운아트빌)",37.6069157856001,126.920759095491
SRC03_G6264,153통합돌봄재가센터,"서울특별시 동대문구 사가정로 6, 3층 (답십리동, 청계 G well estates)",37.5701769955012,127.049533732451
SRC03_G6287,강북하루정요양원,"서울특별시 강북구 삼양로 433, 5층 (수유동)",37.6421890477822,127.016298558465
SRC03_G6302,갓사랑노인재가복지센터,"서울특별시 강북구 삼양로32나길 19, 103호 (미아동)",37.6202986658335,127.022005271873
SRC03_G6325,유진실버방문요양센터,"서울특별시 양천구 목동중앙북로5길 29, 203호 (목동, 그랜드비스타)",37.549579084309,126.86592976534
SRC03_G6445,홍제천데이케어센터,"서울특별시 서대문구 연희로 237, 2층~3층 (연희동)",37.5782396270709,126.93568571991
SRC03_G6481,행복 방문요양 복지센터,"서울특별시 광진구 자양로 294, 2층 (구의동)",37.5517633793,127.092337662056
SRC03_G6497,사랑배달 재가노인복지센터,"서울특별시 강동구 양재대로 1522, 201호 (길동)",37.5414926616957,127.141676552682
SRC03_G6516,부모사랑복지센터,"서울특별시 양천구 목동로3길 57, 상가동 108호 (신정동, 양천아파트)",37.5094542561098,126.862162255157
SRC03_G6538,더사랑데이케어센터,"서울특별시 광진구 자양로 138, 1층 (구의동)",37.5399892236669,127.083494049323
SRC03_G6572,정담 재활 주야간보호센터,"서울특별시 중구 다산로36길 101, 2층 (신당동)",37.5600489736177,127.019834398037
SRC03_G6593,명지재가노인복지센터,"서울특별시 관악구 난곡로 316, 6층 (신림동, 진성타워)",37.4821766480128,126.91473576811
SRC03_G6623,우리재가방문요양센터,"서울특별시 강북구 도봉로68길 19-3, 지하1층 1호 (미아동)",37.6314270624895,127.025405054589
SRC03_G6642,부모사랑 노인복지센터,"서울특별시 서대문구 통일로 375, 1층 (홍제동)",37.5835523880799,126.949292868145
SRC03_G6647,'A+한결방문요양센터',"서울특별시 중랑구 신내로 112, 202호 (신내동)",37.6089131310348,127.095838287574
SRC03_G6665,보문사랑데이케어센터,"서울특별시 성북구 고려대로 28, B1층 (안암동2가, 밀로바니)",37.5860793522352,127.02233292904
SRC03_G6725,엄마사랑 재가노인복지센터,"서울특별시 동작구 남부순환로 2023, 101호 (사당동)",37.4763181453401,126.9734881761
SRC03_G6753,참사랑 재가복지센터,"서울특별시 동작구 대림로 30, 1층 (신대방동)",37.4872948679653,126.909936330415
SRC03_G6768,가자 재가방문요양센터,"서울특별시 성북구 한천로99길 24-23, 201호 (장위동)",37.6221108324966,127.050018095859
SRC03_G6775,99팔팔재가노인복지센터,서울특별시 강서구 월정로30길 64 (화곡동),37.5348782159865,126.839432281354
SRC03_G6805,강북THE행복한데이케어센터,"서울특별시 강북구 삼양로77길 51, 2층 (수유동, 에덴빌딩)",37.6289327474195,127.015726294357
SRC03_G6835,송파아셀재활주간보호센터,"서울특별시 송파구 가락로 209, 2층 (송파동)",37.5071999252324,127.116148519048
SRC03_G6866,은평재가노인복지센터,"서울특별시 은평구 은평로 193, 3층 301호 (녹번동)",37.601799895141,126.929001628625
SRC03_G6880,'(A)'위례행복케어방문요양 송파점,"서울특별시 송파구 위례순환로 478, 5층 501호 (장지동)",37.4775608508793,127.134184877915
SRC03_G6893,'YesCare'예스케어 주간보호 중랑 센터,"서울특별시 중랑구 동일로 938, 3층 (묵동, 월등스카이뷰 아파트)",37.6142077135304,127.077134940011
SRC03_G6901,세곡데이케어센터,서울특별시 강남구 헌릉로590길 68 (세곡동),37.4610384748108,127.10273751747
SRC03_G6920,효?보살핌데이케어센터,"서울특별시 관악구 은천로 51, 4층 (봉천동)",37.4862967199076,126.941249709289
SRC03_G6922,가나안 재가복지센터,"서울특별시 송파구 거마로22길 38, 1층 (마천동)",37.4973358348927,127.150743177356
SRC03_G6928,나팔소리재가노인복지센터,"서울특별시 은평구 연서로37길 29, 1층 (불광동)",37.6240759204936,126.926760099219
SRC03_G6929,상도재가복지센터 본점,"서울특별시 동작구 성대로 67, 1층 (상도동)",37.4980839412759,126.934519054129
SRC03_G6940,은평신사재가방문요양센터,"서울특별시 은평구 은평로3가길 1, 지하 1호 (신사동)",37.5993520586091,126.914553197249
SRC03_G6942,강북제일재가복지센터,"서울특별시 은평구 역말로 101, 4층 (역촌동, 토마스빌딩)",37.6084440907806,126.920160287993
SRC03_G6945,힐링재가센터,"서울특별시 강서구 강서로 183, 8층 (화곡동)",37.5424740929886,126.838904877663
SRC03_G6950,엔젤홈케어 동작,"서울특별시 동작구 여의대방로 198, 지층 (대방동, 남경빌딩)",37.5044380852979,126.922434029241
SRC03_G6972,The섬김 재가요양복지센터,"서울특별시 성북구 장위로35길 34, 202호 (장위동)",37.6145677530322,127.048746537418
SRC03_G7002,가가호호 정가네 데이케어센터,"서울특별시 은평구 증산로 419, 2층 ,6층 (신사동, CJ빌딩)",37.5938513462522,126.913958454489
SRC03_G7015,성창주야간보호센터,"서울특별시 동대문구 한천로37길 23, B동 4층 (답십리동, 창승빌딩)",37.5763174878464,127.066194771869
SRC03_G7032,케어링 복지용구센터,"서울특별시 강남구 논현로38길 34, 3층 (도곡동)",37.4854067191142,127.044485775755
SRC03_G7037,120재가복지/활동지원센터,"서울특별시 동대문구 고산자로34길 70, A동 203호 (용두동, 효성해링턴플레이스)",37.5782923121696,127.042196782039
SRC03_G7108,성모사랑데이케어센터,"서울특별시 도봉구 마들로13길 165, 5층 (창동, 세영빌딩)",37.6576164096492,127.045970474461
SRC03_G7148,서원재가노인복지센터,"서울특별시 도봉구 마들로 684-9, 310호 (도봉동)",37.671592322382,127.047142967179
SRC03_G7152,강동 어르신 방문요양센터,"서울특별시 강동구 천호대로 1095, 5층 502-1호 (천호동, 현대코아아파트)",37.5359422069464,127.133662259698
SRC03_G7160,늘편한 재가노인복지센터,"서울특별시 강동구 구천면로 318, 3층 (천호동)",37.5477651839025,127.135343675704
SRC03_G7171,목동효사랑데이케어센터,"서울특별시 양천구 오목로 193, 3층 (신정동)",37.5255837202815,126.858867366666
SRC03_G7190,그린방문요양재가센터,"서울특별시 마포구 희우정로16길 46-15, 지층 101호 (망원동)",37.554227450141,126.904965137676
SRC03_G7206,효성실버데이케어센터,"서울특별시 도봉구 우이천로 357, 2층 (쌍문동, 양지파크빌)",37.6478283325002,127.024486116185
SRC03_G7219,화평재가방문요양센터,"서울특별시 중랑구 용마산로81길 8, 1층 (면목동)",37.585197301274,127.093978039969
SRC03_G7231,효재가복지센터,"서울특별시 강동구 천호대로182길 35, 2층 (둔촌동)",37.5320618886664,127.141081368936
SRC03_G7245,초록숲데이케어센터,"서울특별시 마포구 마포대로11길 44-81, B1층 (아현동)",37.5522417159992,126.951236821622
SRC03_G7310,리조이스재가방문센타,"서울특별시 강동구 풍성로 194, 1층 105호 (성내동)",37.5296009459198,127.133360867325
SRC03_G7324,엘스방문요양센터,"서울특별시 송파구 올림픽로 88, 812호 (잠실동, 올림픽타워)",37.5114477544451,127.080479844196
SRC03_G7325,토탈방문간호 재가노인복지센터,"서울특별시 강서구 공항대로 242, 7층 722호 (마곡동, 열림M타워II)",37.5584801960397,126.834327579685
SRC03_G7327,중구행복돌봄센터,"서울특별시 중구 난계로 185, 8층 (황학동)",37.5682512916508,127.023246616858
SRC03_G7341,다솜재가복지센터,서울특별시 동대문구 사가정로2길 106 (답십리동),37.5682068043285,127.054799960857
SRC03_G7345,다솜재가노인복지센터,"서울특별시 송파구 오금로 58, 8층 805호 (신천동, 잠실 아이 스페이스)",37.5167525460808,127.105490937496
SRC03_G7346,아리아케어 방문요양 강남 압구정센터,"서울특별시 강남구 압구정로36길 34-4, 202호 (신사동)",37.5262172252131,127.031217432941
SRC03_G7357,다모아재가복지센터,"서울특별시 동작구 여의대방로36길 30, 지층 (대방동)",37.5056021343364,126.924724982994
SRC03_G7365,참사랑재가노인복지센터,"서울특별시 동대문구 답십리로 74, 1층 (전농동)",37.575123288414,127.048858808676
SRC03_G7412,실버벨재가복지센터,"서울특별시 강북구 도봉로53길 37, 1층 (미아동)",37.6264239556902,127.023769274936
SRC03_G7422,더조은 방문요양센터,"서울특별시 광진구 광나루로56길 63, 216호 (구의동, 현대프라임아파트 프라임프라자)",37.5367887874337,127.096160584389
SRC03_G7432,바른돌봄 재가노인복지센터,"서울특별시 관악구 남부순환로 1679, 210호 (봉천동)",37.484546933329,126.937506323346
SRC03_G7446,해든데이케어센터,"서울특별시 강서구 곰달래로 170, 2층 (화곡동)",37.5307383035698,126.85184277525
SRC03_G7447,가온효사랑 방문요양센터,서울특별시 중랑구 겸재로54길 106 (면목동),37.5844834569046,127.091205697183
SRC03_G7452,나래케어재가방문요양센터,"서울특별시 은평구 은평로16길 6, 2층 (응암동)",37.6007655132264,126.929830523478
SRC03_G7453,예가재가복지센터,"서울특별시 은평구 통일로80길 20, 2호 (불광동)",37.6203972839108,126.922808826103
SRC03_G7473,성수더효데이케어센터,"서울특별시 성동구 성덕정길 149, 3층 (성수동2가, 영화빌딩)",37.5365211204018,127.059845876254
SRC03_G7485,새서울재가복지센터,"서울특별시 영등포구 신길로 71, 3층 (신길동)",37.4990973528659,126.908200841307
SRC03_G7495,그사랑 노인복지센터,"서울특별시 구로구 오류로8길 85, 202호 (오류동)",37.4931325154748,126.844707276028
SRC03_G7499,참조은재가복지센터,"서울특별시 구로구 신도림로7길 2, 202호 (신도림동)",37.5079544692731,126.879840861674
SRC03_G7513,아리아케어 방문요양 성북 종암센터,"서울특별시 성북구 월곡로7길 1, 1층 (종암동)",37.5978015670037,127.03913996741
SRC03_G7583,성북구립 장위데이케어센터,"서울특별시 성북구 한천로 708, 2층 (장위동)",37.62009081725,127.053512520284
SRC03_G7594,서광재가복지센터,"서울특별시 은평구 연서로5길 3, 3층 (역촌동, 덕우빌딩)",37.6039962485329,126.915226913507
SRC03_G7600,하나재가노인복지센터,"서울특별시 동작구 성대로29길 61, 1층 (상도동)",37.500821241779,126.937596805967
SRC03_G7772,성북솔샘데이케어센터,"서울특별시 성북구 종암로19길 50, 3층 (종암동)",37.5980474744753,127.031861054284
SRC03_G7783,다온 재가복지센터,"서울특별시 구로구 구로중앙로 60, 6층 605호 (구로동, 대림오페라타워)",37.4951317858045,126.889409618774
SRC03_G7795,예인복지센터,"서울특별시 구로구 경인로 98, 1층 (오류동)",37.4914219991777,126.83304629073
SRC03_G7805,실버플러스양천복지센터,서울특별시 양천구 오목로40길 12 (신정동),37.5236360601765,126.857545773923
SRC03_G7817,다은재가노인복지센터,"서울특별시 도봉구 노해로 341, 1114호 (창동)",37.6514452431588,127.045912956978
SRC03_G7835,연세사랑복지센터,"서울특별시 양천구 남부순환로 684, 202호 (신정동, 세영프라임)",37.5081607409812,126.843003260282
SRC03_G7838,'(A)'+1중랑재가복지센터,"서울특별시 중랑구 봉우재로14길 13, 2층 (면목동)",37.5899827165898,127.078336958354
SRC03_G7850,기억튼튼방문요양센터,"서울특별시 도봉구 덕릉로 264, 2층 (창동)",37.640743308532,127.0403842271
SRC03_G7871,미소방문요양재가센터,"서울특별시 중랑구 신내로17길 83, 상가동 지하1층 05호 (신내동)",37.6161503233743,127.091639657907
SRC03_G7978,(주)케어링 방문요양센터 서울 서초점,"서울특별시 서초구 남부순환로337가길 3-8, 3층 (서초동)",37.4839351752312,127.021710366287
SRC03_G7983,동작시니어재가복지센터,"서울특별시 동작구 만양로 19, 상가동 141호 (노량진동)",37.5070717430905,126.945718197277
SRC03_G8008,어르신돌봄재가방문요양센터,"서울특별시 마포구 성암로11길 13, 1층 좌측호 (중동)",37.5735063691937,126.902578260246
SRC03_G8012,온누리 방문요양센터,"서울특별시 광진구 면목로 63-2, 1층 (중곡동, 정호빌딩)",37.5597579098395,127.077726049001
SRC03_G8013,베스트케어방문요양센터,"서울특별시 구로구 공원로 47, 410호 (구로동, 두산타워오피스텔)",37.5010207998508,126.889643966622
SRC03_G8017,기쁨방문요양센터,"서울특별시 도봉구 마들로 724, 222호 (도봉동, 도봉한양수자인)",37.6745440831023,127.047662295599
SRC03_G8037,드림데이케어센터,"서울특별시 동대문구 답십리로 264, 301호 (장안동)",37.5722815601428,127.069508490646
SRC03_G8038,돌보인 방문요양센터 은평점,"서울특별시 은평구 은평로21길 36, 2층 203호 (녹번동, 예인빌딩)",37.6028125064959,126.930495727462
SRC03_G8039,이레재가센터,"서울특별시 양천구 지양로 26, 301호 (신월동, 뉴쇼핑프라자)",37.518947458026,126.837080084372
SRC03_G8060,연세효데이케어센터,"서울특별시 양천구 오목로 181, 3층 (신정동, 신정빌딩)",37.525371195503,126.857459778203
SRC03_G8077,나눔돌봄 사회적협동조합,"서울특별시 구로구 구로동로35나길 14, 지하1층 (구로동)",37.4934862420039,126.882105284608
SRC03_G8103,정성가득재가노인복지센터,"서울특별시 양천구 오목로37길 9, 1층 (신정동)",37.5259476113288,126.856085412341
SRC03_G8123,좋은어르신돌봄센터,"서울특별시 동작구 상도로53길 70, 206호 (상도동, 상도SH빌 아파트상가)",37.502534581317,126.954540960439
SRC03_G8142,서울방문복지센터,"서울특별시 송파구 백제고분로 383, 3층 302호 (송파동)",37.5062143886807,127.108098645497
SRC03_G8193,(A)비지팅엔젤스 금천시흥방문요양지점,"서울특별시 금천구 은행나무로 6, 2층 202호 (시흥동)",37.4499187988351,126.903449280986
SRC03_G8202,광진늘푸른단기보호센타,"서울특별시 광진구 뚝섬로 613, 6층 (자양동)",37.532708250351,127.077942462278
SRC03_G8224,더조은재가노인복지센타,"서울특별시 송파구 송파대로28길 24, 10층 1012호 (가락동, 밀리아나2차)",37.4942847426139,127.120544891541
SRC03_G8241,자양방문요양센터,"서울특별시 광진구 아차산로 321-1, 1층 (자양동)",37.5379574327215,127.07869197957
SRC03_G8257,꿀벌방문요양센터,"서울특별시 중랑구 중랑역로43길 37, 202호 (묵동)",37.6124114030859,127.073478876844
SRC03_G8264,사랑나눔재가복지센터,"서울특별시 관악구 문성로 76, 308호 (신림동)",37.4769809090097,126.912178943169
SRC03_G8266,강서구립 든든데이케어센터,"서울특별시 강서구 공항대로2가길 5, 2층, 3층 (공항동)",37.5603633198976,126.808948194825
SRC03_G8277,효월드데이케어센터,"서울특별시 구로구 경인로 584, 2층 202호 (신도림동, 신도림팰러티움)",37.5038211816766,126.881697047054
SRC03_G8287,이도재가복지센터,"서울특별시 강서구 강서로 293-1, 303호 (내발산동)",37.5520645594958,126.836006032497
SRC03_G8303,강남돌봄재가센터,"서울특별시 서초구 반포대로18길 36, 201동 2308호 (서초동, 서초센트럴IPARK)",37.4872095260345,127.011468498188
SRC03_G8336,창동노인통합재가센터,"서울특별시 도봉구 도봉로136가길 4, 5층 503호 (창동, 창동리더스빌딩)",37.6588415111877,127.041497636895
SRC03_G8337,두이홈데이케어센터,"서울특별시 도봉구 덕릉로59길 73-26, 1층 (창동, 강북로 장로교회)",37.6408340651005,127.034629742532
SRC03_G8350,소풍방문요양센터,"서울특별시 중랑구 면목로29길 43, 1층 (면목동)",37.5756364400402,127.08338146145
SRC03_G8356,행복더함 재가노인복지센터,서울특별시 관악구 양산길 3 (신림동),37.474216899284,126.933286940686
SRC03_G8379,아리아케어 방문요양 송파가락센터,"서울특별시 송파구 송이로26길 3, 2층 202호 (가락동)",37.4926278073734,127.124696391121
SRC03_G8389,행복드림 재가노인복지센터,"서울특별시 동대문구 전농로17길 25, 1층 (전농동)",37.5788785137042,127.055641111119
SRC03_G8436,케세라(주),"서울특별시 강서구 공항대로 53, 303호 (공항동, 유현빌딩)",37.5613614049982,126.813431846897
SRC03_G8437,가족사랑방문요양복지센터,"서울특별시 강북구 인수봉로 198, 1층 (수유동)",37.6372943817374,127.013229735892
SRC03_G8461,봄재가센터,"서울특별시 서대문구 응암로 133, 101동 103호 (북가좌동, 대경아르체)",37.5846667116226,126.914192065318
SRC03_G8477,구립온수데이케어센터,"서울특별시 구로구 부일로9길 111, 4층 (온수동)",37.4966896444676,126.823262254767
SRC03_G8508,'다사랑' 방문요양센터,"서울특별시 중랑구 망우로 240, 2층 (상봉동)",37.5944861907938,127.07934582413
SRC03_G8512,예사랑재가복지센터,"서울특별시 은평구 가좌로7나길 30, 상가동 1-3호 (응암동, 응암우성아파트)",37.5840093684696,126.918938631283
SRC03_G8526,아라실버케어센터,"서울특별시 서초구 방배로16길 6, 3층 (방배동)",37.4844634782851,126.996209681807
SRC03_G8537,수정실버케어센터,"서울특별시 양천구 중앙로46길 3, 2층 205호 (신정동, 신우빌딩)",37.522172733215,126.852545692143
SRC03_G8543,이룸재가방문요양센터,"서울특별시 은평구 연서로 170-3, 지층 B02호 (대조동)",37.6138569172816,126.918122924603
SRC03_G8555,그리심재가노인복지센터,"서울특별시 서초구 바우뫼로7길 16, 7층 703호 (우면동, 대화프라자)",37.4710777318816,127.025083105947
SRC03_G8575,석준재가복지센터,"서울특별시 도봉구 노해로63가길 63, 204호 (창동)",37.6554754454458,127.045868861866
SRC03_G8577,벧엘노인재가복지센터,"서울특별시 동작구 사당로 90, 110동 1503호 (사당동, 사당 롯데캐슬 골든포레)",37.4923356236,126.962447793145
SRC03_G8585,라온주야간보호센터,"서울특별시 도봉구 도봉로 669, 4층 401호 (방학동, 이정빌딩)",37.6643162151208,127.042312187739
SRC03_G8651,형제커뮤니티재가노인복지센터,"서울특별시 중구 수표로10길 30, 1층 (초동)",37.5636373149418,126.991832403311
SRC03_G8662,스마일시니어 초록 재가방문요양센터,"서울특별시 성동구 마장로42길 16, 7동 104호 (마장동, 세림아파트)",37.56504066245,127.046038485838
SRC03_G8681,송파복지용구 종합센터,"서울특별시 송파구 백제고분로32길 42, 1층 (삼전동)",37.4987263249375,127.09453305106
SRC03_G8714,국민방문요양센터,"서울특별시 서초구 반포대로24길 42-6, 302호 (서초동)",37.4890389853839,127.010910649077
SRC03_G8748,늘한마음방문요양센터,"서울특별시 동작구 동작대로29길 110, 상가동 3층 307호 (사당동, 신동아아파트)",37.4898500181989,126.977778182947
SRC03_G8755,동부주간보호센터,"서울특별시 동대문구 왕산로 60-1, 2층 (용두동)",37.5772849087226,127.030147090815
SRC03_G8775,신정종합사회복지관병설신정데이케어센터,"서울특별시 양천구 신정중앙로 36, 4층 (신정동)",37.5273028511322,126.855530843956
SRC03_G8782,'A'광은케어센터,"서울특별시 중랑구 신내로 127, 상가동 102호 (신내동)",37.6108674372868,127.095651882252
SRC03_G8783,백련데이케어,"서울특별시 은평구 가좌로 306, 4층 (신사동)",37.5951836340311,126.911150315554
SRC03_G8787,서울시사회서비스원  서북모두돌봄센터,"서울특별시 서대문구 연희로 142, 2층 (연희동)",37.5699331641167,126.933707418218
SRC03_G8823,우리재가노인복지센터,"서울특별시 은평구 진흥로7나길 17-3, B1층 (역촌동, 아름주택)",37.6061151075586,126.918947944048
SRC03_G8856,재단법인 서울특별시 사회서비스원 (중랑종합재가센터),"서울특별시 중랑구 중랑역로 62, 3층 (중화동)",37.59891376744,127.078105801132
SRC03_G8877,서대문한마음돌봄 사회적협동조합 사회서비스센터,"서울특별시 서대문구 북아현로22길 21, 101호 (북아현동)",37.5651790252892,126.953884234748
SRC03_G8889,우리실버복지센터,"서울특별시 마포구 월드컵로3길 36, 302호 (합정동)",37.5503979559021,126.91075989612
SRC03_G8914,기쁨으로재가복지센터,"서울특별시 양천구 중앙로29길 38, 101호 (신정동)",37.5164660349851,126.849954725414
SRC03_G8960,도우미실버케어재가복지센터,서울특별시 은평구 서오릉로6가길 2-3 (녹번동),37.6061328838531,126.924419262602
SRC03_G8977,정겨운 재가방문요양센터,"서울특별시 성북구 삼선교로24길 60, 1층 (삼선동5가)",37.5877336283293,127.01716822549
SRC03_G8985,강동믿음재가복지센터,"서울특별시 강동구 천중로49길 34, 101호 (길동)",37.5423590494377,127.143255551639
SRC03_G8996,한울재가복지센터,"서울특별시 송파구 성내천로 331, 2층 (마천동)",37.4915090908669,127.157125954798
SRC03_G9000,우장산의료기,"서울특별시 강서구 양천로 620, 217호 (등촌동, 등촌 지와인 아파트, 비지니스센터)",37.553898955007,126.866759152379
SRC03_G9040,맑은샘단기보호센터,"서울특별시 동대문구 한천로37길 19, 2층 (답십리동)",37.5763184787421,127.066515708691
SRC03_G9042,구로종합사회복지관,"서울특별시 구로구 디지털로31길 93, 4층 (구로동, 구로종합복지관)",37.4868233865633,126.890827436892
SRC03_G9069,서대문희망누리 사회적협동조합 재가복지센터,"서울특별시 서대문구 통일로34길 35, 1층 14호 (홍제동, 현대종합상가)",37.5863090730038,126.949729612731
SRC03_G9079,지극정성방문요양센터,"서울특별시 도봉구 도당로29길 74, 102호 (도봉동)",37.6704889521397,127.042479706447
SRC03_G9085,행복데이케어센터,"서울특별시 도봉구 도봉로 677, 3층 (방학동, 우리들메디빌딩)",37.6649297808959,127.042318316334
SRC03_G9104,효성재가요양복지센터,"서울특별시 종로구 대학로5길 3, 201호 (연건동)",37.5782166772546,127.001874268541
SRC03_G9126,가온 방문요양,"서울특별시 송파구 석촌호수로 134 (삼전동, 2층 8,42,43호 (한일빌딩))",37.5070750637579,127.091877352413
SRC03_G9133,극진복지센터,"서울특별시 송파구 마천로57길 20, 5층 (마천동)",37.4952153141485,127.153266756917
SRC03_G9141,아름다운 동행 복지센터,"서울특별시 송파구 오금로 487, 3층 (거여동)",37.4939158298536,127.143183666858
SRC03_G9187,한솔재가복지센터,"서울특별시 성북구 한천로69길 6-12, 지층 01호 (석관동)",37.6086651922451,127.06435643825
SRC03_G9191,평안어르신재가센터,"서울특별시 도봉구 도당로29길 10, 101호 (방학동)",37.6676489703258,127.041982436589
SRC03_G9213,두레재가복지센터,"서울특별시 강서구 화곡로13길 119, 3층 (화곡동)",37.5448765364523,126.833592293322
SRC03_G9257,봄 연세데이케어센터,"서울특별시 강서구 화곡로 274, 3층 (화곡동)",37.5488379962383,126.847501435204
SRC03_G9258,스마일시니어요양센터,"서울특별시 관악구 봉천로 438, 3층 (봉천동)",37.4823644058147,126.948495379443
SRC03_G9265,작은사랑재가복지센터,"서울특별시 동작구 여의대방로 250, 1층 101호 (대방동, 대림아파트상가)",37.5087434455459,126.924517791265
SRC03_G9321,어울림 재가복지센터,"서울특별시 송파구 백제고분로11길 28-14, 401호 (잠실동)",37.5076395650474,127.082574459983
SRC03_G9322,구로우리네재가복지센터,"서울특별시 구로구 구로동로28길 20-3, 101호 (구로동)",37.4905502354909,126.885416673674
SRC03_G9324,선우재가복지센터,"서울특별시 강남구 개포로110길 15, 2층 206-1호 (일원동)",37.4932437695434,127.079114775367
SRC03_G9340,'장원데이케어방문요양중랑센터,서울특별시 중랑구 용마공원로2길 12 (망우동),37.594388661117,127.100139015347
SRC03_G9356,가족처럼재가복지센터,"서울특별시 구로구 구로동로26길 79, 3층 (구로동)",37.4902492329183,126.888359002141
SRC03_G9388,이레재가방문센터,"서울특별시 강북구 오패산로30길 51, 1층 (미아동)",37.615484360547,127.034933990499
SRC03_G9404,효심노인복지센터,"서울특별시 성북구 장위로 89-1, 1층 (장위동)",37.6139038740781,127.046819406209
SRC03_G9411,굿재가복지센터,"서울특별시 도봉구 덕릉로63길 3, 3층 (창동)",37.641586186016,127.040365195097
SRC03_G9437,에벤에셀데이케어센터,"서울특별시 동작구 알마타길 21-42, 4층 (대방동)",37.5118064867995,126.9278120139
SRC03_G9455,평강재가복지센터,"서울특별시 은평구 응암로 190-10, 1층 (응암동)",37.5887325998698,126.917576183398
SRC03_G9512,드림재가복지센터,"서울특별시 동작구 양녕로25마길 45, 1층 (상도동)",37.499045451078,126.940214013012
SRC03_G9543,아가페데이케어센터,"서울특별시 관악구 난곡로 341, 4층 (신림동)",37.4844445006364,126.913762518137
SRC03_G9546,연지 재가복지센터,"서울특별시 강남구 양재대로55길 6, 303호 (일원동)",37.4913209890296,127.088314234699
SRC03_G9547,아리랑재가복지센터,서울특별시 동작구 만양로 65 (노량진동),37.5094242019283,126.945577828526
SRC03_G9564,오병이어재가복지센터,"서울특별시 은평구 역말로10길 30-1, 5층 (대조동)",37.6092164023648,126.92381555244
SRC03_G9571,동서울어르신복지센터,서울특별시 광진구 아차산로53길 69 (구의동),37.5402478804186,127.085785066571
SRC03_G9667,한마음재가복지센터,"서울특별시 강서구 공항대로7길 27, 203호 (공항동, 청성스카이)",37.5625427662926,126.812847475111
SRC03_G9735,함께하는재가복지센터,"서울특별시 강서구 등촌로39길 11-9, 2층 201호 (등촌동)",37.5453657360389,126.861702145597
SRC03_G9795,돌보인 방문요양센터 강서점,"서울특별시 강서구 우장산로16길 42, 2층 (화곡동)",37.5516787046287,126.848655388544
SRC03_G9798,어르신돌봄 재가노인복지센터,"서울특별시 양천구 신정중앙로 52, 3층 308호 (신정동)",37.5270124907993,126.857560282629
SRC03_G9807,행복나눔노인복지센터,"서울특별시 용산구 한강대로43길 13, 712호 (한강로2가, 한강로 대우아이빌)",37.5315632340948,126.96914656435
SRC03_G9838,예사랑재가노인복지센터,"서울특별시 성동구 성덕정길 45, 2층 (성수동1가)",37.5386497193039,127.048702390867
SRC03_G9857,새소망재가복지센터,서울특별시 성동구 용답15가길 2 (용답동),37.5635825915868,127.051050920722
SRC03_G9872,참 데이케어센터,"서울특별시 동대문구 이문로 136, 2층 13~15호 (이문동, 이문동 웰츠타워)",37.5984917221,127.061885756308
SRC03_G9913,여기 조은 재가복지센터,"서울특별시 성북구 보문로 119-1, 2층 201호 (보문동2가)",37.5856907147224,127.018950731134
SRC03_G9970,닮터데이케어센터,"서울특별시 강북구 오현로 32, 3층 (미아동)",37.6163201113602,127.033715530906
SRC03_G9981,임마뉴엘방문요양센터,"서울특별시 관악구 관악로11나길 14, 지층 (봉천동)",37.4778182515314,126.948442876012
SRC03_I0164,온누리,"서울특별시 관악구 관악로 211 (봉천동,2층)",37.4841859042134,126.954466715324
SRC03_I0436,굿피플 복지센터,"서울특별시 영등포구 영등포로 130, 상가동 207호 (당산동1가)",37.5209893973267,126.895800937843
SRC03_J1290,소망방문요양복지센터,"서울특별시 영등포구 양평로30가길 19, 204동 303호 (양평동6가, 동양아파트 상가)",37.5423969125417,126.890430416195
SRC03_J1910,사당데이케어센터,서울특별시 동작구 남부순환로 2081 (사당동),37.4770171436896,126.979851680787
SRC03_J2632,사랑나눔노인복지센터,"서울특별시 구로구 경인로55길 21, 301호 (구로동)",37.5022339153989,126.877054259583
SRC03_J2795,두레데이케어센터,서울특별시 중랑구 신내로 45 (신내동),37.6031407236909,127.095551052144
SRC03_J4579,송파한국노인복지센터,"서울특별시 송파구 가락로42길 17, 2층 (방이동)",37.5120621407918,127.121573914638
SRC03_J4830,'(A+)'부모사랑복지센터,"서울특별시 강동구 상암로 87-1, 1층 (암사동)",37.5480922292518,127.132739387321
SRC03_J6545,효드림단기보호센터,"서울특별시 양천구 곰달래로 47, 2층 (신월동)",37.530248154543,126.837979822093
SRC03_J7204,유나노인복지센터,"서울특별시 중랑구 중랑역로 238-5, 지층 (묵동)",37.6147688659758,127.0757176912
SRC03_J7329,창5동 데이케어센터,서울특별시 도봉구 노해로63가길 34 (창동),37.6541140856746,127.045339146341
SRC03_J7410,우리마포데이케어센터,"서울특별시 마포구 신촌로26길 10 (노고산동, 우리마포복지관(4,5층))",37.555858987325,126.942320769699
SRC03_J7590,삼화데이케어센터,서울특별시 동작구 사당로13길 42 (사당동),37.4859711905515,126.971908477802
SRC03_J7699,홍광데이케어센터,서울특별시 서대문구 통일로39길 22-31 (홍제동),37.588356933213,126.942419341119
SRC03_J8282,(주)삼성종합복지센터,"서울특별시 도봉구 도봉로106길 23, 102동 302호 (창동, 북한산현대홈시티)",37.6449520397829,127.034230880225
SRC03_J8436,엔젤데이케어센터,서울특별시 동작구 사당로16라길 9 (사당동),37.4827097181554,126.970424043824
SRC03_J8681,(A+)성원노인복지센터,"서울특별시 서초구 청두곶8길 3, 2층 202호 (방배동)",37.4805201096572,126.985536879706
SRC03_J8697,강남제일재가노인복지센터,"서울특별시 강남구 개포로 237, 302호 (개포동, 유진빌딩)",37.4790837015379,127.048623118642
SRC03_J9447,지브로 방문요양센터,"서울특별시 서초구 강남대로43길 22-1, 2층 (서초동)",37.4874871401671,127.030961938601
SRC03_J9466,무수골데이케어센터,서울특별시 도봉구 도봉로169가길 52 (도봉동),37.6821454234398,127.043565366073
SRC03_J9738,우리단기보호센터,"서울특별시 양천구 공항대로 594, 3층 (목동, 사라제이빌딩)",37.5473878325848,126.870674121441
SRC03_L0626,천세노인복지센터,"서울특별시 구로구 부일로 967, 4층 (궁동)",37.4934052714339,126.834696003889
SRC03_M0330,기쁨과나눔재가복지센터,"서울특별시 도봉구 도봉로137길 48, 2층 (쌍문동)",37.6611130932788,127.040116458453
SRC03_M0911,수유데이케어센터,"서울특별시 강북구 덕릉로 46, 3층 (수유동)",37.6340697427662,127.018655647874
SRC03_M1499,강북실버데이케어센터,서울특별시 강북구 오패산로 290 (미아동),37.6271241880413,127.029788280949
SRC03_P0007,소망재가복지센터,"서울특별시 서대문구 통일로 175, 3층 (천연동)",37.5693485896185,126.962907104963
SRC03_P0009,사랑방문요양센터,"서울특별시 관악구 남부순환로141길 7, 1층 (신림동)",37.4814791573684,126.90950022262
SRC03_P0019,'(A)비지팅엔젤스 영등포대림방문요양지점,"서울특별시 영등포구 대림로8길 15, 103호 (대림동)",37.4910152801309,126.905516809756
SRC03_P0047,소망재가복지센터,"서울특별시 양천구 목동남로4길 6-23, 4층 2호 (신정동, 목동2차우성아파트 B상가)",37.5076005082727,126.865109117285
SRC03_P0072,서진재가복지센터,"서울특별시 강북구 삼양로 633, 3층 (우이동)",37.6595226706488,127.013694370497
SRC03_P0083,새나눔요양재가복지센타,"서울특별시 중랑구 동일로95길 5, 1층 (면목동)",37.5847547586691,127.079339343474
SRC03_P0093,굿모닝재가방문요양센터,"서울특별시 은평구 은평로 33-4, 2층 (신사동)",37.5986460164199,126.911582280829
SRC03_P0107,소나무방문요양센터,"서울특별시 동작구 만양로14길 4, 201호 (노량진동)",37.5112526550075,126.944704223017
SRC03_P0137,(A)비지팅엔젤스 동대문중앙방문요양지점,"서울특별시 동대문구 장한로 64, 301호 (장안동)",37.5666342346804,127.068388884735
SRC03_P0143,종로재가복지센터,"서울특별시 종로구 사직로 105, 205호 (내자동, 정남빌딩)",37.5762899425461,126.970574538673
SRC03_P0183,송파가족사랑방문요양센터,"서울특별시 송파구 새말로17길 6, 2층 201호 (문정동)",37.4860186167767,127.131377701767
SRC03_P0211,한양 방문 요양센터,"서울특별시 송파구 가락로40길 9, 302호 (방이동)",37.5111796933549,127.120080722755
SRC03_P0219,엘림재가복지시설,"서울특별시 양천구 오목로32길 21-1, 1층 (신정동)",37.5229107456879,126.855242023186
SRC03_P0221,누가재가복지센터,"서울특별시 은평구 연서로3길 29, 2층 (역촌동)",37.6023607646747,126.912501845278
SRC03_P0236,365 어르신사랑 복지센터,"서울특별시 구로구 공원로 41, 221호 (구로동, 현대파크빌)",37.50036882384,126.889924711112
SRC03_P0256,미소방문요양센터,"서울특별시 도봉구 도당로13길 64, 1층 (방학동)",37.6671938356196,127.033712915096
SRC03_P0313,효사랑방문요양복지센터,서울특별시 용산구 새창로35길 18 (원효로2가),37.5363839797773,126.962129390684
SRC03_P0350,효재가복지센터,"서울특별시 도봉구 도당로 133, 4층 402호 (방학동)",37.6674486336944,127.041097340025
SRC03_P0353,은혜데이케어센터,"서울특별시 은평구 서오릉로 31, 2층 (녹번동)",37.6037580424032,126.924823124136
SRC03_P0360,산돌재가노인복지센터,"서울특별시 서대문구 세검정로1길 7, 2층 (홍은동)",37.5921103070362,126.942276838288
SRC03_P0361,강서실버 재가복지센터,"서울특별시 강서구 까치산로4길 29, 2층 (화곡동)",37.5415807784498,126.8449825116
SRC03_P0370,강서나래재가복지센터,"서울특별시 강서구 초록마을로10길 6-8, 101호 (화곡동)",37.5419107594641,126.848761697329
SRC03_P0377,창동한마음방문요양센터,"서울특별시 도봉구 노해로 384, 1층 29호 (창동)",37.6519427474015,127.051002787716
SRC03_P0381,더큰사랑재가복지센터,"서울특별시 관악구 조원로16길 27, 가동 1층 11호 (신림동)",37.4831452264323,126.911421208639
SRC03_P0438,미소천사 재가노인복지센터,"서울특별시 구로구 고척로21나길 22, 1층 (개봉동)",37.502779778013,126.844376854909
SRC03_P0440,소원재가복지센터,"서울특별시 영등포구 선유로 27, 1104호 (문래동5가)",37.5166326206565,126.887951634967
SRC03_P0462,예닮재가복지센터,"서울특별시 성북구 오패산로8길 4-4, 지하1호 (하월곡동)",37.6046354572259,127.037579142195
SRC03_P0466,금빛주야간보호센터,"서울특별시 동대문구 사가정로 262, 2층 (장안동)",37.5792266641197,127.074005960091
SRC03_P0492,유한헬스케어,"서울특별시 서대문구 가좌로 98, 3층 (홍은동)",37.5815625172231,126.927196765445
SRC03_P0573,다올림 노인복지재가센터,"서울특별시 강동구 상암로 41, 207호 (암사동, 암사동양덱스빌)",37.5501745970905,127.128189760726
SRC03_P0590,최고야 방문요양센터,"서울특별시 서초구 반포대로14길 36, 510호 (서초동, 현대전원오피스)",37.4855426784258,127.013036720252
SRC03_P0601,은빛노인복지센터,"서울특별시 중랑구 용마산로 670, B동 104호 (망우동, 신내역 프라디움 더 테라스)",37.6119441454331,127.102489000658
SRC03_P0604,슬기재활재가간호센터,"서울특별시 강북구 인수봉로 202, 1층 (수유동, 전면 기준 좌측)",37.6375230346544,127.013381368802
SRC03_P0607,미소뜰재가복지센터,"서울특별시 도봉구 도봉로181길 26, 102호 (도봉동)",37.6842660137587,127.044401794159
SRC03_P0615,창동휴재활데이케어센터,"서울특별시 도봉구 도봉로110라길 69-6, 2층 (창동)",37.64291383053,127.036640981521
SRC03_P0645,중랑행복재가노인복지센타,서울특별시 중랑구 중랑역로 73-1 (중화동),37.6000791875796,127.077850189065
SRC03_P0649,가족사랑 재가복지센터,"서울특별시 양천구 은행정로 37, 302호 (신정동)",37.5230977116868,126.859350113349
SRC03_P0650,진심방문요양센터,"서울특별시 도봉구 덕릉로53길 19, 1층 좌측호 (창동)",37.6383569297788,127.036320939863
SRC03_P0679,디파이 케어,"서울특별시 송파구 법원로 114, E동 지하2층 E-B201호 (문정동)",37.4860552797801,127.12100938212
SRC03_P0682,송파행복데이케어센터,"서울특별시 송파구 새말로 125, 5층 501호 (문정동, 어은회관)",37.4831053437977,127.127886835091
SRC03_P0686,예은 재가복지센터,"서울특별시 강남구 선릉로155길 23-8, 303호 (신사동)",37.5252016552809,127.037577724866
SRC03_P0701,양천재가복지센터,"서울특별시 양천구 목동중앙북로18길 5, 4층 (목동)",37.5459681303886,126.875196482203
SRC03_P0708,*(ABC)우림요양센터,"서울특별시 중랑구 용마산로 494, 5층 (망우동, 상아프라자)",37.5949757275537,127.100268095195
SRC03_P0712,햇살재가복지센터,"서울특별시 강서구 양천로57길 36, B상가동 2층 209호 (가양동, 가양도시개발공사아파트)",37.5646273830484,126.853519560541
SRC03_P0744,참사랑재가센터,"서울특별시 마포구 희우정로 100, 302호 (망원동)",37.5542711149089,126.902057365889
SRC03_P0765,효도방문재가센터,"서울특별시 마포구 성미산로 20-1, 지1층 (성산동)",37.5583876294884,126.910505904432
SRC03_P0792,푸른재가복지센터,"서울특별시 마포구 백범로 13, 3층 302호 (노고산동, 신촌르메이에르타운2)",37.5534277936917,126.937479181431
SRC03_P0801,감사방문요양센터,"서울특별시 서대문구 통일로 344, 201동 상가비201호 (홍제동, 무악청구아파트)",37.5812727862731,126.951439676557
SRC03_P0831,미소요양재가센터,"서울특별시 마포구 양화로 183, 613호 (동교동, 홍익인간오피스텔)",37.5583675467575,126.925148412411
SRC03_P0837,스마일시니어 데이케어센터 중랑지점,"서울특별시 중랑구 용마산로 434, 2층 (면목동, 에코빌딩)",37.5899591743596,127.097376830817
SRC03_P0840,둔촌데이케어센터,"서울특별시 강동구 천호대로 1210, 5층 (둔촌동)",37.534930341506,127.145659416639
SRC03_P0923,살림데이케어센터,"서울특별시 은평구 갈현로12길 17-1, 2~4층 (역촌동)",37.6065397286771,126.912492080606
SRC03_P0948,유케어G,"서울특별시 관악구 관악로 222, 2층 (봉천동)",37.4843576823304,126.955533502141
SRC03_P0994,'시니어홈케어 재가방문요양센터,"서울특별시 동작구 보라매로 100-4, 4층 (신대방동)",37.498376531837,126.928515793356
SRC03_P0996,큰사랑재가복지센터,"서울특별시 강북구 삼양로20길 9, 1층 (미아동)",37.6144459788536,127.022734544637
SRC03_P0997,행복한재가복지센터,"서울특별시 강북구 노해로17길 60, 1층 (수유동)",37.6405037978286,127.019030021075
SRC03_P0998,번동힐데이케어센터,서울특별시 강북구 오현로25다길 72 (번동),37.6262553559381,127.033837829853
SRC03_P1053,A+ 실버웨이 성북데이케어센터,"서울특별시 성북구 북악산로 844, 상가동 2층 201호 (돈암동, 브라운스톤 돈암 아파트)",37.5973870636459,127.019322962491
SRC03_P1084,고운마음재가요양센터,"서울특별시 강북구 도봉로24길 8, 2층 201호 (미아동)",37.6193806104525,127.02960022097
SRC03_P1106,꽃피는재가복지센터,"서울특별시 강서구 강서로17길 45, 2층 204호 (화곡동, 한양빌딩)",37.5324369223167,126.84329734716
SRC03_P1139,행복숲 재가복지센터,"서울특별시 동대문구 천호대로77나길 3, 1층 (장안동)",37.5652001698719,127.06312183729
SRC03_P1159,한봄찬방문요양센터,"서울특별시 관악구 봉천로 496-1, 2층 (봉천동)",37.4811464563673,126.954740019673
SRC03_P1166,뉴라이프복지센터,"서울특별시 서대문구 홍제내길 128, 303호 (홍제동, 주영빌딩)",37.5880207394477,126.936722236706
SRC03_P1172,해피재가복지센터,"서울특별시 영등포구 선유서로25길 18-10, 301호 (양평동2가)",37.5250572221653,126.884080374534
SRC03_P1176,우리실버돌봄센터,"서울특별시 은평구 갈현로23길 20, 1층 (갈현동)",37.6171682927677,126.912317201317
SRC03_P1177,다솜방문요양센터,"서울특별시 관악구 양녕로 35, 2층 (봉천동)",37.4852026691443,126.946659705591
SRC03_P1181,명성재가방문요양센터,"서울특별시 중랑구 면목로51길 25, 1층 (면목동)",37.5832195482268,127.086409598261
SRC03_P1205,라온재가복지센터,"서울특별시 은평구 연서로21길 29, 3층 (갈현동)",37.615364781348,126.914647235578
SRC03_P1215,서보재가복지센터,"서울특별시 동대문구 무학로28길 31, 301호 (용두동)",37.5747490597249,127.032523435447
SRC03_P1219,해돋이재가복지센터,"서울특별시 강동구 진황도로 170, 1층 (둔촌동)",37.5309040237906,127.142124226861
SRC03_P1233,염리데이케어센터,"서울특별시 마포구 대흥로24길 50, 2층 (염리동, 염리종합사회복지관)",37.5546397472934,126.948744227467
SRC03_P1238,가화락 재가노인복지센터,"서울특별시 강남구 남부순환로365길 32, 5층 501호 (도곡동)",37.4873926954564,127.039756305376
SRC03_P1258,우리방문요양센터,"서울특별시 송파구 양산로8길 4 (거여동, 211-1호(거여1단지 상가동))",37.4918160317756,127.144296521827
SRC03_P1262,늘푸른노인복지센터,"서울특별시 동대문구 천호대로45가길 36, 1층 (용두동)",37.5761288189051,127.04201669785
SRC03_P1281,도담재가요양센터,"서울특별시 강북구 삼각산로 143-1, 상가A동 1층 108호 (수유동)",37.6426557894829,127.01963902071
SRC03_P1342,창동데이케어센터,"서울특별시 도봉구 해등로 125, 3층 (창동)",37.6547703275814,127.04047772224
SRC03_P1361,주사랑재가복지센터,"서울특별시 동대문구 답십리로48길 60, 1층 (답십리동, 우측)",37.5701734927117,127.057647139712
SRC03_P1373,스타방문요양센터,서울특별시 구로구 고척로6길 25 (오류동),37.4970524066589,126.840495335128
SRC03_P1374,강남한티재가복지센터,"서울특별시 강남구 선릉로 305, 2층 202호 (역삼동)",37.4966557888844,127.052414134692
SRC03_P1393,은빛방문요양센터,"서울특별시 도봉구 시루봉로15라길 11, 1층 (방학동)",37.6686009566465,127.032861990927
SRC03_P1423,여의도가족사랑재가복지센터,"서울특별시 영등포구 국제금융로8길 34, 1305호 (여의도동)",37.520236283731,126.927238179699
SRC03_P1444,나누리재가어르신복지센터,"서울특별시 강서구 양천로26길 18, 2층 205호 (마곡동, 정곡빌딩)",37.5727585403151,126.817935470228
SRC03_P1451,스마일시니어 미소나래재가복지센터,"서울특별시 서초구 반포대로14길 71, 1908호 (서초동)",37.4869095170024,127.01450471794
SRC03_P1477,능력방문요양센터,"서울특별시 은평구 갈현로41길 11, 3층 (갈현동)",37.6243836333596,126.916108629196
SRC03_P1487,희망노인복지사업소,"서울특별시 은평구 진흥로 153-6, B1, 2층 B01,201(2)호 (대조동, 스타타운3차오)",37.6093799824049,126.926451622343
SRC03_P1501,삼성 재가복지센터,"서울특별시 강남구 봉은사로 504, 402호 (삼성동)",37.512933751567,127.054122152774
SRC03_P1506,보듬재가복지센터,서울특별시 송파구 마천로43길 31 (마천동),37.4992878005471,127.149943042332
SRC03_P1542,한살림서울돌봄센터,"서울특별시 도봉구 도봉로 499, 302호 (쌍문동)",37.6501906699592,127.035311835472
SRC03_P1544,'YesCare'예스케어 주간보호 상봉 센터,"서울특별시 중랑구 망우로 316, 2층 (상봉동, 이지펠리스)",37.5965223858128,127.087565034141
SRC03_P1548,하랑재가복지센터,"서울특별시 송파구 오금로54길 28-2, 101호 (거여동)",37.4931518149725,127.143077496999
SRC03_P1551,우리부모 방문요양센터,"서울특별시 광진구 광장로3길 7, 1층 102호 (광장동)",37.5475012505722,127.10285900815
SRC03_P1580,연세노인복지센타,"서울특별시 구로구 경인로 172, 201호 (오류동)",37.4944142152353,126.840594577074
SRC03_P1590,(A+)동행노인요양복지센터,"서울특별시 성동구 동호로 100, 1층 111호 (금호동3가, 두산상가)",37.5513284722706,127.016416476579
SRC03_P1610,대방재가복지센터,"서울특별시 동작구 등용로 79 (대방동, 1층)",37.5082265461468,126.932100557229
SRC03_P1648,케이씨복지용구,"서울특별시 송파구 성내천로 179, 1층 (마천동)",37.5014654459143,127.147793564879
SRC03_P1655,주민재가방문요양센터,서울특별시 종로구 돈화문로9가길 26-1 (돈의동),37.5722726491065,126.990758222407
SRC03_P1675,감성재가노인복지센터,"서울특별시 은평구 연서로 73, 1층 (역촌동)",37.6056457550755,126.915065926274
SRC03_P1680,한마음방문요양간호센터,"서울특별시 송파구 위례성대로 158, 상가1공구동 103호 (오금동, 대림아파트)",37.5109025358756,127.128646700882
SRC03_P1692,공감방문요양센터,"서울특별시 동작구 성대로11길 46, 지층 (상도동)",37.4994807360159,126.93445574867
SRC03_P1710,동궁재가복지센터,"서울특별시 서초구 남부순환로335길 41, 304호 (서초동, 삼원빌딩)",37.484308268485,127.02178848976
SRC03_P1734,아이레네주야간보호센터,"서울특별시 구로구 남부순환로 1291, B동 8층 (가리봉동, 영진오피스)",37.478889496799,126.894328055278
SRC03_P1746,연세재가복지센터,"서울특별시 성북구 삼선교로 12, 5층 (삼선동1가)",37.5875911326329,127.007142383963
SRC03_P1756,A+주은방문요양센터,"서울특별시 동대문구 약령시로21길 30, 4동 4,7호 (청량리동, 현대아파트)",37.5841917064823,127.045696927384
SRC03_P1758,고은방문요양센터,"서울특별시 동대문구 회기로 34, 4층 401호 (제기동)",37.5910784465708,127.040244488521
SRC03_P1765,(A+)가족사랑방문요양센터,"서울특별시 송파구 마천로 256-1, 201호 (거여동)",37.4984956424955,127.145543608156
SRC03_P1770,동행복지센터,"서울특별시 송파구 풍성로6길 11, 2층 (풍납동)",37.5339917593561,127.11441080302
SRC03_P1829,보건의료기,"서울특별시 동대문구 왕산로 264-1, 1층 (전농동)",37.584201800415,127.050552012369
SRC03_P1844,하예성복지센터,서울특별시 중랑구 용마산로106길 10 (망우동),37.5938096734026,127.099832514769
SRC03_P1847,현미 재가복지센터,"서울특별시 구로구 중앙로5길 62, 상가동 101호 (고척동)",37.5029347315877,126.860748578923
SRC03_P1929,엘림재가센터,"서울특별시 강서구 수명로1길 16, 제상가동 2층 202호 (내발산동)",37.5520478232459,126.822560908166
SRC03_P1955,바른마음재가복지센터,"서울특별시 영등포구 도영로 66, 상가동 213호 (도림동, 영등포아트자이아파트)",37.5103949442095,126.900176553265
SRC03_P1966,굿하트강동 재가복지센터,"서울특별시 강동구 천호대로198길 8, 1층 (둔촌동)",37.5353904346142,127.147079010908
SRC03_P2015,정원재가복지센터,"서울특별시 도봉구 마들로11길 73, 403호 (창동, 콤마프라자)",37.6532567533904,127.049060560533
SRC03_P2025,집으로재가센터,"서울특별시 영등포구 대림로 88, 4층 (대림동)",37.4901385471167,126.904554178297
SRC03_P2043,굿모닝의료기,"서울특별시 서대문구 충정로 67, 1층 (충정로2가)",37.5648101819812,126.96557922247
SRC03_P2048,다올방문요양센터,"서울특별시 양천구 목동로 163, 301호 (신정동, 이스타팰리스)",37.5232213706845,126.8648649306
SRC03_P2050,사랑나눔 재가노인복지센터,"서울특별시 용산구 후암로57길 35-15, 2층 (동자동)",37.5519664820893,126.97410204746
SRC03_P2068,베스트시니어 복지용구,"서울특별시 서대문구 연희로 26, 1층 101호 (창천동, 사회복지법인동방사회복지회본관)",37.5609976100793,126.927106202065
SRC03_P2072,효명데이케어센터,"서울특별시 은평구 은평터널로5길 11-10, B1, B2호 (신사동, 호명펠리스)",37.5911332498968,126.904600513603
SRC03_P2073,우리들재가노인복지센터,"서울특별시 영등포구 도신로 258, 3층 (신길동)",37.513819894141,126.918827408749
SRC03_P2075,효드림데이케어센터,"서울특별시 관악구 관악로 111, 2층 (봉천동)",37.4750032782962,126.952431360159
SRC03_P2096,홍제방문요양센터,"서울특별시 서대문구 세무서2길 6, 2층 (홍제동)",37.5886872959175,126.945974309394
SRC03_P2100,효드림노인재가복지센터,"서울특별시 강북구 덕릉로42길 9, 1층 (번동)",37.6348220979594,127.031949483999
SRC03_P2106,하사랑노인요양복지센터,"서울특별시 양천구 목동중앙북로8나길 14, 102호 (목동)",37.5475584425953,126.864767935699
SRC03_P2108,다온재가복지센터,"서울특별시 성북구 정릉로38마길 29 (정릉동, 정릉우성아파트 상가1 205호)",37.6013415261907,127.016885980062
SRC03_P2111,굿플러스방문요양센터,"서울특별시 송파구 백제고분로40길 25, 303호 (석촌동)",37.5025118458127,127.107454329784
SRC03_P2114,둥지 방문요양센터,"서울특별시 강동구 상암로 413, B03호 (상일동)",37.5457854745011,127.168685912855
SRC03_P2137,(A+)성수데이케어센터,"서울특별시 성동구 성덕정길 79, 2층 (성수동2가)",37.5380275897336,127.052462879875
SRC03_P2140,다니엘재가실버케어센터,"서울특별시 영등포구 경인로 775, 2동 301-2호 (문래동3가)",37.5147464245043,126.897536835727
SRC03_P2141,봄날 재가요양센터,"서울특별시 강서구 공항대로41길 66, 지하1층 153, 154호 (등촌동, 세신종합상가)",37.5606317523438,126.846579308762
SRC03_P2200,다나을방문요양센터,"서울특별시 성북구 동소문로34길 24, 비상가동 207호 (돈암동)",37.5989927554427,127.023132747169
SRC03_P2201,물빛데이케어센터,"서울특별시 은평구 수색로 256, 2동 (수색동)",37.5822499205314,126.896276025729
SRC03_P2217,129재가복지/방문요양센터,"서울특별시 동대문구 답십리로48길 64, 1층 (답십리동)",37.569907350241,127.057623503179
SRC03_P2247,봉춘재가복지센터,서울특별시 성북구 종암로18길 3-4 (종암동),37.5988982220678,127.034932575644
SRC03_P2249,늘섬김 재가복지센터,"서울특별시 동대문구 약령서길 74, 가동 1층 (제기동)",37.5814977011454,127.036479194978
SRC03_P2261,호은방문요양센터,"서울특별시 서대문구 거북골로 174-2, 지층 (북가좌동)",37.5769598026893,126.911279405863
SRC03_P2272,파랑새마을재가복지센터,"서울특별시 은평구 서오릉로21길 3, 지층 1호 (구산동)",37.6153728113296,126.907949581336
SRC03_P2283,참사랑데이케어센터,"서울특별시 동작구 등용로14길 71, 2층 (노량진동)",37.5125814170562,126.935396215873
SRC03_P2288,가연재가복지센터,"서울특별시 영등포구 대림로31길 40, 상가동 202호 (대림동)",37.4958697151565,126.894639992132
SRC03_P2297,A+엘림재가방문센터,"서울특별시 중랑구 용마산로115길 106, 3층 (망우동)",37.5981631078557,127.094436879226
SRC03_P2309,좋은아침재가복지센터,"서울특별시 강동구 암사길 20, 2층 201호 (암사동)",37.5513744398061,127.131643639306
SRC03_P2325,나래데이케어센터,"서울특별시 서대문구 모래내로 275, 2층, 3층 (홍은동)",37.5772850884939,126.928588614002
SRC03_P2338,서울현대재가센터,"서울특별시 영등포구 양평로12길 13, 2층 203호 (당산동6가, 서울현대실용전문학교)",37.5358985852164,126.900665744587
SRC03_P2346,디딤돌방문요양재가복지센터,"서울특별시 은평구 통일로 590, 상가B동 1층 104호 (녹번동, 대림아파트)",37.6006262035389,126.937156149208
SRC03_P2351,(주)온가치 수요양보호사교육원 재가노인복지센터,"서울특별시 동대문구 전농로 22, 402호 (답십리동)",37.5667016885219,127.056713020575
SRC03_P2371,효은재가센터,"서울특별시 구로구 부일로15길 16, 4층 (궁동)",37.4940013476584,126.833968261327
SRC03_P2398,동행재가복지센터,서울특별시 중랑구 겸재로54길 99 (면목동),37.584726644398,127.091542589904
SRC03_P2566,'(A)비지팅엔젤스 동작방문요양지점,서울특별시 동작구 남부순환로269길 44 (사당동),37.4782261328386,126.976972477872
SRC03_P2595,정성가득재가복지센터,"서울특별시 동작구 남부순환로271길 55, 202호 (사당동)",37.4790901756328,126.979789394488
SRC03_P2602,종로이화재가복지센터,"서울특별시 종로구 지봉로 49, 2층 (창신동)",37.5745882687443,127.015516868276
SRC03_P2609,케어닥 방문요양센터 송파점,"서울특별시 송파구 중대로 220, 301호 (가락동)",37.5011893878685,127.127777777976
SRC03_P2625,선오재가,"서울특별시 마포구 백범로 178, B동 9층 907호 (공덕동, 신영지웰오피스텔)",37.5438817651664,126.950076196083
SRC03_P2633,늘봄복지용구,"서울특별시 관악구 남부순환로 1855, 3층 303호 (봉천동)",37.4802548443048,126.956245384035
SRC03_P2646,(A)비지팅엔젤스 서울중구방문요양지점,"서울특별시 중구 청구로1길 23 (신당동, 신당동삼성아파트 상가1동 110호)",37.5585358838305,127.01844745293
SRC03_P2655,감동재가복지센터,"서울특별시 성북구 동소문로 118, 803호 (동선동1가)",37.5933260265911,127.018175678094
SRC03_P2664,이로운재가요양센터 마포지점,"서울특별시 마포구 마포대로 63-8, 13층 1344호 (도화동, 삼창프라자)",37.5422597994869,126.947815114643
SRC03_P2679,금빛재가복지센터,"서울특별시 용산구 이촌로14길 16, 3동 1층 103호 (이촌동, 시범아파트)",37.527876945344,126.95457321442
SRC03_P2737,"소망재가복지 (단기보호, 방문요양)","서울특별시 동대문구 한천로37길 19, 4층 (답십리동)",37.5763184787421,127.066515708691
SRC03_P2749,강동맘편한 방문요양센터,"서울특별시 강동구 고덕로13길 5, 1층 101호 (암사동, 동호아시)",37.5550775840405,127.130873675129
SRC03_P2757,보금자리방문요양센터,"서울특별시 서초구 효령로 304, 3층 3031호 (서초동)",37.4847315992014,127.017803806463
SRC03_P2761,세종재가노인복지센터,"서울특별시 중랑구 상봉로 21, 1층 (면목동)",37.5878750240026,127.094012202984
SRC03_P2772,밝은재가복지센터,"서울특별시 은평구 진관3로 67, 911동 1층 101호 (진관동, 은평뉴타운 구파발)",37.6427644551257,126.920932686788
SRC03_P2815,인애재가노인복지센터,"서울특별시 강동구 양재대로89길 16, 213호 (성내동, 파크프라자)",37.5268826423806,127.134695601656
SRC03_P2819,보은데이케어센터,"서울특별시 동대문구 한천로 213, 3층 (전농동)",37.5799623941533,127.068052045954
SRC03_P2841,대한재가복지센터,"서울특별시 영등포구 대림로 153, 4층 (대림동, 이충호 산부인과)",37.494428014854,126.899818873472
SRC03_P2842,케어닥 방문요양센터 관악점,"서울특별시 관악구 신림로 304, 2층 (신림동)",37.481363738335,126.93022385624
SRC03_P2849,강북 효사랑 재가복지센터,"서울특별시 강북구 삼양로77가길 3, 2층 (수유동)",37.6298022520294,127.017281214797
SRC03_P2852,가족같은재가복지센터,"서울특별시 강북구 도봉로53길 48, 3층 1호 (미아동)",37.6265145479626,127.023098566861
SRC03_P2880,사랑재가노인요양센터,"서울특별시 송파구 올림픽로32길 22-23, 308호 (방이동)",37.513491391018,127.108347915218
SRC03_P2892,성모노인복지센터,"서울특별시 은평구 서오릉로9길 9, B동 1층 101호 (역촌동, 조운아트빌)",37.6069157856001,126.920759095491
SRC03_P2902,예마재가복지센터,"서울특별시 관악구 문성로 76, 303호 (신림동)",37.4769809090097,126.912178943169
SRC03_P2908,효사랑 부모님 돌봄 재가복지센터,"서울특별시 강남구 광평로39길 3, 상가동 지하층 01호 (수서동)",37.4857662768639,127.097263256365
SRC03_P2914,홍릉단기보호센터,"서울특별시 동대문구 제기로 72, 5층 (제기동)",37.5864675144777,127.041066815849
SRC03_P2936,은혜방문요양센터,"서울특별시 송파구 한가람로 406, 상가동 201호 (풍납동)",37.5345785531115,127.111805818473
SRC03_P2983,강북해오름데이케어센터,"서울특별시 강북구 삼양로 438, 3층 (수유동)",37.64254344188,127.016678775368
SRC03_P2984,중랑효재가복지센터,"서울특별시 중랑구 면목로44길 32, 2층 (면목동)",37.5808937843172,127.090301510439
SRC03_P3003,서울특별시립마포실버케어센터 병설 데이케어,서울특별시 마포구 백범로31길 21 (공덕동),37.5474587622726,126.950577944061
SRC03_P3013,으뜸어르신주야간보호센터,"서울특별시 구로구 새말로 52, 3층 (구로동)",37.503476022301,126.886394305772
SRC03_P3022,참좋은 방문요양센터,"서울특별시 중랑구 신내로 135, 상가1동 211호 (신내동)",37.6113848049141,127.095849500583
SRC03_P3038,나누리 재가복지센터,"서울특별시 중랑구 송림길 46-5, 1층 102호 (신내동)",37.6014650007725,127.098799095962
SRC03_P3069,이화재가복지센터,"서울특별시 서대문구 홍제내길 62, 1층 (홍제동)",37.5852491413559,126.935953225605
SRC03_P3072,(주)케어이룸 금천점,"서울특별시 금천구 벚꽃로 30, 301호 (독산동, 금천 롯데캐슬 골드파크 2차)",37.4582229148592,126.893710403536
SRC03_P3087,효담재가복지센터,서울특별시 양천구 가로공원로60가길 15 (신월동),37.5345213671262,126.826648837176
SRC03_P3124,행운목재가방문복지용구센터,"서울특별시 금천구 문성로 44, 3층 (독산동)",37.4766320626748,126.908529730424
SRC03_P3152,도움재가노인복지센터,서울특별시 동작구 상도로41길 32 (상도1동),37.5021608899646,126.950831062295
SRC03_P3182,송파노인재가복지센터,"서울특별시 송파구 올림픽로 525, 상가동 1층 105호 (풍납동, 현대아파트)",37.5301130130253,127.119355326822
SRC03_P3192,새봄방문요양센터,"서울특별시 송파구 백제고분로 384, 2층 (송파동, 용성빌딩)",37.5057014956071,127.108732499783
SRC03_P3208,시립동대문데이케어센터,서울특별시 동대문구 황물로 12 (답십리동),37.5758489828215,127.044918304374
SRC03_P3223,바른재가복지센터,"서울특별시 강서구 화곡로 119, 604호 (화곡동, 동인빌딩)",37.5404442123113,126.835104104883
SRC03_P3225,효사랑재가요양센터,"서울특별시 성북구 정릉로36길 55, 1층 (정릉동)",37.6022189098962,127.015582398215
SRC03_P3229,어울림재가복지센터,"서울특별시 서대문구 수색로2길 32, 2층 (남가좌동)",37.5701952025245,126.916179972309
SRC03_P3245,온사랑 방문요양센터,"서울특별시 중랑구 양원역로 3, 2층 (망우동)",37.6009217047059,127.108149688552
SRC03_P3269,두손 재가노인복지센터,"서울특별시 성북구 삼선교로23길 23, 상가107호 (삼선동4가, 코오롱 아파트)",37.5908460068258,127.013017474713
SRC03_P3278,아리아케어방문요양강남대치센터,"서울특별시 강남구 테헤란로114길 26, 2층 203호 (대치동)",37.5079755952897,127.066830405051
SRC03_P3281,사랑방데이케어센터,"서울특별시 중랑구 용마산로 529, 2층 (망우동)",37.5982631917,127.100034140297
SRC03_P3290,젤로스재활데이케어센터,"서울특별시 은평구 통일로 884, 제지층 제비101호 (불광동, 백마노블레스텔)",37.6218535730619,126.920135981456
SRC03_P3304,다솜실버데이케어센터,서울특별시 은평구 서오릉로15길 5-11 (구산동),37.6137172379723,126.910636034591
SRC03_P3311,사랑채재가복지센터,"서울특별시 중랑구 면목로 220, 2층 (면목동)",37.5725809054602,127.084131848552
SRC03_P3332,삼성시니어센터,"서울특별시 성동구 용답중앙11다길 22, 1층 (용답동)",37.5658779753318,127.052475727187
SRC03_P3334,한사랑재가복지센터,"서울특별시 도봉구 노해로70길 46, 1층 142호 (창동, 주공19단지아파트상가)",37.6502819830907,127.051377751402
SRC03_P3400,은송돌봄재가복지센터,서울특별시 송파구 거마로7길 9-16 (거여동),37.4951840639344,127.14372141951
SRC03_P3417,돌곶이데이케어방문요양센터,서울특별시 성북구 화랑로30길 19 (석관동),37.6096845922933,127.055631095447
SRC03_P3419,'(A)비지팅엔젤스 성동방문요양지점,"서울특별시 성동구 성수이로 24, 2층 (성수동2가)",37.5372725215856,127.054322582179
SRC03_P3441,가온사회서비스 재가센터,"서울특별시 양천구 목동중앙본로 113, 2동 3층 302호 (목동, 효명)",37.5456837871694,126.870850537297
SRC03_P3476,가자 하나로 재가복지센터,"서울특별시 양천구 은행정로7길 23, 1층 102호 (신정동)",37.5220448249208,126.857043819183
SRC03_P3489,더행복드림 복지센터,서울특별시 성동구 용답중앙11길 12 (용답동),37.5658508907424,127.051988429181
SRC03_P3527,부모사랑방문복지센터,"서울특별시 강북구 노해로23길 63, 1층 (수유동)",37.6456774486727,127.020002861866
SRC03_P3581,'힐링'재가복지센터,"서울특별시 강북구 덕릉로 93-5, 1505호 (번동, 수유역 투웨이퍼스트)",37.6351350729453,127.024098676393
SRC03_P3604,굿모닝동작데이케어센터,"서울특별시 동작구 상도로 121, 4층 (상도동)",37.5016323586199,126.933365130604
SRC03_P3608,예원주야간보호센터,"서울특별시 중랑구 용마산로 554, 2층 (망우동)",37.6004362550004,127.100711968645
SRC03_P3609,목동어머니재가센터,"서울특별시 양천구 지양로9길 23, 1층 102호 (신월동)",37.5206644917223,126.831804927443
SRC03_P3639,천사가족(+)재가복지센터,"서울특별시 강서구 공항대로41길 66, 4층 404호 (등촌동, 세신등촌종합상가)",37.5606317523438,126.846579308762
SRC03_P3647,상록복지재가센터,"서울특별시 동작구 상도로12길 24, 604호 (대방동, 대방오피스텔)",37.4992251157547,126.928991086721
SRC03_P3671,서초 방문간호 재가요양센터,"서울특별시 서초구 사임당로 105, 1층 (서초동)",37.4905455065109,127.021239172023
SRC03_P3677,생명나무재가복지센터,"서울특별시 도봉구 도당로13라길 3, 1층 좌측호 (방학동)",37.6667921501153,127.034434949942
SRC03_P3704,비타민재가노인복지센터,"서울특별시 구로구 개봉로1나길 58, 지층 (개봉동)",37.4857538361665,126.852389241915
SRC03_P3731,우리마을재가요양센터,"서울특별시 성북구 지봉로20길 67, 1층 (보문동5가)",37.5820224988336,127.019515529517
SRC03_P3737,서대문 시니어 재가복지센터,"서울특별시 서대문구 모래내로 309, 상가동 111호 (홍은동, 두산아파트)",37.578896435345,126.931492692669
SRC03_P3752,(한사랑) 재가방문요양센터,"서울특별시 강동구 풍성로41길 1, 102호 (성내동, 유성그린빌)",37.5314403060873,127.127600717276
SRC03_P3771,정성드림방문요양센터,"서울특별시 성북구 돌곶이로8길 47, 2층 (석관동)",37.6071729582025,127.063887083409
SRC03_P3773,가산재가복지센터,"서울특별시 금천구 남부순환로108길 16, 1층 (가산동)",37.478257756036,126.892284425725
SRC03_P3781,남산재가방문요양,"서울특별시 중구 다산로 32, 3층 309호 (신당동, 남산타운아파트, 제5상가)",37.5471505540187,127.005706247221
SRC03_P3787,굿케어재가복지센터,"서울특별시 양천구 신목로5길 9, 상가동 2층 204호 (신정동)",37.5178823225128,126.87367592976
SRC03_P3803,돌봄방문간호요양센터,"서울특별시 금천구 독산로39길 16-26, 1층 101호 (시흥동)",37.4596904026859,126.904373954219
SRC03_P3861,강서재가노인지원센터,"서울특별시 강서구 방화대로5길 38, 1층 전부호 (공항동)",37.5547794971687,126.814090735316
SRC03_P3879,시니어학교 강동천호 주간보호센터,"서울특별시 강동구 양재대로 1543, 4층 (천호동, 진주빌딩)",37.5435065290527,127.141864467088
SRC03_P3883,알콩달콩데이케어센터,"서울특별시 양천구 월정로 145, 3층 (신월동)",37.531801353487,126.836971801307
SRC03_P3924,미소재가복지센터,"서울특별시 양천구 남부순환로50길 1, 1층 (신월동)",37.5338774199529,126.828622481884
SRC03_P3935,우리들재가복지센터,"서울특별시 은평구 증산서길 88, 2층 208호 (증산동)",37.5840489255867,126.907198478811
SRC03_P3936,강북재가복지센터,"서울특별시 강북구 한천로109길 67, 108동 204호 (번동)",37.6272023397007,127.040810883275
SRC03_P3945,방학데이케어센터,"서울특별시 도봉구 시루봉로 222, 2층 (방학동)",37.6680495547322,127.034754821262
SRC03_P3947,미소 복지용구,"서울특별시 금천구 시흥대로 155, 107호 (시흥동, 시흥빌딩)",37.4480264749885,126.902552595104
SRC03_P3981,효사랑재가복지센터,"서울특별시 강서구 방화대로48길 40, 상가동 105호 (방화동, 도시개발공사아파트)",37.5742556295155,126.820167898164
SRC03_P4011,더케어방문요양센터,"서울특별시 강남구 테헤란로 151, 8층 816호 (역삼동)",37.5009805027604,127.036135772428
SRC03_P4024,송파메디재가복지센터,"서울특별시 송파구 양산로 12, 216호 (거여동, 세신거여훼미리타운)",37.489911262721,127.143590440057
SRC03_P4060,스마일시니어 잠실송파 방문요양센터,"서울특별시 송파구 올림픽로 336, 801호 (방이동)",37.5153960266549,127.107455494042
SRC03_P9607,늘봄복지센터,"서울특별시 양천구 월정로 129, 지층층 (신월동)",37.5305349243818,126.837834953916
SRC03_Z0630,서초구립방배노인데이케어센터,서울특별시 서초구 방배천로 48 (방배동),37.4807674284213,126.982786858367
SRC03_Z6222,희망노인주야간보호센터,서울특별시 동대문구 전농로 63-1 (답십리동),37.5705846461303,127.057030310676
SRC03_Z6276,더드림방문간호요양센터,"서울특별시 도봉구 우이천로 288-3, 2층 (쌍문동)",37.64390195121,127.030243903477
SRC03_Z6328,금빛재가복지센터,"서울특별시 금천구 독산로6길 12, 1층 (시흥동)",37.4484694204438,126.904996017272
SRC03_Z6343,큰사랑노인복지센터,"서울특별시 동대문구 망우로16길 20, 305호 (휘경동)",37.5893695674034,127.060971952229
SRC03_Z6410,가원주야간보호센터,"서울특별시 중랑구 망우로 171, 3층 (중화동)",37.5931206498144,127.071741182082
SRC03_Z6417,다정다감 재가방문요양센터,"서울특별시 관악구 봉천로 586-1, 2층 (봉천동)",37.4766649879256,126.962364513723
SRC03_Z6443,남부데이케어센터,"서울특별시 관악구 난곡로63가길 60, 4층 (신림동)",37.478365037104,126.914385552284
SRC03_Z6468,좋은돌봄재가노인복지센터,"서울특별시 구로구 남부순환로95길 16, 제상가동 1층 103호 (개봉동, 삼호아파트)",37.4945679422391,126.857307896676
SRC03_Z6510,토브재가복지센터,"서울특별시 송파구 백제고분로 175, 2층 (잠실동)",37.5050623437566,127.086336741064
SRC03_Z6522,아라사회복지센터,"서울특별시 송파구 마천로 229, 201호 (마천동)",37.5003696919537,127.143441621266
SRC03_Z6528,더사랑방문요양센터,"서울특별시 강동구 상일로15길 34-30, 201호 (고덕동)",37.5584270261298,127.170427918012
SRC03_Z6530,(A+)하나방문요양센터,"서울특별시 동대문구 정릉천동로 58, 105호 (용두동, 롯데캐슬피렌체)",37.5771867895785,127.036238453059
SRC03_Z6556,더 나눔재가복지센터,"서울특별시 강북구 도봉로53길 45, 1층 (미아동)",37.6263478551204,127.023151077553
SRC03_Z6558,주식회사 클린라이프케어,"서울특별시 성북구 정릉로26가길 8 (정릉동, 1층, 2층 201호)",37.6027560716053,127.012641877683
SRC03_Z6603,늘기쁨재가복지센터,"서울특별시 중랑구 면목로76길 3, 1층 (면목동)",37.5897828973331,127.088145003565
SRC03_Z6648,평화재가복지센터,"서울특별시 동대문구 답십리로 170, 4층 (답십리동)",37.5726826664398,127.058939547112
SRC03_Z6649,고은재가복지센터,"서울특별시 영등포구 여의서로 43, 701호 (여의도동)",37.5307295655332,126.924843194287
SRC03_Z6660,효재가복지센터,"서울특별시 영등포구 당산로54길 26-1, 2층 (당산동6가)",37.5338295092627,126.905698608726
SRC04_C0000007350,동대문장애인보호작업시설,"서울특별시 동대문구 천호대로25길 17, B동 102호 (용두동,B)",37.5749055806432,127.034056608968
SRC04_C0000012721,리드릭,서울특별시 영등포구 양산로 96 (당산동2가),37.5239971495131,126.893607092156
SRC04_C0000014158,늘푸른작업활동시설,서울특별시 강동구 성내동,37.5292748071425,127.130026914568
SRC04_C0000046568,라파엘의집 직업재활시설,경기도 여주군 강천면 원양1로 907,37.3464764219796,127.734141758878
SRC04_C0106055894,하은 장애인보호작업장,서울특별시 양천구 신목로 20 (신정동),37.5181385663775,126.875115023702
SRC04_C0109807273,행복한나무,"서울특별시 영등포구 양산로 96, A30호 (당산동2가)",37.5239971495131,126.893607092156
SRC04_C0115499089,해나무일터,서울특별시 구로구 남부순환로105라길 25-10 (가리봉동),37.4818020938496,126.890562715528
SRC04_C0139714447,가람장애인 인쇄공방,서울특별시 중구 마른내로 126-1 (오장동),37.5643884715851,127.00195688803
SRC04_C0173267907,사회복지법인 한국재활재단 부설 장애인영농사업단,경기도 남양주시 진접읍 내각1로107번길 14,37.705933836911,127.168547885138
SRC04_C0268,아름다운,"서울특별시 중랑구 망우로55길 32 (상봉동,한국프라우드 103호)",37.5988891187179,127.093881566439
SRC04_C0287,마리스타보호작업장,충청북도 충주시 산척면 지속골길 71,37.0634773097806,127.970394723067
SRC04_C0290,강북구립장애인보호작업장,서울특별시 강북구 오현로 199-9 (번동),37.6293964992877,127.039524821133
SRC04_C0299,용산구립장애인보호작업장,서울특별시 용산구 한강대로 331 (갈월동),37.5479016586464,126.971499144798
SRC04_C0355,다니엘직업재활원,서울특별시 서초구 헌릉로468길 21-16 (내곡동),37.4601639011933,127.092319064657
SRC04_C0388,원광보호작업장,서울특별시 중랑구 신내로 56 (신내동),37.6044704692153,127.09591571136
SRC04_C0396,참좋은센터,서울특별시 중랑구 봉화산로56길 99-15 (신내동),37.6043468156616,127.098261584844
SRC04_C0493,데일리스보호작업시설,서울특별시 동대문구 천호대로83길 14 (장안동),37.5628091361289,127.064730548197
SRC04_C0495,북서울장애인보호작업시설,"서울특별시 강북구 한천로115길 20, 501동 2층 (번동)",37.6336853170988,127.034534091928
SRC04_C0498,삼성떡프린스,서울특별시 동작구 양녕로30길 19-4 (상도동),37.4991980199515,126.946672369754
SRC04_C0538,소망제이앤피,"서울특별시 강남구 언주로159길 15, 나동 (신사동)",37.5241063901232,127.031432850292
SRC04_C0608041727,사회적협동조합 한발자국,"서울특별시 강동구 고덕로 106, 201호 (암사동)",37.5545256090424,127.13701070019
SRC04_C0608041732,다가옴,"서울특별시 강동구 고덕로 106, 201호 (암사동)",37.5545256090424,127.13701070019
SRC04_C0608144764,사이영판,"서울특별시 성북구 동소문로13나길 112 (동소문동7가, 지층, 1층)",37.5962895703031,127.014950441698
SRC04_C0608208350,숭휘보호작업장,서울특별시 강북구 삼양로69길 42 (수유동),37.6276859568674,127.015767153317
SRC04_C0608577970,나자로의집보호작업장,서울특별시 구로구 고척로51길 42 (고척동),37.5066304287849,126.854361204467
SRC04_C0609522890,다인직업재활센터,"서울특별시 금천구 독산로85길 37, 203호 (독산동, 에스지아이빌딩)",37.4724744580803,126.900840630708
SRC04_C0609579203,영등포동행지원센터,"서울특별시 영등포구 신길로 29, 105동 106, 110-1호 (대림동, e편한세상 영등포 아델포레)",37.4945138274401,126.906116482951
SRC04_C0609599962,세빛마을,"서울특별시 광진구 능동로 258, 2층 (능동)",37.5529673903877,127.07754822338
SRC04_C0609722445,효명장애인보호작업시설,"서울특별시 금천구 독산로85길 37, 302호, 303호 (독산동, 에스지아이빌딩)",37.4724744580803,126.900840630708
SRC04_C0614,장애인직업재활시설 행복을파는장사꾼,서울특별시 강서구 까치산로 134 (화곡동),37.549280597219,126.851412497481
SRC04_C0649,라온클린패밀리,"서울특별시 강동구 고덕로 295-45 (고덕동, 라온클린패밀리)",37.5577343744741,127.15856881793
SRC04_C0685,중랑구립직업재활센터,서울특별시 중랑구 숙선옹주로9길 55 (묵동),37.6173578955796,127.083663398588
SRC04_C0858,더해봄(종로구립장애인근로사업장),서울특별시 종로구 대학로3길 14 (효제동),37.5741562615706,127.001447509696
SRC04_C1036,동안제일복지센터,"서울특별시 송파구 거마로 79 (마천동, 1,2,4층)",37.4999652382661,127.147171216963
SRC04_C1043,동안우리복지센터,"서울특별시 강동구 풍성로 146 (성내동,5층)",37.5309944164667,127.128168693987
SRC04_C1044,사회복지법인 에덴복지재단 에덴하우스,경기도 파주시 소라지로195번길 47-30 (신촌동),37.7378443371713,126.693196096615
SRC04_C1078,바오로교실보호작업장,서울특별시 은평구 증산로5길 7 (증산동),37.5826174538416,126.907117043108
SRC04_C1110,은평구립직업재활센터,서울특별시 은평구 녹번로1길 13 (녹번동),37.6047406023648,126.926588916944
SRC04_C1172,함께사는세상보호작업장,서울특별시 관악구 국회단지길 67 (봉천동),37.4886687169772,126.941257010557
SRC04_C1245,해피워크,"서울특별시 성북구 오패산로 21 (하월곡동, 생명의전화종합사회복지관 4층)",37.6041194415259,127.037068364923
SRC04_C1255,아이티어빌리티센터,"서울특별시 강동구 고덕로 106, 3층 301호 (암사동, 부강빌딩)",37.5545256090424,127.13701070019
SRC04_C1372,강동그린나래복지센터,서울특별시 강동구 고덕로 100-5 (암사동),37.5543077419061,127.136549240426
SRC04_C1439,실로암장애인근로사업장,서울특별시 관악구 남부순환로 1717 (봉천동),37.4829413812848,126.941101848579
SRC04_C1448,성분도보호작업장,경기도 광주시 도척면 국사봉로 159-10,37.3160385454403,127.349054254215
SRC04_C1554,샘,서울특별시 양천구 목동로1길 24 (신정동),37.5085712451365,126.87107522248
SRC04_C1570,성모자애보호작업장,서울특별시 강남구 헌릉로757길 35 (율현동),37.4705737744435,127.11942484917
SRC04_C1583,동작구립장애인보호작업장,서울특별시 동작구 등용로12길 57 (대방동),37.5119826688802,126.93244190695
SRC04_C1589,성모보호작업장,서울특별시 성동구 금호산9가길 57-10 (금호동2가),37.5529790481378,127.018595240734
SRC04_C1590,성동보호작업장,서울특별시 성동구 마장동 527-2,37.5703825182467,127.033664136537
SRC04_C1607,광진장애인보호작업장,서울특별시 광진구 동일로80길 20 (중곡동),37.5700921640192,127.080928559974
SRC04_C1620,정립장애인보호작업장,서울특별시 광진구 워커힐로 93 (구의동),37.5505366803029,127.097917377384
SRC04_C1675,사랑의 일터,"서울특별시 서초구 효령로55길 28, 7층 (서초동, 브이샤르망)",37.4861327609484,127.01447946651
SRC04_C1685,구로구립장애인보호작업장,서울특별시 구로구 경인로 21 (온수동),37.4897290228613,126.824781522274
SRC04_C1692,서울남부보호작업장,서울특별시 동작구 여의대방로20나길 40 (신대방동),37.4903069113314,126.916782682885
SRC04_C1698,번동보호작업장,"서울특별시 강북구 한천로115길 20 (번동, 번동주공영구임대아파트)",37.6336853170988,127.034534091928
SRC04_C1712,연화직업재활원,"서울특별시 송파구 가락로 86 (석촌동,광동빌딩 5층)",37.5004539377351,127.105870492027
SRC04_C1745,비둘기직업적응훈련센터,서울특별시 종로구 동숭4길 28 (동숭동),37.5836558838308,127.005038793449
SRC04_C1753,(사)대한안마사협회부설안마수련원,서울특별시 서초구 서초중앙로22길 105 (서초동),37.4945320327352,127.019560024759
SRC04_C1802,보호작업장 인강원,서울특별시 도봉구 평화로15번길 9-25 (도봉동),37.6946132990203,127.041900918217
SRC04_C1855,충현보호작업장,서울특별시 강남구 논현로98길 16 (역삼동),37.503664246818,127.036981999663
SRC04_C1870,라파엘직업재활센터,경기도 여주시 강천면 원양1로 907,37.3464764219796,127.734141758878
SRC04_C2066,강서구휴먼희망일터,"서울특별시 강서구 강서로 466, 102호 (등촌동,우리벤처타운)",37.5668985748469,126.841425906814
SRC04_C2074,마포구립장애인직업재활센터(수아밀),"서울특별시 마포구 매봉산로 18 (상암동, 마포창업복지관 1층 ,2층 )",37.5741744387254,126.889946463628
SRC04_C2077,구립송파구보호작업장,"서울특별시 송파구 양산로 5 (거여동,3층)",37.4897702878363,127.142670990804
SRC04_C2199,똘레랑스,"서울특별시 은평구 연서로21길 31 (갈현동, 위드하우스)",37.6153754807828,126.914367687574
SRC04_C5161,서울장애인종합복지관보호작업장,서울특별시 강동구 고덕로 201 (고덕동),37.5562463533769,127.148614460743
SRC04_C7581,도봉장애인보호작업시설,"서울특별시 도봉구 마들로 664-17, 2층, 3층 (도봉동)",37.6695666171626,127.047447494404
SRC04_C7584,마라보호작업장,서울특별시 송파구 송이로34길 43-1 (문정동),37.4845095036823,127.128855266034
SRC04_C7594,성지보호작업장,서울특별시 강동구 동남로85길 15 (고덕동),37.5612437284464,127.155881957296
SRC04_C7598,아이비장애인보호작업장,"서울특별시 강동구 구천면로39길 12, 1층~지하1층 (천호동)",37.5454855235508,127.132603388512
SRC04_C7603,은평보호작업장,서울특별시 은평구 갈현로11길 30 (구산동),37.60561275596,126.906342824539
SRC04_C7614,하은 장애인보호작업장,"서울특별시 양천구 목동동로8길 9, 5층 (신정동)",37.517925649406,126.87075066159
SRC04_C7618,EM실천,"서울특별시 금천구 서부샛길 648, 1004호 (가산동)",37.4812044944609,126.876180729249
SRC04_C7719,송파장애인보호작업장,서울특별시 송파구 마천동 277-13,37.4912537584343,127.15745469819
SRC04_C7834,선한복지센터,"서울특별시 강동구 양재대로91길 62, 4층 (성내동, 동아1차아파트 상가동)",37.5287436455723,127.13263891058
SRC04_C7913,구립 강서구 직업재활센터,"서울특별시 강서구 허준로 95-9 (가양동,외1번지)",37.5674153192327,126.851704510953
SRC04_C7928,서울시립미래형장애인직업재활시설그린내,서울특별시 서대문구 명지2길 14 (홍은동),37.5832281562625,126.927738803678
SRC04_C7989,희망일터,"서울특별시 광진구 천호대로 622, 5층 (능동)",37.5540759331253,127.086435805313
SRC04_C7995,서울시립미래형장애인직업재활시설 굿윌스토어,"서울특별시 송파구 마천로 226 (마천동, 지하1층~지상2층), 오금로 252(1층 27-1~5, 제지하층2호)",37.5002199431142,127.142922704705
SRC04_C8031,구립송파구장애인보호작업장,"서울특별시 송파구 양산로 5, 3층 (거여동, ) (부속시설: 거마로7길 9-3)",37.4897702878363,127.142670990804
SRC04_C8077,보라매 보호작업장,"서울특별시 금천구 가산디지털2로 136, 302호 (가산동)",37.4801215738224,126.87993620757
SRC04_C8099,행복한나무,"서울특별시 영등포구 양산로 96 (당산동2가, 산경물산 A4호, A6호, A30/34호, A33호, A201호, A217호)",37.5239971495131,126.893607092156
SRC04_C8102,갑을장애인직업휴먼센터,"서울특별시 관악구 난우16길 13-7, 1층 (신림동)",37.4777031846936,126.917853169012
SRC04_C8104,우리마포보호작업장,"서울특별시 마포구 신촌로26길 10, 3층 307호 (노고산동, 우리마포보호작업장)",37.555858987325,126.942320769699
SRC04_C8106,송파위더스,서울특별시 송파구 성내천로 333-4 (마천동),37.4913417729655,127.157465059825
SRC04_C8181,한빛아트,서울특별시 강북구 삼양로77길 38 (수유동),37.6294884163184,127.016166412461
SRC04_C8186,다사랑직업재활시설,서울특별시 강서구 개화동로7길 3-16 (개화동),37.5807037550348,126.799203523141
SRC04_C8197,초록등대장애인보호작업장,서울특별시 강서구 송정로1길,37.556432298252,126.811315999657
SRC04_C8212,강서나누리센터,"서울특별시 강서구 강서로56길 50, 2층 (등촌동, 주양빌딩)",37.5591393708828,126.841552588203
SRC04_C8280,사회복지법인 에덴복지재단 형원,경기도 파주시 소라지로195번길 47-20 (신촌동),37.7381417105457,126.692283748496
SRC04_C8328,늘푸름보호작업장,서울특별시 구로구 부일로1나길 38 (온수동),37.4929092174643,126.816765401495
SRC04_C8367,희망일굼터,"서울특별시 양천구 신정로 267 (신정동,양천벤처타운 제804호)",37.5122197905037,126.850668115021
SRC04_C8381,중증장애인 다수고용사업장 굿윌스토어 밀알도봉점,서울특별시 도봉구 마들로 664-17 (도봉동),37.6695666171626,127.047447494404
SRC04_C8400,금천구립장애인보호작업장,"서울특별시 금천구 한내로 69-15, 2층 (독산동)",37.4573808551633,126.886472547107
SRC04_C8404,동문엔터프라이즈,"서울특별시 동대문구 한천로 58-2, 2,3층 (장안동)",37.5667052635405,127.062651895779
SRC04_C8410,강서구희망센터,"서울특별시 강서구 화곡로31길 25, 지층 (화곡동, ) / 서울특별시 강서구 강서로34길 36 (화곡동)",37.5441972123342,126.84194190433
SRC04_C8435,빛나눔보호작업장,서울특별시 은평구 수색동 296번지 41호 외1,37.5916088022937,126.885462328779
SRC04_C8482,밀알그린보호작업장,서울특별시 강남구 밤고개로1길 34 호 한울오피스텔 101 호,37.4887879780542,127.103631695489
SRC04_C8582,국토사랑방송협의회,"서울특별시 영등포구 국회대로62길 14, 4층 406호 (여의도동)",37.5267038556636,126.916475621178
SRC04_C8676,공감보호작업장,"서울특별시 성동구 아차산로 144, 302호 (성수동2가)",37.5431188115839,127.059609903838
SRC04_C8688,행복플러스 보호작업장,서울특별시 성북구 화랑로 134 (하월곡동),37.6049764181995,127.046371462285
SRC04_C8696,장애인내일키움직업교육센터,서울특별시 서대문구 연희로33가길 6-15 (연희동),37.5775862638727,126.934281837826
SRC04_C8708,오뚜기직업재활센터,서울특별시 영등포구 영신로40길 16 (영등포동6가),37.5210837511551,126.90301693321
SRC04_C8742,소망드림복지센터,"서울특별시 강동구 양재대로116길 20, 2층 (길동)",37.5383562059825,127.141440250107
SRC04_C8782,행복을파는장사꾼,서울특별시 강서구 까치산로 134 (화곡동),37.549280597219,126.851412497481
SRC04_C8920,꿈드래장애인일자리센터,서울특별시 동대문구 장한로28가길 7 (장안동),37.573259921055,127.072552223633
SRC04_C8930,마포푸르메직업재활센터,서울특별시 마포구 월드컵북로 494 (상암동),37.5846474329581,126.880520296415
SRC04_C8933,래그랜느보호작업장,"서울특별시 강남구 양재대로55길 13, 1동 지하1층, 5층 1호 (일원동)",37.4916921130495,127.08758916924
SRC04_C8952,행복 보호작업장,"서울특별시 송파구 성내천로 271, 1층 (마천동)",37.496311459861,127.1544567178
SRC04_C8980,SG블루웰,"서울특별시 금천구 두산로 70, 436호/431-2호 (독산동, 현대지식산업센터)",37.4689627800606,126.895620657193
SRC04_C8991,소울터보호작업장,"서울특별시 금천구 범안로 1138, 705호 (가산동)",37.4657958806101,126.888393904496
SRC04_C9088,한우리보호작업장,서울특별시 서초구 남부순환로340길 15 (서초동),37.4820521349306,127.025012491971
SRC04_C9089,늘품 장애인 보호작업장,"서울특별시 서대문구 홍은중앙로 105, 2층 (홍은동)",37.599898921437,126.948496678867
SRC04_C9187,참행복한세상,"서울특별시 강서구 양천로 424, 210호, B313호 (등촌동, 가양역 데시앙플렉스, B301호)",37.5642277147695,126.847971033372
SRC04_C9247,송파구장애인직업재활지원센터,"서울특별시 송파구 양산로 5, 3층 (거여동)",37.4897702878363,127.142670990804
SRC04_C9266,더원직업훈련센터,"서울특별시 동대문구 장한로 25, 602호 (장안동)",37.5638282144142,127.06577851377
SRC04_C9325,직업재능개발센터,"서울특별시 강동구 올림픽로 588, 3층 (성내동)",37.5340163252718,127.122177737281
SRC04_C9337,한결엠,"서울특별시 금천구 가산디지털1로 131, B206호 (가산동, BYC하이시티지식산업센터)",37.4770829103065,126.881982164294
SRC04_C9357,블루나래,"서울특별시 구로구 디지털로 272, 12층 17호 (구로동)",37.4825015514453,126.894429926307
SRC04_C9360,두손장애인보호작업장,"서울특별시 송파구 동남로6길 34-1, 1층 (문정동)",37.4873126328738,127.125163582361
SRC04_C9387,모두누리 직업재활센터,"서울특별시 구로구 디지털로27길 24, 506호 (구로동, 벽산디지털밸리1차)",37.4835140850512,126.89300592139
SRC04_C9388,기쁨나무,서울특별시 금천구 시흥대로80길 19 (독산동),37.4590856389798,126.900762125407
SRC04_C9434,서울특별시립장애인영농직업재활시설,경기도 남양주시 진접읍 양진로 725,37.6848656603801,127.171947315423
SRC04_C9499,강남세움보호작업장,"서울특별시 강남구 광평로60길 22, 2층 (수서동)",37.4869703890357,127.10695276213
SRC04_C9506,두빛나래보호작업장,"서울특별시 성동구 성수일로 10 (성수동1가, 서울숲ITCT지식산업센터 B201,B203호)",37.541278064379,127.048828114958
SRC04_C9571,강남세움 직업훈련센터,"서울특별시 강남구 광평로60길 22, 3층 (수서동, 강남세움장애인통합지원센터)",37.4869703890357,127.10695276213
SRC04_C9595,사랑손직업적응훈련시설,"서울특별시 동작구 사당로 90, 상가동 (사당동, 1~2층)",37.4923356236,126.962447793145
SRC04_C9597,두리하나다울,"서울특별시 구로구 개봉로23길 10, 1층 (개봉동, 서울개봉지구 임대산업시설)",37.4961892087635,126.855968274799
SRC04_C9795,스프링샤인,서울특별시 은평구 갈현로11길 30 (구산동),37.60561275596,126.906342824539
SRC04_C9834,소담,"서울특별시 중랑구 상봉로 61 (면목동, 한양빌딩(2층, 지층))",37.5914594177925,127.093246196202
SRC04_C9881,다은보호작업장,"서울특별시 은평구 통일로71길 8, 지하1층 (대조동)",37.6139357047319,126.926102819491
SRC04_C9882,새론앞길,서울특별시 중랑구 신내역로 111 (신내동),37.613121773853,127.11244192431
SRC04_Z0164,누야하우스,서울특별시 은평구 갈현로11길 30 (구산동),37.60561275596,126.906342824539
SRC07_6e783575b226e1f8,강화지역자활센터,강화군 강화읍 충렬사로 155,37.7292547365738,126.474851738821
SRC07_3c775038128365c2,중구지역자활센터,중구 제물량로 132-2,37.4696922907272,126.62931307093
SRC07_54aef5abb8cf0e1a,동구지역자활센터,"동구 송림로 78,5층(송림동)",37.4752176323232,126.643549512206
SRC07_5d10dfbdac524d6b,희망지역자활센터,"미추홀구 송림로 249, 4층",37.475245262712,126.660645068705
SRC07_ae027895b61d3cc9,미추홀지역자활센터,"미추홀구 인주대로 493, 3층",37.4508950360915,126.691496588256
SRC07_5184eba8f82b014e,연수지역자활센터,연수구 청명로3번길 8-5,37.4168386962608,126.673924031247
SRC07_8ad67e038791a921,남동지역자활센터,남동구 만수로 12-6,37.4580417361951,126.730744343023
SRC07_e621e313a0487e95,부평지역자활센터,"부평구 후정동로 6, 3층",37.517796781081,126.738080853887
SRC07_95758a7b796c3466,부평남부지역자활센터,"부평구 후정동로 6, 2층",37.517796781081,126.738080853887
SRC07_0a99ebd05262fccb,계양지역자활센터,계양구 계양산로102번길 5,37.5474437694632,126.727094468694
SRC07_91935c67292498dd,서구지역자활센터,서구 원창로 76,37.5170678243428,126.657587063235
SRC07_4cc9383733906b72,백령사회복지관,백령로 271번길20,37.9708631525323,124.716805343571
SRC07_d1158bcd203d2699,성미가엘사회복지관,송학로 40번길 (내동),37.4744402672874,126.627263079619
SRC07_0b7a620089da76ab,송림사회복지관,송림로 43번길(송림1동),37.4752976941271,126.639764044326
SRC07_7ccf89245fbf2720,창영사회복지관,우각로 57번지(창영동),37.4710502437574,126.641178844214
SRC07_bb462caa620e3734,인천사회복지관,매소홀로 418번길14-57(학익1동),37.4386672247918,126.666830097781
SRC07_7c5d1ab9a42efe14,미추홀사회복지관,염창로 97(주안5동),37.4655984652151,126.684955750333
SRC07_2a602ce883445c3e,숭의사회복지관,독배로 485(숭의2동),37.4606791731491,126.644716620107
SRC07_06d22b5685d7598e,선학사회복지관,선학로 14(선학동),37.4178505262573,126.695089723168
SRC07_fcbc1c7da3eb7d26,세화사회복지관,원인재로 315(연수3동),37.4213223667873,126.690876071233
SRC07_96fa1178dee3d1e3,연수사회복지관,원인재로 212(연수2동),37.4150145020108,126.687502992045
SRC07_9bce18ca412b5ce9,함박사회복지관,함박안로 217(연수1동),37.4259880519645,126.6871628557
SRC07_063f42b9696d7596,만수사회복지관,담방로 105(만수1동),37.450427875322,126.739894177193
SRC07_2a2683031b5ced3d,만월사회복지관,서판로 54번길12(만수3동),37.4635906496918,126.725477839784
SRC07_b989c6b59860dba0,성산사회복지관,석정로552(간석동),37.4658079827329,126.697203745799
SRC07_cf12660fea64df00,논현사회복지관,호구포로 292(논현동),37.408163891209,126.713242039017
SRC07_d77ecc0c7ae6f567,구월사회복지관,선수촌로7(구월동),37.4405101226815,126.712938306055
SRC07_95044627b8f4f627,갈산사회복지관,주부토로 206(갈산동),37.5129762837816,126.728403930246
SRC07_480944c9802474bf,부평중부사회복지관,경원대로 1418번길 13(부평동),37.4904901500667,126.726578132375
SRC07_12136e727dc58381,삼산사회복지관,평천로 447(삼산동),37.5179606782881,126.74049147054
SRC07_ff56280c488d03df,인천기독교사회복지관,심곡로 124번길10(심곡동),37.5441908344807,126.68272090575
SRC07_354c31516c73e900,은혜의집,심곡로132번길22(심곡동),37.545573165396,126.684579324976
SRC07_0ee8bb6e23af3112,광명의집,새오개로16번길 7-4,37.5117939064758,126.666273449752
SRC07_3a673cb80b41ec7f,다사랑의집,인주대로11번길 34-10(숭의동),37.4617528000859,126.640659477075
SRC07_c50095c1c671de92,한무리Holylife,장천로19번길 15(숭의동),37.4595977095565,126.646012970641
SRC07_c6471d7ce080d8ae,쪽방상담소,계양산로91(계산동),37.5478334002331,126.725867056385
SRC07_a20a23797d35ecba,샬롬원,교동면 교동서로 412번길 184-94,37.7773717846777,126.219557956636
SRC07_798712c69e6091aa,중증장애인요양시설 예닮,강화읍 갑룡길 206번길 66,37.7466844196066,126.51940390996
SRC07_d159d515810cbea6,색동원,길상면 장촌길 31,37.6493207140007,126.489422585202
SRC07_f0de613555391c3b,요한의집(실비),길상면 해란길 63-1,37.6480431332621,126.475539102142
SRC07_48ed4186a251509d,장봉혜림원,북도면 장봉로 26번길 218,37.5347904951496,126.372522976878
SRC07_8964ca16e4b2862e,장봉혜림요양원,북도면 장봉로 26번길 218,37.5347904951496,126.372522976878
SRC07_e16cfb6c0363b9f9,해피타운,영흥면 영흥서로 277-36,37.2763038139566,126.4720824862
SRC07_9536c940d4ead2bc,브솔시내,동산로 4(도화동),37.4688374092495,127.040517992806
SRC07_2a3ae0f4f094cf66,미추홀푸르내,석바위로 107(주안동),37.4604170334729,126.685055706182
SRC07_3ef84970e4366b6e,밝은마음,봉재산로 68(동춘동),37.4056876166942,126.665053824374
SRC07_a213f86b56a3eca9,동심원,봉재산로 68(동춘동),37.4056876166942,126.665053824374
SRC07_4903503327d5f823,하늘채,"장아산로 200번길 8(서창동, 하늘채)",37.4336060213997,126.751176309997
SRC07_d1e691531a1bb0c2,성촌의집,경인로 701번길 26(십정동),37.4727195698597,126.707197354585
SRC07_2d753d9355ff5ce9,은광원,마분로 8(부개동),37.4850888339616,126.736868694507
SRC07_9c37e1e9665aea09,인천광명원,경인로 769번길 27(십정동),37.4794456535931,126.709122045417
SRC07_93f383f722fec3f5,성동원,경인로 880(부평동),37.4849065887549,126.717978742916
SRC07_443feb129b88e3a6,예림원,동수로 87(부평동),37.4856861469877,126.728404046137
SRC07_897500814d61ad2a,우리들의집,경인로 701번길 26(십정동),37.4727195698597,126.707197354585
SRC07_b56c3c0553d5e8c0,예원,둑실안길 54,37.5800536869013,126.696879680553
SRC07_881c48bec0fe416b,평화의집,경원대로 588번길 5(선학동),37.4365554543388,126.696970001451
SRC07_2a1f01cad2a98e5e,쉴만한물가의집,원적로 421번길 9-12(산곡동),37.5043471728822,126.712698247752
SRC07_c57033177775b55f,희락원,송학로 48(내동),37.4748949948363,126.626803303295
SRC07_485c9ed509e89401,우리마을공동생활가정1,길상면 해란길 63,37.6477811072734,126.475270582013
SRC07_e8b80c5ee270a42e,릴리공동생활가정4,길상면 길상로 242-28,37.6361997717513,126.497767253314
SRC07_5de221d2f559fd3d,우리마을공동생활가정4,길상면 해란길 63,37.6477811072734,126.475270582013
SRC07_37473423fe36475a,릴리공동생활가정1,길상면 길상로 242-28,37.6361997717513,126.497767253314
SRC07_9418f04bcc1034b9,릴리공동생활가정2,길상면 길상로 242-28,37.6361997717513,126.497767253314
SRC07_f7988e27ff7482ed,릴리공동생활가정3,길상면 길상로 242-28,37.6361997717513,126.497767253314
SRC07_3392c4a8c41f0f50,큰나무하우스1,강화군 양도면 강화남로 428번길 70-11,37.6547216008623,126.443869695503
SRC07_80948ed308a1bbd3,큰나무하우스2,강화군 양도면 강화남로 428번길 70-11,37.6547216008623,126.443869695503
SRC07_3fb73999aa603610,다사랑공동생활가정,도원로 14번길 15-1,37.4654696988429,126.637377179578
SRC07_f0911f88c1b3cc34,기분좋은그룹홈1,"한나루로 490번길 59,201호(주안동)",37.4504304260556,126.670708462948
SRC07_0f8277f647392081,길벗그룹홈,남구 남주길 125번길64-14(주안동),37.4566901831269,126.676842968422
SRC07_cec8cde70c12634f,길벗숭의그룹홈,"장천로 88-1, 612동 301호(숭의동)",37.4617556418755,126.65395908125
SRC07_8d846773e776488e,밀알공동생활가정1,"주안서로41,303호(주안동,태극아파트)",37.4622416349558,126.677692591388
SRC07_a4ba87175b85dbb7,밀알공동생활가정2,"경원대로640번길 12-22, 201호(관교동)",37.4404180140494,126.694663362113
SRC07_8fbc0ba392b69fe7,어울림의집,독배로 434번길 18,37.4587199887971,126.649959033054
SRC07_fd4582646a62dceb,선학1공동생활가정,"청능말로14번길 10, 101호(청학동)",37.417424591592,126.667794955533
SRC07_e1f122035b59b1d4,선학2공동생활가정,"청능말로 22번길 6, 101호(청학동)",37.4169864993396,126.668012765128
SRC07_d11278eafb676b2a,그룹홈안젤로2호,"청학로 28번길 14,301호(청학동)",37.4298577803768,126.664163188782
SRC07_ff4eee670683f865,연수공동생활가정,"청능말로 8번길 9, 301호(청학동)",37.4175444435534,126.667865142244
SRC07_b6cfbfb04c6428f4,청학공동생활가정,"청능말로 8번길 9, 101호(청학동)",37.4175444435534,126.667865142244
SRC07_f3e6f4027ae5f0dc,기분좋은그룹홈2,"독곡로 16번길 12-20, B-401",37.43759077845,126.746564997787
SRC07_9eeef73dd5f12190,그룹홈안젤로,남촌동로 16번길15-12(남촌동),37.4330072079265,126.717048554186
SRC07_3d9a13bd8bcb7547,만인의집,"마장로 269번길 91-63, 402호",37.5023604334718,126.697316533113
SRC07_1fa3c3c94a6e48f9,섬나공동생활가정1,"황어로 115번길 12, 11동 105호(오류동, 신동아아파트)",37.5799223952478,126.732431332479
SRC07_11af6aac3e405971,섬나공동생활가정2,"계양대로120번길10, 1동207호(작전동, 계산한양아파트)",37.5340679844066,126.723171525416
SRC07_c029f21424a75454,마전공동생활가정,"경명대로 698-4, B/201(공촌동, 대국빌라)",37.5515713964736,126.685911034493
SRC07_7b356097a232c53d,예그리나공동생활가정2,"연희로 28번길 17-1,301호(연희동)",37.5506138748252,126.672890372241
SRC07_47512b14e22d1d09,인정공동생활가정1,"승학로 506번안길 57,103동 203호",37.561133479332,126.673951414179
SRC07_8d73e62cae774429,인정공동생활가정2,"승학로 506번안길 57, 103동 303호",37.561133479332,126.673951414179
SRC07_b21c517faccce0a7,인정공동생활가정3,"승학로 506번안길 57,103동 202호",37.561133479332,126.673951414179
SRC07_3d52931b3e50fe5b,인정공동생활가정5,"승학로 506번안길 57,103동 302호",37.561133479332,126.673951414179
SRC07_bd7223818311c57e,한원공동생활가정,경명대로698-4 대국빌라 A동102호,37.5515713964736,126.685911034493
SRC07_c440109bd7ee1ed5,참빛공동생활가정1,여우재로 86번길 4,37.4860655552593,126.688289343889
SRC07_b9aed4dacc26000c,참빛공동생활가정2,여우재로 86번길 4,37.4860655552593,126.688289343889
SRC07_244782b23277ca37,이든단기보호센터,"우현로67번길 27-13, 2F(내동)",37.4742923679906,126.628909260513
SRC07_92bf196739ad9ad3,미추홀단기보호센터,석정로 240번길 5(도화동),37.4680158600147,126.662407163887
SRC07_169b44aedb8be2af,기쁨의집단기보호센터,독정안길 42번길 13-12(숭의동),37.459841808247,126.656490472379
SRC07_a9abf4daea546956,연수허브단기보호센터,"선학로 14(선학동, 선학시영상가)",37.4178505262573,126.695089723168
SRC07_938b0d3aac520499,해늘단기보호센터,"화랑북로 35-4(산곡동, 1층)",37.4963367604716,126.707066836106
SRC07_971da193df1c2229,우리마을,길상면 길상로242-28,37.6361997717513,126.497767253314
SRC07_4331939efa468d71,모아직업재활시설,길상면 장촌길31,37.6493207140007,126.489422585202
SRC07_1002fc18d58bfdd3,예닮 직업재활시설,갑룡길206번길 66,37.7466844196066,126.51940390996
SRC07_a94d2ab96ddf1e07,공감,영흥면 영흥로525번길 63-67(영흥면 외리 894-1),37.2562179015234,126.452962072904
SRC07_9b6bb90023e265d0,인천중구장애인보호작업장,매소홀로10,37.4527510139111,126.628308783149
SRC07_c06a19528761e073,일도재활관,참외전로 149-78,37.4745836481432,126.632710958882
SRC07_80d229866114943e,채움,보세로 26번길 24-16,37.4891892500149,126.620611011305
SRC07_4dd5be9b1a9ca3c9,핸인핸,방축로157번길 48,37.4826754858675,126.664111218062
SRC07_779decd85bfe6be6,미추마루보호작업장,석정로212번길7(도화동),37.4675869940526,126.659241365311
SRC07_f7b1e4db50bbfa04,모퉁이보호작업장,경인로7번길 41(숭의동),37.464609896142,126.644982644804
SRC07_2d6e8278fc46eaed,미추클린센터,인하로 137,37.4495925645168,126.663348422071
SRC07_09e978c836286417,vision N,경원대로 714,37.4462585398705,126.69033051005
SRC07_fa59d1e78e0a2db0,애호일터,"경인로 345, 2층",37.4588294263111,126.678420324832
SRC07_ff00b49899f47134,어울림카페,경인로 345,37.4588294263111,126.678420324832
SRC07_badf17517e9b91a3,예림일터,염전로 262-2 (도화동),37.4724844068608,126.669065582873
SRC07_006b39906e3f0a76,행복한 일터,"석정로202번길 11-20, 2층",37.467201518442,126.658483714464
SRC07_17a5dac4bf7102e4,해내기보호작업장,앵고개로 130,37.4121799964785,126.659071296703
SRC07_cfd6b2e5fd43e17d,열린일터,담방서로 23번길 17,37.4472421766586,126.736400206411
SRC07_a105ff11731af7f8,인천안마수련원,구월로 235 2층,37.4563871642025,126.716695228575
SRC07_14f7b91a380da90c,해봄비,소래로 500,37.434662424131,126.733789495521
SRC07_7b003e84f8665388,나린,독점로30번길 15,37.4524480563226,126.711894970324
SRC07_e9f8bd674517bef4,성동N,경인로 880,37.4849065887549,126.717978742916
SRC07_389902ab4903e875,송암보호작업장,일신로 25,37.4830517600862,126.746265445505
SRC07_7ee8681c25e3abda,핸인핸부평,동수로 87,37.4856861469877,126.728404046137
SRC07_9bd3cc8b8b7247d8,스마트재활일터,화랑로 70(산곡동),37.4894457286324,126.703358710213
SRC07_917b3a3e63f0b23e,굿윌스토어 부평점,경인로 1128번길 12,37.4846656418922,126.744759259796
SRC07_62a4d30795e903ee,노틀담베이커리,계양산로 35번길 12-37,37.5452477292679,126.71746122119
SRC07_810852b4f2ffdfb4,해피로드,장제로731 B01호,37.5331995591122,126.733572698858
SRC07_cba5c1e6d11529ec,비젼꿈터,"장기로 33, 2층",37.5791434853689,126.734224858201
SRC07_78fb03a1aa8536c6,그린페이퍼,"보듬로 158, 검단지식산업센터블루텍 103~ 106호/ 319호~321호",37.5957598869555,126.614857883042
SRC07_b3503b3000ffa765,두드림보호작업장,드림로 284-8,37.583409311934,126.671091382931
SRC07_5803bd671268ce69,서구구립장애인직업재활시설,마중1로 12,37.5884916902256,126.600563156831
SRC07_810f7d4adb2d92cd,에진원,심곡로 124번길 10,37.5441908344807,126.68272090575
SRC07_3dc85d1a84d62852,창익,북항로 120번길 13-6,37.5083370251898,126.634284919517
SRC07_800fbdb7aba561ba,인천시립장애인예술단,북항로 32번길 37,37.5100687505365,126.644707168566
SRC07_5cda18bb376de310,꿈돌이보호작업장,청라에메랄드로 102번길 26,37.5340436561948,126.659313602156
SRC07_bcc6bb93973b49c5,다가치보호작업장,"연수구 새말로 146, 2층(연수동)",37.4165888858297,126.684701278585
SRC07_bb381d0acc00cba2,루앤원 보호작업장,"계양구 아나지로97번길 14,1층(효성동)",37.52649205116,126.702504453632
SRC07_3e9da9210f4b26c8,늘푸른일터,"남동구 인주대로 719,5층(구월동)",37.4494886669284,126.716995642356
SRC07_4aac24d5db065773,인천광역시립장애인생산품판매시설,북항로32번길 37(원창동),37.5100687505365,126.644707168566
SRC07_3e597541cbcab2d6,인천광역시장애인생산품판매시설,"청라에메랄드로76번길 7, 2층 201호",37.5321533302342,126.657432915581
SRC07_60d87e388103cd8a,강화군장애인복지관,충렬사로 63,37.7344320255895,126.482492612422
SRC07_db22f8b22d03a5ee,중구장애인종합복지관,매소홀로 10,37.4527510139111,126.628308783149
SRC07_f138c8222b01d90b,동구한마음종합복지관,만석로 53,37.4817679053614,126.62525308071
SRC07_0a994a82caf82d72,미추홀장애인종합복지관,경원대로 714,37.4462585398705,126.69033051005
SRC07_e7b8a18fd0df9d79,인천광역시시각장애인복지관,한나루로 357번길 105-19(학익동),37.4381176595579,126.656027525545
SRC07_575ec252e7ab2b05,인천장애인종합복지관,앵고개로 130,37.4121799964785,126.659071296703
SRC07_dba55062c3915fbc,남동장애인종합복지관,인주대로 898,37.447899482244,126.737055284155
SRC07_7f7b3eff113c71b4,부평장애인종합복지관,일신로 25,37.4830517600862,126.746265445505
SRC07_0739ef0d2f1845c8,노틀담복지관,계양산로 35번길 12-37,37.5452477292679,126.71746122119
SRC07_6aee6fe66b2f0242,서구장애인종합복지관,드림로 284-8,37.583409311934,126.671091382931
SRC07_7fba414e53bc5d63,마리아장애인주간보호센터,길상면 해란길 63,37.6477811072734,126.475270582013
SRC07_cba5c5bb66f0dc9e,강화장애인복지관주간보호센터,충렬사로 63,37.7344320255895,126.482492612422
SRC07_128e5c21ebb283dc,중구장애인주간보호센터,매소홀로10 1층,37.4527510139111,126.628308783149
SRC07_efb8e8a0ca330626,무지개주간보호센터,우현로 62번길 38-3,37.4722654634777,126.631383823648
SRC07_7d38eb488b335bf2,영종장애인주간보호센터,영종해안북로1000-26 (2층),37.4960286456517,126.47212653887
SRC07_e5d22f7c13a9a63a,동구장애인주간보호센터,"만석로 53,2층",37.4817679053614,126.62525308071
SRC07_22dfe8a1d749aa53,미추홀장애인복지관주간보호센터,경원대로714(관교동),37.4462585398705,126.69033051005
SRC07_973dded519ff21c4,시각장애인복지관주간보호센터,한나루로 357번길 105-19(학익동),37.4381176595579,126.656027525545
SRC07_bde266e21ad0982c,미추나래주간보호센터,석정로102번길 11(숭의동),37.4676255932217,126.647429383916
SRC07_52c70358bee263b8,늘푸른샘주간보호센터,인하로 405번길 7,37.447345984634,126.693169017482
SRC07_63be09d37ba378d9,미추홀장애주간보호센터,염창로 97,37.4655984652151,126.684955750333
SRC07_8e6611289b93c9bb,미추홀동그라미주간보호센터,석정로 375번길 23,37.468294922045,126.677313689213
SRC07_acd6c4e43d57875f,해내기주간보호센터,앵고개로 130,37.4121799964785,126.659071296703
SRC07_79780a692f590648,연수허브주간보호센터,선학로14,37.4178505262573,126.695089723168
SRC07_7eac50a21ca9b80f,사랑나눔주간보호센터,선학로14,37.4178505262573,126.695089723168
SRC07_a7a3e2a53ca2b4bf,연수구장애인주간보호센터,"청량로 185번길 31, 에스엠프라자 2층",37.4230065426036,126.651088899945
SRC07_93895b377ec455ce,늘푸른동산주간보호센터,"담방서로23번길 17, 3층",37.4472421766586,126.736400206411
SRC07_dd222ae73fc20c03,하늘고운주간보호센터,"석정로 501, 3층(간석동, 경신빌딩)",37.4660211288068,126.691271556392
SRC07_02e5df65b7a452c0,바다의별주간보호센터,남촌동로16번길 15-12,37.4330072079265,126.717048554186
SRC07_b8be06e10b0fc85e,샛별주간보호센터,남촌동로3번길 14,37.4313585150419,126.717229210295
SRC07_c6bffc3cf5d692e6,동그라미발달장애인주간보호센터,"인주대로 819,(문화빌딩 201호)",37.4488796981918,126.728254863001
SRC07_ae347918081e7ca6,민달팽이주간보호센터,"만수서로37번길55, 하영빌딩 2층",37.4606823752285,126.728207749
SRC07_f2e00a5ae912b9e8,국손장애인주간보호센터,남동구 용천로97번길 3,37.4580165581173,126.714601491691
SRC07_02295925cf2340c0,해늘주간보호센터,화랑북로 35-4,37.4963367604716,126.707066836106
SRC07_9fd461e97b3ed7c1,성동주간보호센터,경인로 880,37.4849065887549,126.717978742916
SRC07_530dfb490596bd20,부평장애인종합복지관주간보호센터,일신로 25,37.4830517600862,126.746265445505
SRC07_accb63cdef4e2613,아카펠라주간보호센터,평천로 319-5 대진빌딩2층,37.518032865193,126.72558993032
SRC07_1ec4c8a63d739e9b,혜인주간보호센터,"마장로 24, 3층",37.2527171835935,127.354659114885
SRC07_edde9cdeab89ba59,부흥장애인주간보호센터,부흥로 334번길 37 3층,37.4966222070661,126.728101072667
SRC07_65ce466ce9136907,나래장애인주간보호센터,"부영로 161, 주안빌딩 402호",37.4995000805179,126.715840889571
SRC07_087e768cfcac785c,꿈이룸장애인주간보호센터,안남로 62,37.4891027524241,126.712669802962
SRC07_3a7fdc2d1d4cba37,노틀담주간이용센터,계양산로35번길,37.546717773156,126.718962395692
SRC07_9e3768058d1243ac,사랑터주간보호센터,장제로 708번길 5층 509호,37.5310010641257,126.734266689608
SRC07_bdafac2a48675ebd,해도두리주간보호센터,장제로 708번길 4층 401호,37.5310010641257,126.734266689608
SRC07_12f3379a0aa4ca95,예원주간보호센터,"효서로92, 1층",37.5276592032501,126.705957553518
SRC07_90c3c0813818a22e,더행복한장애인주간보호센터,"아나지로 198번길 10, 302호",37.5245072425899,126.713399942206
SRC07_e3996e99e42372b5,태화인천장애인주간보호센터,심곡로 124번길 10,37.5441908344807,126.68272090575
SRC07_f0b6b0196dbdb39b,서구장애인복지관주간보호센터,드림로 284-8,37.583409311934,126.671091382931
SRC07_088e298af77d7712,느티나무주간보호센터,심곡로 100번길 8-11,37.5412681615442,126.682813289233
SRC07_78a7dec8909b5a39,해피로드장애인주간보호센터,"가정로125번길 12, 2층",37.4959697895491,126.670314111241
SRC07_b4c8e40d053bd92f,구립 서로이음장애인주간보호센터,"완정로 153, 4층",37.6014161112388,126.658781486709
SRC07_269509108c5be5b7,송암점자도서관,한나루로357번길 105-19,37.4381176595579,126.656027525545
SRC07_8cd3018cfa8e5a5f,장애인생활이동지원센터,석산로 78(간석동),37.4600421857283,126.700466859837
SRC07_25d9e48f7dc00d58,인천수어통역센터,"용천로 208, 610호",37.4682452755922,126.714346587895
SRC07_0c6068476b0c397c,인천재활의원,인주대로 290 (주안동),37.4518746885507,126.668625338084
SRC07_13140b85fa68416a,경인권역재활병원,원인재로 263(연수동),37.4184275478229,126.689932500245
SRC07_d95e27ddbc231b71,인천광역시보조기기센터,계양산로 35번길,37.546717773156,126.718962395692
SRC07_4c2db6c973e4e032,강화군노인복지관,강화읍 중앙로 17-16,37.7403212575105,126.491208490625
SRC07_a0b84df41f6c0ed7,강화군노인문화센터,길상면 마니산로 36,37.6425400951038,126.487185125407
SRC07_0e6565828a484ac7,백령노인문화센터,백령면 백령로278번길 133-20,37.9764274398041,124.718690983169
SRC07_268aca7ce576b4f2,중구노인복지관,인천 중구 제물량로80번길 3-24,37.4678031593091,126.633881774213
SRC07_27f891b9368a0278,동구노인복지관,샛골로 177(송림동),37.4783659426436,126.644482649913
SRC07_32bdd0563c95f962,송현노인복지관,솔빛로13(송현동),37.5238522531001,126.621904252084
SRC07_17c79e7867e5ba46,미추홀노인복지관,학익소로37번길 17(주안동),37.4450773777339,126.671173554158
SRC07_73b6a2e90ef072f9,용현노인문화센터,인하로77번길 38(용현동),37.4527381167385,126.657902118936
SRC07_1d95190bb1ae2420,주안노인문화센터,석정로 464(주안동),37.4658866873729,126.687326525496
SRC07_e50d2b91128aab68,관교노인복지관,경원대로628번길 30(관교동),37.4392539911369,126.696024516278
SRC07_6b25c9604615d488,연수구노인복지관,함박뫼로 194,37.421102446066,126.687762606544
SRC07_de42ec750e756fe5,청학노인복지관,청학로12번길 53,37.4276692529406,126.666593905352
SRC07_2fafdf046728a3c4,송도노인복지관,송도교육로 61,37.3716566828218,126.659944001397
SRC07_7eb30b77db11ec85,남동구노인복지관,소래로 610,37.4443757735066,126.732543778682
SRC07_770432d55bbd7d9f,만수노인문화센터,만경로12번길 45,37.4564668206019,126.729779341755
SRC07_dd43e10db738db6e,부평구노인복지관,굴포로 114(삼산동),37.5111502586686,126.733801976166
SRC07_0a69e8cbfd806988,산곡노인문화센터,안남로253번길 34(산곡동),37.5061173095676,126.707096256725
SRC07_145f69196a0f1f2a,부평남부노인문화센터,동수로68(부평동),37.4848154353549,126.726693676923
SRC07_5c343c14f8cee804,계양구노인복지관,효서로341번길 11,37.5287056695082,126.734743428044
SRC07_2105e2dc91673b91,효성노인문화센터,봉오대로516,37.5295966558067,126.706188886944
SRC07_c6d7309886bcc30d,계산노인문화센터,경명대로980,37.54362824646,126.715608873176
SRC07_6a33d6c1e5c2c517,동양노인문화센터,동양로74-29,37.557061317896,126.753325393384
SRC07_615d0f8998bf5735,서구노인복지관,서구 신석로 121번길 10,37.5105560504317,126.676057798301
SRC07_8b6a477fdccc2057,가좌노인문화센터,서구 장고개로 387,37.4955787888133,126.691233264579
SRC07_69d7bfc41ff1e096,연희노인문화센터,서구 승학로 263,37.5462009299955,126.672319193023
SRC07_ceb969c4e0b09a32,검단노인복지관,검단로 502번길 15-1,37.6022444935263,126.660881204893
SRC07_f5dd402c7d38a2a8,강화군노인대학,강화읍 중앙로 17-16,37.7403212575105,126.491208490625
SRC07_f11de87f8d470e09,중구지회부설노인대학,인천 중구 제물량로80번길 3-24,37.4678031593091,126.633881774213
SRC07_d58cb867a94187db,내리교회노인대학,인천 중구 우현로67번길 3-1,37.4738215400784,126.628777737719
SRC07_4e5832d6979067c8,송월교회노인대학,인천 중구 동화마을길 65,37.4776452060215,126.62212089593
SRC07_f029f445bd1fdd2a,동구지회부설 노인대학,샛골로 177(송림동),37.4783659426436,126.644482649913
SRC07_272a922b32d8d7c5,미추홀구노인대학,학익소로37번길 17(주안동),37.4450773777339,126.671173554158
SRC07_82cb6707c0ac2868,대한노인회 연수구지회,함박뫼로 194,37.421102446066,126.687762606544
SRC07_ed3d13961a493eae,남동구 노인지회부설 노인대학,소래로 610,37.4443757735066,126.732543778682
SRC07_1e098c4fea5d3fe5,충효노인대학,만수로 90(만수동),37.4631101834102,126.736863334422
SRC07_65032ba5f16c2297,큰사랑실버라이프,백범로124번길 162,37.4599989015326,126.739995081935
SRC07_336b0c5371244030,벧엘실버대학,만수서로 37번길 29,37.4614634322581,126.729373325738
SRC07_6bc071feeefeaac4,아름다운노인대학,장승남로 16,37.4431876946945,126.733979199972
SRC07_2980b9b1a995ba54,논현노인대학,포구로 70,37.4051575616539,126.736637617072
SRC07_d180288d3029d0b0,청춘대학,경신상로 76,37.4443712411278,126.724954683957
SRC07_5b73bb2155871542,대한노인회부평구지회부설 노인대학,굴포로 114,37.5111502586686,126.733801976166
SRC07_3d37780b2473e7eb,부광노인대학,부평대로 63번길 5,37.4968887837665,126.722086606973
SRC07_c7c9810b4da11f11,행복한 실버대학,송내대로373번길 28,37.5165502779928,126.758870190697
SRC07_79c42b8199b6ed75,제일노인대학,부평문화로197번길 40,37.4944334459803,126.739396404739
SRC07_5091768870cfabe8,대한노인회 계양구지회 부설노인대학,효서로341번길 11,37.5287056695082,126.734743428044
SRC07_89e10f08e5027080,효성영광노인대학,봉오대로543번길 4,37.531020530362,126.709148032049
SRC07_aa49742b7ab9a85d,샛별대학,안남로490번길 11,37.5271710428818,126.712323611696
SRC07_90c44b9e2a81690e,노인행복지원센터,황어로134번길 28,37.5774947429175,126.736709712371
SRC07_e54bd783924e8aac,서구노인대학,신석로121번길 10(석남동),37.5105560504317,126.676057798301
SRC07_dafbf34341ff2a45,해바라기노인대학,열우물로 247(가좌동),37.4838543580203,126.683159168494
SRC07_b1f5324ffa1ecd23,인천광역시노인보호전문기관,용천로 208,37.4682452755922,126.714346587895
SRC07_7c0e668a137f8744,인천서부노인보호전문기관,"완정로165번안길12, 2층",37.6004568544818,126.658696180895
SRC07_d483221900d3cf15,중구재가노인지원서비스센터,인천 중구 우현로 3(사동),37.4686106124933,126.625335501238
SRC07_8b758babd592f78b,성언의집재가노인지원서비스센터,화도진로 79번길 10,37.4789202670042,126.630224295596
SRC07_f7bb99729dc75b98,대한어머니회재가노인지원서비스센터,"독배로 443, 2층 280호(숭의동, 삼화복합빌딩)",37.4588572017472,126.648195623169
SRC07_f8e44b0fde7a5056,인천재가노인지원서비스센터,매소홀로386번길 32(학익동),37.4386322919407,126.664545798285
SRC07_ac2161490b2c3a5f,미추홀재가노인지원서비스센터,염창로 97(주안동),37.4655984652151,126.684955750333
SRC07_8b09bef86efd67c2,연수구재가노인복지센터,함박뫼로 194,37.421102446066,126.687762606544
SRC07_dc2c6f29ee3fa86a,남동재가노인지원서비스센터,"구월말로 120번길22, 만수빌딩2층",37.4589144416251,126.726540212064
SRC07_e823cc422567e818,부평재가노인지원서비스센터,경인로749,37.4769580286962,126.708485807046
SRC07_b50f66d1107a1a86,계양재가노인지원서비스센터,아나지로 517 (서운동),37.526031602316,126.750286585818
SRC07_0834670071034aca,구립계산노인복지센터,계양구 경명대로 980 (계산동),37.54362824646,126.715608873176
SRC07_bdd049a20b4b8c1a,계양푸른빛재가노인지원서비스센터,"계양구 경명대로 1138, 302호(계산동)",37.5427986134175,126.733295149661
SRC07_7ec75f3dd3336bce,다사랑재가노인지원서비스센터,"경명대로 1077, 5층(계산동)",37.5436449865,126.72666531411
SRC07_d0210ef1fe6c5a55,태화인천재가노인지원서비스센터,"심곡로124번길 10, 3층 (심곡동)",37.5441908344807,126.68272090575
SRC07_b3aed1b66d6b4a8c,성광재가노인지원서비스센터,가정로 126번길 23(가좌동),37.4958129583215,126.674256189402
SRC07_ad9d6e20578e07e8,성모재가노인지원서비스센터,"탁옥로 105, 301호 (심곡동, 메인프라자3차)",37.5438534732731,126.681472081706
SRC07_281e4f65dc77fb95,서구재가노인지원서비스센터,신석로121번길 10 (석남동),37.5105560504317,126.676057798301
SRC07_1051db5c0e66f743,강화노인복지센터,선원면 시리미로225번길 3-27,37.7247256048375,126.455236197308
SRC07_fdc546c5451ba0b0,안젤로재가노인지원서비스센터,선원면 시리미로42번길 8,37.7242426316349,126.474576675437
SRC07_3b0ac78afbcfaf88,옹진재가노인지원서비스센터,영흥로 335,37.2541702319503,126.477851208599
SRC07_59e8c1a7c8e73fa8,평복영락양로원,청량로 51(동춘동),37.4135346568002,126.659847736713
SRC07_65fb88b3a27c4dd2,소망의집,논현고잔로88번길 35 (고잔동),37.3907514806507,126.714674994734
SRC07_c475516676431f40,협성양로원,화랑로 65(산곡동),37.328899591646,126.797201895082
SRC07_9cc67d92da26c869,사할린동포복지회관,원인재로 263(연수동),37.4184275478229,126.689932500245
SRC07_7b71dc3ee8248393,요셉의집,장제로 372(삼산동),37.5181428203509,126.733753270661
SRC07_495e89d399633187,평화의 집,불은면 강화동로 637,37.6917818189117,126.476389027815
SRC07_86eaa79e24bada2c,형제나사로의 집,송해면 전망대로 255-12,37.7830098929257,126.458467709714
SRC07_d7da14cc05d28e0f,예향원,세자봉로76번길 11 (금곡동),37.6098785685769,126.65154840161
SRC07_4772147364be37d7,나솔채양로원,솔고개길 19(박촌동),37.3435961130754,126.985384306617
SRC07_21f8143540cd954a,노틀담사랑터,장제로920번길 27(병방동),37.5469583172536,126.744034624584
SRC07_799d8be94d2c66ed,마리스텔라,심곡로100번길 31(심곡동),37.5424250954679,126.685630316228
SRC07_d18e4a6d0486a9ea,청라백세마을,로봇랜드로249번길 14 (경서동),37.5291121404905,126.610032123911
SRC07_68b915fb92925205,백향그린실버타운,길상면 길상로304번길 49-20,37.6411759709208,126.499106750119
SRC07_0a27e48151f8e4b1,이레홈타운,양도면 강화남로 1077-39,37.6913905630211,126.415366936673
SRC07_d448751b9ba35574,푸른마을실비양로원,강화읍 용정리 865번지 2호,37.7473169595697,126.518845888646
SRC07_8ef91d98ffd103ef,영화복지타운,불은면 강화동로 262,37.6628849717784,126.493942658351
SRC07_dc47753b519f7c9d,우주실버타운,영흥면 영흥남로 15-20,37.2507993221201,126.475698398798
SRC07_b0826bcf76b4e515,더시그넘하우스청라,담지로 60(청라동),37.5355599251899,126.661092097471
SRC07_990ed20b50e6b8fb,인천광역시노인인력개발센터,석정로 229,37.4686955130912,126.660936371091
SRC07_7ee406bb51750409,중구노인인력개발센터,우현로20번길 43(답동),37.4682304336917,126.62866103356
SRC07_e3575c39db45d6e3,동구노인인력개발센터,샛골로 120,37.4729624084463,126.644234781655
SRC07_d45299ee19204137,미추홀노인인력개발센터,독정이로87,37.4625540585525,126.650541363505
SRC07_70ea4e37deac9dd4,미추홀시니어클럽,숙골로43번길14-21,37.4674883843889,126.664771622153
SRC07_a22fbda66a364225,연수구노인인력개발센터,"청능대로 109, 탑피온 4층",37.4129866938092,126.676719388447
SRC07_be8561de170fb43e,남동구노인인력개발센터,소래로 645,37.4477147022117,126.733083722994
SRC07_ce8092aeffca3b2b,남동구시니어클럽,문화서로62번길13,37.4510059208237,126.69726907241
SRC07_b955291c6a675af4,부평구노인인력개발센터,장제로235,37.5065758026489,126.730908968993
SRC07_8cadfd3fa2fee883,계양구노인인력개발센터,장제로 799,37.5392955185658,126.734206593381
SRC07_61cb6d1e741cfd0e,계양시니어클럽,계양산로102번길 5,37.5474437694632,126.727094468694
SRC07_0dc8683e7a772722,서구노인인력개발센터,승학로263,37.5462009299955,126.672319193023
SRC07_818d13ebe078fed9,희희낙낙상담소,"경인로336-1,3층(주안동, 청운빌딩)",37.4583807360046,126.677366918228
SRC07_3f391b476ef8fad5,성착취 피해아동청소년 지원센터 '잇다',"경인로336-1,3층(주안동, 청운빌딩)",37.4583807360046,126.677366918228
SRC07_01a83abe491a3b2f,달빛공방,"경인로336-1,3층(주안동, 청운빌딩)",37.4583807360046,126.677366918228
SRC07_16f4765ba65a1efa,인구보건복지협회인천지회부설성폭력상담소,남동구 용천로 142,37.4622210987901,126.714892168376
SRC07_1533c5b68999109d,인천지적발달장애인복지협회장애인성폭력상담소,"남동구 용천로 208, 사회복지회관 707호",37.4682452755922,126.714346587895
SRC07_8cf34c14a02a646a,살러온,남동구 예술로 352번길8,37.4655151531966,126.703169111283
SRC07_50ca1ddcc10cf7a1,인천행복한가정폭력·성폭력 통합상담소,우현로39번길2,37.4709328448221,126.627838261685
SRC07_9ef7a0fc15203df5,내일을여는집 가족상담소,계양산로102번길5,37.5474437694632,126.727094468694
SRC07_cc8561092d1d63d1,(사)인천시여성단체협의회부설 가정.성폭력통합상담소,경인로 345(주안동),37.4588294263111,126.678420324832
SRC07_c063524e8b21295d,인천가정상담센터부설가정폭력상담소,"학익소로 29, 508호(학익동, 석목법조타운)",37.4447408775636,126.670180913888
SRC07_fdb487e48fbf48d6,미추홀구가족상담소,인하로 195,37.4489451931505,126.66967232246
SRC07_6ccab92366792575,가족사랑상담소,매소홀로 586(문학동),37.4382449080502,126.687135006128
SRC07_37f8a32a7a4efbf2,서인천가정폭력·성폭력 통합상담소,경명대로676,37.5517869503816,126.683528748761
SRC07_fed9215559a785f7,인천우리가정폭력·성폭력 통합상담소,"샘말로 15-2, 2층(연수동)",37.4124416707819,126.678106814186
SRC07_444cf8d052305a81,여성긴급전화1366인천센터,"부평구 백범로577번길 20, 503호",37.474592794835,126.689149946963
SRC07_0ad1bbc36bb530e8,인천동구가정폭력상담소,동구 화평로 2,37.477469238846,126.630726739517
SRC07_4c2d14b6542d81c7,부평구가족심리상담센터,부평구 부평대로167번길 54,37.5063984578706,126.717845434967
SRC07_f66b30b859765bf4,계명원,강화남로 518번길 6-41,37.6555264667309,126.441054397632
SRC07_e59d74feea7948ab,디차힐,마장포로 29번길4,37.508838229403,126.549853037541
SRC07_0faab53c421a66e4,보라매보육원,화도진로 126,37.4823024752678,126.627905679289
SRC07_55a1250a80875983,인천보육원,매소홀로 446번길 50,37.4377792908707,126.671567299794
SRC07_0521409e98f9d067,향진원,석정로 329번길 32,37.4690955545507,126.671103645465
SRC07_7690bf237c8354b8,해성보육원,인하로 91번길 15,37.451760608001,126.660086657722
SRC07_085eb582131dead5,신명보육원,경인로 749,37.4769580286962,126.708485807046
SRC07_27e343ac2cd03fa4,파인트리홈,일신로 29,37.2137515614007,127.542334628788
SRC07_2c64eb47d158340a,해피홈보육원,경인로 898,37.4858445477587,126.719915575733
SRC07_f35feb9ac9af2345,인천보라매아동센터,백운로 528번길 57,37.5194373618991,126.503598338644
SRC07_50ca86a859f7f9b5,너랑나랑의집,참외전로 84(전동),37.4780152346758,126.628509401533
SRC07_2eb1610efa0b52ad,세리아,영종순환로169번길 64-1(중산동),37.5133628401945,126.557286186362
SRC07_370750d79a5b3661,미추홀구신나는,학익소로61번길132 (학익동),37.44250309611,126.677912878655
SRC07_0f0248fabf3c8551,스위트홈,인주대로 326-1(주안동),37.4514683376221,126.672700906336
SRC07_b352c0f7f0a037ff,다올의집,인주대로35번길 12-16(숭의동),37.4599354571371,126.642765872841
SRC07_800156d8f1623499,남동아동,독곡로16번길 22-7(서창동),37.4369789666171,126.745756777796
SRC07_0e27a221070e6279,희망아동,석산로240번길 12,37.4601579117369,126.718476585763
SRC07_cd9a726d890d18e5,시정의집,마장로269번길 91-61(산곡동),37.5023348849146,126.697507989151
SRC07_d54f39461335e7e2,엘피스,부흥로386번길 35(부개동),37.4962156675694,126.735037510828
SRC07_088fe1e9d326231e,행복한집,완정로 208(금곡동),37.6037267152021,126.653287225244
SRC07_6832eb712388987f,꿈이있는집,가현로 168(마전동),37.6048185168721,126.662104824845
SRC07_c6bd96852250b1ec,SY엔터테인먼트,완정로34번길 47(마전동),37.5986644003364,126.674701315782
SRC07_182dcd58b35f7dcf,예람공동생활가정,"고산후로161번길 28, 2층(원당동)",37.5992536972389,126.697274238225
SRC07_e1a55b1e309b8e9a,아너클래스,완정로64번길 7(마전동),37.5983141836795,126.667618345672
SRC07_1d3e300a7656c762,프렌즈,서곶로 818(당하동),37.5920016301598,126.675532200986
SRC07_1b049f87aeba9f3d,해피드림,청룡로42번길 24(옥련동),37.4233432179773,126.656182338007
SRC07_008def7dd4ccea45,계양아동청소년그룹홈,아나지로 199번길(효성동),37.526157421504,126.714963064093
SRC07_89c451bed01ca6d2,온유,서구 서달로 163번길 6(가정동),37.5140224410495,126.678586893257
SRC07_8386a28aa94fab5f,인천가정위탁지원센터,"부흥로294번길 4, 8층(부평동)",37.4982272238462,126.724277901711
SRC07_f6acc33624c16a39,인천광역시자립지원전담기관,"용천로 208, 601호",37.4682452755922,126.714346587895
SRC07_c0f12159aa19511b,솔샘나우리아동복지종합센터,인하로 91번길 15,37.451760608001,126.660086657722
SRC07_941002356ba5ec8b,푸른마을아동복지종합센터,매소홀로 446번길 50,37.4377792908707,126.671567299794
SRC07_a2c3f545f7588d04,누리마루아동복지종합센터,석정로 329번길 32,37.4690955545507,126.671103645465
SRC07_47a7c162af5e05c5,남동구아동복지종합센터,"용천로 208,2층",37.4682452755922,126.714346587895
SRC07_bf0121931f912065,구립 연안,"축항대로86번길 38, 3층(항동7가)",37.4535561929881,126.604637717683
SRC07_c252dcbd85594de4,구립 월디,"참외전로72번길 25, 3층(전동)",37.47684037181,126.629098011071
SRC07_bdad689f877dddb0,그루터기,"참외전로 13번길 2, 송월아파트상가 제121-1호",37.4800306228344,126.621251106219
SRC07_a9c06835c75a852b,금창,금곡로 44(금창동),37.6339020767009,127.207917874161
SRC07_6933cf7787b27468,모리아,"화수로3-7, 2층(송현동)",37.479938737698,126.636107490885
SRC07_8f8b80f1e2f9a785,솔숲,"샛골로194번길 4-8, 2층(송림동)",37.4792529002795,126.64562519295
SRC07_0a8b1ec2f2bedf21,송현샘,"송림로 112-1, 3층(송림동)",37.4763558633002,126.647209071823
SRC07_954c6744fd32dc72,푸른나무교실,"솔빛로 91번길 7, 2층(송림동)",37.476497626937,126.643409012113
SRC07_cb278a6b945c2994,해와달,"화수로 67-1, 2층(화수동)",37.4842912435316,126.631233730755
SRC07_583997cdbec0120e,꿈과씨앗,인하로 298번길 9(주안동),37.4474651992125,126.681424300036
SRC07_b09e3d9f3de47318,꿈나무,경인로 252번길 12(도화동),37.4628048941808,126.669422141784
SRC07_61d74033a48d7bb7,함께걷기꿈동산,독배로 382번길 10(용현동),37.4536763435342,126.649114890307
SRC07_322bef18a3c63f7c,꿈이있는,용오로 84(용현동),37.453088158555,126.643722027149
SRC07_12e6c8b2ed82ec81,남구,주안중로38번길 13(주안동),37.4618501262864,126.683586161179
SRC07_73744d81b40cec26,다솜,인하로 430번길 30(관교동),37.444492725271,126.693644557561
SRC07_17070d39563034c1,드림,미추홀대로 633(주안동),37.4539137716518,126.67960739651
SRC07_b001f793f0e1ff43,또래모아,연송로 50(도화동),37.4776181266595,126.655870412348
SRC07_b8ea1e41b0f5e1bb,반디,"인하로 370, 3층(주안동)",37.4480426332055,126.689472749007
SRC07_281e14eee8c3a389,예향꿈터,소성로 99(학익동),37.4447573300267,126.660212477034
SRC07_db2d9cb1ed067607,옹기종기,동주길135번길 8(주안동),37.4574528330877,126.684593431991
SRC07_04a22e571828e8dd,행복한꿈나무,"한나루로516번길 52, 3층(주안동)",37.4525543810991,126.671098556441
SRC07_923d8d2329d0ed2d,희망남구,숙골로38번길 1(도화동),37.4665277604299,126.667108803784
SRC07_13c5f43e3781d63e,지킴이문학,"소성로318번길 18-12, 3층",37.4369560058798,126.682101845556
SRC07_8f85d6f46abc8825,가온누리,새말로 146(연수동 578-3),37.4837562913348,127.129979195927
SRC07_1939758a46f7e656,꿈쟁이,"함박로 4번길 4, 3층 302호(연수동 491)",37.4248207775538,126.678826129766
SRC07_318c69b0f212eb81,돌봄과 배움의 공동체늘푸른교실,"계림로 112번길 25, 2층(청학동 552-4)",37.4265812449764,126.669372580641
SRC07_bc7ca92b6d432a59,렘넌트,샘말로 95-6(연수동 614-7),37.4153704355908,126.680870429577
SRC07_21955ad2131812fd,새생명,"먼우금로 282, 302호(연수동 576)",37.4207045171942,126.68126487937
SRC07_9f903e2791b30614,선학동,"선학로 37, 202호, 205호(선학동 340)",37.4213254601461,126.698104719555
SRC07_97fa6804c4dd1713,솔로몬,넘말로55번길 19(선학동 391-3),37.429730061577,126.696147541918
SRC07_b64c90a50c0c7385,쉐마,경원대로 467번길 26-5 선학동 403-17),37.4265594423209,126.697360528223
SRC07_e75dd091c3d2372a,참조은아이,"새말로 47, 2층(연수동 551-8)",37.4213132932852,126.676144951734
SRC07_d33ddcbc4710ff1b,청담,"용담로 54, 2층(청학동 469-1)",37.4189918159468,126.673225934946
SRC07_a58b834353b469f1,청어람,독배로 82번길 47(옥련동 159-1),37.4276184978554,126.648059402475
SRC07_f20941e6620ac5d4,청학동,솔샘로 73(청학동 566-18),37.6131813933399,127.007766972269
SRC07_a05cf4396d29ac78,연수,"한나루로158번길 5, 403호",37.4236532400454,126.655063154123
SRC07_c10d8547edeacf8e,MS,"석산로 35, 2층 210호 (간석동, 간석마을풍림아이원아파트 상가)",37.4624435971284,126.697582747927
SRC07_ed8ac537ce63a2cf,가온,구월남로 68 (구월동),37.453553163688,126.696846173045
SRC07_2353eed3e4b9cbb0,간석,용천로168번길 5 (간석동),37.4646247960443,126.714662394888
SRC07_c180c872bbd54810,고려대,"구월로 343, 2층 (만수동)",37.4554234626486,126.728879709679
SRC07_c08a8e918779cd48,광성,구월말로27번길 1 (구월동),37.4512588423842,126.724413210527
SRC07_f68e9f49adc52e51,구월3,"문화서로23번길 13, 4층 (구월동)",37.4475335637122,126.69535895361
SRC07_16d874f48904f4f2,구월,"용천로 20, 3층 (구월동)",37.4513281189596,126.714427093133
SRC07_a2e1e259a40760bc,꿈나무,"남촌로 120, 2층 (남촌동)",37.4312836909615,126.712580239286
SRC07_4d4c50e6ad312757,나래,"백범로247번길 54, 2층 (구월동)",37.4581275605994,126.721550145302
SRC07_b735dd0c81f6de39,남동,"석산로 194, 2층 (간석동)",37.4605953348112,126.713557806706
SRC07_0aa13d2f932c03f3,남촌,"남촌로93번길 34, 3층(남촌동)",37.4279157721715,126.714133042682
SRC07_c582f456e2f9691a,논현,"장도로 10-3, 10동 1층 101호 (논현동, 성화빌라)",37.404295622668,126.73537542053
SRC07_1bf263656f1b3af8,드림애,"만경로 31-1, 3층 (만수동)",37.458395156408,126.727266603491
SRC07_f7bd7a951954b780,등대마을,"청능대로715번길 22, 2층 (논현동, 논현주공14단지 관리동)",37.4102004078499,126.735803079721
SRC07_878846626df62a80,만수사랑,"만수서로 97-17, 2층 (만수동)",37.4622013032672,126.737253881384
SRC07_2ce5e75a184c7708,만수행복,"인수북로4번길 20, 1층 (만수동)",37.4537502432616,126.737197099789
SRC07_d53e066469d9ef9f,베스트,"구월말로27번길 90, 2층 (구월동)",37.4517199455427,126.71949654232
SRC07_5fb39ad1b7441f99,아이사랑,"용천로 91, 2층 (구월동)",37.4577975855541,126.714627528565
SRC07_2e383a96ef8b1659,산돌,"백범로 67, 4층 (만수동)",37.5491463318877,126.939538604727
SRC07_03d63c682c9644c3,서창,"매소홀로1108, 202호 (서창동)",37.4381610240649,126.745723286978
SRC07_1ee24f5ed0541a77,선향,"복개동로38번길 21, 2층 (만수동)",37.45139670738,126.727526410451
SRC07_adad5edebd7ff419,아이원,"주안로259번길 23, 1층(간석동)",37.4643795827787,126.698707114242
SRC07_5b8dda114c88fce6,엘림,"인주대로850번길 31-3, 3층",37.4475507237697,126.73256807453
SRC07_cd62469024670772,영문,"구월로336번길 53, 2층(만수동)",37.4527780380394,126.727991894363
SRC07_5dedc8740267335b,예꿈마을,"담방서로17번길 21, 201호 (만수동, 이삭아파트 상가)",37.4459998133351,126.737106683819
SRC07_4fe64eb73107bdf2,예사랑,"앵고개로815번길22, 1층(논현동,소래휴먼시아3단지아파트 관리사무소동)",37.398160203146,126.724787100493
SRC07_cddf65a3302dbd94,우리동네,"석정로461번길 10, 103호 (간석동,상가)",37.4667848630071,126.687039508779
SRC07_ddd897000fe8876f,웃음꽃,"남동대로726번길 15-20, 3층 (구월동)",37.4479469196937,126.708531626408
SRC07_a8dfdceb7b77ac0f,으라차차,"문화로169번길 92, 2층(간석동)",37.455719382248,126.695204028539
SRC07_8b61a2a0902cac3b,남동구 구립,모래내로 14-5 (구월동),37.4531957328885,126.723559254641
SRC07_dd254a2b4cd3110d,장미원,인수로32번길 22-2 (만수동),37.4554584673807,126.737967246237
SRC07_39009f21f06fce09,충헌,"서창남로2, 2층(서창12단지LH아파트내 주민복지동)",37.4197917352222,126.752974619001
SRC07_8097a0ff217f9fc5,큰사랑행복한홈스쿨,"백범로124번길 162, 3층 (만수동)",37.4599989015326,126.739995081935
SRC07_cce9b7f1964afad5,하늘둥지,"청능대로715번길 59 (논현동, 주공아파트 주민복지관)",37.4083600703058,126.735194747889
SRC07_6d903d457567ff9e,하늘마을,"논현로 45, 2층 (논현동, 논현휴먼시아 하늘마을)",37.4744732306802,127.047527605496
SRC07_51b549a0c61952f9,한빛,"구월로137번길 40, 3층 (간석동)",37.458724549806,126.705666385918
SRC07_05299a963ce64300,해피아이,만수서로37번길 32 (만수동),37.4616826847444,126.728917696562
SRC07_b4ac3dd4a3426d91,행복한,남동대로898번길 25 (간석동),37.4627137721201,126.70978493319
SRC07_d8822b05b468a44d,희망온새미로,"석산로208번길27-9, 2층(구월동)",37.4596064263888,126.715775805075
SRC07_61cababe52b777dc,희망,"소래로 669번길 30, 302호(만수동)",37.4500860599473,126.732678843957
SRC07_c2a38dfed5a7ebc2,온새미로,"백범로226번길 35, 2층(만수동)",37.461964647572,126.724608238847
SRC07_ae8e867add7cf918,올리브나무,"만수로 11, 2층 (만수동)",37.4583649207046,126.730345782891
SRC07_abd4db5f7e5fdfdb,갈산동도토리학교,평천로 355(갈산동),37.5179962584386,126.729838717901
SRC07_2c1c8b01a2eddb6a,경인비젼스쿨,마장로 14(십정동),37.4802523771271,126.710464099919
SRC07_ac6ae92f11b803fc,고토,"부흥로 380, 2층 (부개동)",37.4911781502679,126.783303389995
SRC07_58266e73bcf83137,나라찬예꿈,"경인로 918, 3층(부평동)",37.4867703703885,126.721954038241
SRC07_d519c20b58f5d042,나라찬한사랑,"길주남로 78, 2층 (부평동)",37.5041458837191,126.730156444359
SRC07_e10e5d8f2ea6899b,나라찬한우리,"영성로 38, 2층 (삼산동)",37.5197172504524,126.743535190539
SRC07_d58b594388a1b2d1,너른들부평,"장제로159번길34, 2층(부평동)",37.4999783267642,126.728558563466
SRC07_b51cb3a1b4dd90c1,누리,"마장로450번길 18, 4층(청천동)",37.5181586544609,126.70543151607
SRC07_639ebab3127607ba,다드림,항동로45번길 8(일신동),37.4823062512768,126.738774626409
SRC07_3ce3d2c805aeada8,무지개,"부평문화로127, 4층 (부평동)",37.4941939117007,126.730658145991
SRC07_e40985512c787113,사랑의,"원길로 11번길 45, 2층(산곡동)",37.5047030488902,126.711839274445
SRC07_6d415a78535a98ef,산곡,"원적로298, 4층(산곡동)",37.5043961207566,126.699312825515
SRC07_bc142aac1e528bf6,삼산해오름 공부방,"부평북로 448, 3층(삼산동)",37.5217376150209,126.743351239093
SRC07_41e2dcd64d7a3238,새빛행복한홈스쿨,"주부토로 146, 3층 (갈산동)",37.5083623598275,126.726264246898
SRC07_9c5138be03ad1d7f,생명,"부흥북로58번길 16, 2층 (부평동)",37.5004422993771,126.728343370067
SRC07_dfcb35d6b3f49ed7,생명샘,"수변로10번길 5, 3층",37.4875470840512,126.739896016349
SRC07_f36e055b19e6c389,서로사랑,"주부토로219번길 36, 2층 (갈산동, 정광상가)",37.5156439111569,126.72414144464
SRC07_d8c087719f5b33dd,십정동,"배곶로 71, 2층 (십정동)",37.47436898022,126.695620079354
SRC07_d95d294584d97978,에덴마을,일신로40번길 21-2(일신동),37.4814303309784,126.744478001807
SRC07_7bb54c5d623a5151,엘림,"경원대로1130번길 29, 3층 (십정동)",37.4807153522251,126.700716414672
SRC07_0990d3deb6090251,오순도순공부방,"마장로364번길 7-1, 3층(청천동)",37.5106077379253,126.704210022577
SRC07_47aa53bb63ac6523,인천부평사랑회,"항동로 27, 3층 (부개동)",37.4828003495447,126.73665794258
SRC07_aa201a0ee1967f1b,인천행복한돌봄 동암,백범로406번길 64(십정동),37.4703483383902,126.706777373915
SRC07_2c5df72b3d1c1b8a,인천행복한돌봄 믿음,남부역로5번길 38(부평동),37.4871067401447,126.720284898479
SRC07_3585aa2000b48cfa,제일,부평문화로197번길 40 (부개동),37.4944334459803,126.739396404739
SRC07_5d223311752a1626,카리타스(구 갈산복지관),"주부토로 206, 2층(갈산동, 갈산종합사회복지관)",37.5129762837816,126.728403930246
SRC07_1ac0c76775ee8dfd,함께걷기다정,"화랑남로5번길 20, 2층 (산곡동)",37.4933369664572,126.705006150264
SRC07_1ea407499c415f80,함께걷기보아스,"마장로72번길 8, 2층 (십정동)",37.4854555398771,126.708536123253
SRC07_62daec5fa95f50ad,함께걷기소망,"마장로 412, 2층(청천동)",37.5149345439737,126.704325513493
SRC07_59f59e43c6e0cf73,함께걷기참사랑,부흥로 315번길 18-5,37.4993311582232,126.727394400523
SRC07_55bcdcd2679404bf,함께걷기큰사랑,"평천로 145, 2층(청천동)",37.5194122352349,126.707942683534
SRC07_7869cabc966f87f5,해님공부방,"배곶북로 14, 2층(십정동)",37.4736268891743,126.697259931874
SRC07_3711ef1eed6c4142,햇살 공부방,"세월천로 11-8, 3층(청천동)",37.5122725748771,126.707926054783
SRC07_9f7cc4a8877ea50f,함께걷기키파,"계산로 3, 2층(계산동)",37.5431889644761,126.718976660941
SRC07_4c5e0de6cb0d5f25,계양 푸른솔,"아나지로 517, 2층 (작전서운동 130-6)",37.526031602316,126.750286585818
SRC07_ab767a7d117912d4,함께걷기 로뎀나무,"경명대로 1029번길 22-18, 2층 (계산2동 931-3)",37.5454719491614,126.722076991985
SRC07_884948d521976443,새벽,"주부토로 501번길 31, 3층 (계산1동 959-17)",37.5403003263277,126.725276612559
SRC07_5db569fb6f058a61,새봄,"계수로 6-1, 2층 (계산2동 925-20, 복된교회)",37.5459756511009,126.72567956595
SRC07_be0e9f30a4118c53,선민아이들세상,"아나지로 144, 2층 (효성동 404-17)",37.5250736552594,126.707646733849
SRC07_f54b6a1f3b001835,신나는 교실,"효서로 135번길 11, 2층 (효성2동 232-39)",37.5288385191301,126.710405603537
SRC07_68c76a67ca344d30,씨앗,"새벌로 120, 208호 (효성2동 196-6)",37.5276035453375,126.717069828998
SRC07_6759d719aed5819b,행복한돌봄예원,계양대로 120번길 25-17 (작전2동 856-54),37.5354934401519,126.724978239127
SRC07_6b6614f3afba28de,우리두리,"효서로 93, 2층 (효성1동 189-2)",37.5279579339659,126.706267152944
SRC07_f1717a77ffe87616,함께걷기이지,"효서로 39, 5층(효성동)",37.5271220158024,126.700147600284
SRC07_243fb7182089c807,인천행복한돌봄임학,"병방시장로32-1, 2층/301,302호 (임학동246)",37.5478689486785,126.735246549678
SRC07_26454d3380cbc949,작전행복한홈스쿨,"주부토로 368, 1층 (작전동 177번지)",37.5270171116474,126.730092860251
SRC07_5bb50e92be959108,하늘씨앗,"까치말로 15번길 11-2, 3층(작전동)",37.526594605105,126.734853624718
SRC07_4b76df6ddf79e010,해인,"경명대로 1045번길 21-5, 3층 (계산2동 931-20)",37.5455202563113,126.722657652684
SRC07_8c58ca934549f6b9,행복나눔,동양로 74-33 (동양동 387-7),37.5569617722564,126.753159806426
SRC07_b006ee79f59e57fc,효성,"효서로 208, 2층 (효성2동 195-8)",37.5278206224527,126.719005589865
SRC07_bc9e6426557e7862,효성사랑,"안남로 573번길 16, 2층 (효성1동 99-11 뉴서울1차A상가)",37.5368694611263,126.709482628097
SRC07_d756e3da934e31ad,효성중앙,"새풀로 7번길 37, 2층 (효성2동 602-1)",37.5242752051022,126.695808287695
SRC07_6ff5899156270594,샛별,"장제로 946번길 16-2, 2층 (병방동92-27)",37.5492005572821,126.743711683323
SRC07_2fc660fa0fc7fdc8,해솔,봉오대로531번길6-9,37.5316816549523,126.708004816943
SRC07_830fc4d07974620d,BTC,"심곡로 193-14, 3층 (연희동)",37.55034556352,126.680559956701
SRC07_51b54c31e1d55cf7,가좌,"여우재로 99, 2층 (가좌동)",37.4869893293576,126.687222651731
SRC07_45d0b3a02e1caebf,검단,검단로 501번길69,37.6071718788638,126.660593148213
SRC07_d78fba9da1dfb133,그레이스힐,"검단로 623번길 17, 2층(마전동)",37.610066424542,126.668852634598
SRC07_16d30b7f6aaa19da,꿈나무,"가석로156번길 14, 3층 (가좌동)",37.4975542153274,126.67641229009
SRC07_1f817ec1d5b56234,꿈이자라는,"건지로318번안길 17, 2층 및 3층 일부 302호(가좌동)",37.496239596565,126.679067282278
SRC07_3b057977b0f15147,내일을여는 교실,"율도로 109, 202호 (가정동,진흥아파트)",37.5136543549843,126.674366311027
SRC07_5e1086a22aea58c9,늘푸른,"가정로126번길 29, 3층(가좌동)",37.49580597759,126.674862004387
SRC07_2c73e4f5f3b572f2,백합,"장고개로287번길 6-2, 2층 (가좌동)",37.48989540932,126.683157738659
SRC07_b53f98a9dd16a9c8,새벽공부방,"장고개로 264, 3층 (가좌동)",37.4878773418482,126.681416151018
SRC07_20b78d6f6ee30c58,새일꾼,"승학로382번길 6, 2층(검암동)",37.5559454956968,126.67399359858
SRC07_976fa3f20c9d8b89,샘물,염곡로383번길 24(신현동),37.5191201664458,126.66622758908
SRC07_663676d027d1526b,서곶,"승학로287번길 27, 2층 (연희동)",37.5474865000798,126.671325105631
SRC07_8b26fb892ca0989f,서로사랑하는,"완정로10번길 8, 3층 (마전동)",37.5950091192005,126.673145104537
SRC07_bfa72cf098427bb2,석남,"서달로137번길 13, 2층 (석남동)",37.5106669353919,126.677298309807
SRC07_b4633dfa31021440,성문,서달로 126,37.5096798863523,126.678983733398
SRC07_2c750899a8d315f0,심곡,"승학로 278, 3층 (심곡동)",37.5469842034022,126.673797369344
SRC07_0eb67c32c1f82e84,연희,"심곡로 17, 2층 (심곡동)",37.4823580914517,126.77604694165
SRC07_6c302cd7fe181589,오트,"서달로123번길 14, 3층(석남동)",37.509836130488,126.677169328638
SRC07_d1a154ee0fc87d25,옹기종기,간촌로31번길 16 (연희동),37.550441159459,126.680926657053
SRC07_d0dfa1311a6a6b13,위누리,길주로142번길24-1,37.5039885507106,126.677370485371
SRC07_c03a71428e417d8f,은가비,건지로284번길 3-4 (가좌동),37.4988401314469,126.674119774792
SRC07_edef1e144bab022b,진주,신진말로33번길 8-15 (가좌동),37.4942105483502,126.680234247703
SRC07_a80a697208f2f744,푸른꿈,검단로435번길 9-1(왕길동),37.6010875065357,126.652079631463
SRC07_f7100249f61ba14d,푸른솔생활학교,"가정로138번길 14, 2층 (가좌동)",37.4968835122149,126.673303552507
SRC07_62c3222935385903,해바라기,"열우물로 247, 5층(가좌동)",37.4838543580203,126.683159168494
SRC07_572bcb5319a256a0,행복한,"염곡로 307-1, 2층 (석남동)",37.5121622493744,126.668357737692
SRC07_3c179be26eabc151,행복한동산,"완정로178번길52, 1층",37.6061727192659,126.66010391972
SRC07_00263af70c122aa7,호산나,"원적로120, 403호(가좌동)",37.4965207680124,126.684575301378
SRC07_4d340a587f3f637a,서구공립,율도로16번길 18(상생마을 도시재생현장지원센터 내),37.5123784409309,126.662677073305
SRC07_247e53a902014878,신나는,강화읍 신문길 44번길 8-4(신문리),37.7451604228329,126.483178103482
SRC07_96806cd046966d5e,고인돌,하점면 강화대로 1089(부근리),37.7729286053044,126.425611624271
SRC07_1e6296c1f81b8081,밝은햇살,강화읍 북문길 6(관청리),37.7475855683292,126.484708548931
SRC07_571a0b0715a5e8ac,비전,길상면 길상로 306(온수리),37.6385411052373,126.493691113685
SRC07_4e69073a3879a5c2,열매,강화읍 갑룡길 76-17(갑곳리),37.7430541144482,126.502131605115
SRC07_2c81f7867fb41882,아름다운,강화읍 동문로 141번길 17-7(옥림리),37.7554779289152,126.495929606366
SRC07_3d14c78779072761,제자,강화읍 갑룡길 84(갑곳리),37.7431976530079,126.502156625417
SRC07_50e8d2ee523ce261,화도마리,화도면 가능포로 37-12(상방리),37.6359527985513,126.417742307688
SRC07_795ed5f2018051b1,희망터,길상면 온수길38번길 14(온수리),37.6405179610665,126.48970275388
SRC07_a39b5455529825b6,강화,"강화읍 갑룡길117번길28-3, 나동 102호(용정리, 동경빌라)",37.747141028234,126.50503589828
SRC07_3ed10437e2fc5726,영흥,영흥면 영흥서로 220,37.2740263952325,126.478675628857
SRC07_4b5cf7d2fc1a488b,강화군 다함께돌봄센터,"강화군 강화읍 갑룡길 59, 3층",37.7429117790819,126.499433868132
SRC07_d267f04ae85000f1,옹진군 다함께돌봄센터 1호점,영흥면 영흥북로 228 1층,37.2711811256869,126.493454503943
SRC07_72a957b529de4c0f,중구 다함께돌봄센터 1호점,"중구 흰바위로 203, 220동 1층(운서 SK뷰 스카이시티 1차 아파트)",37.4814237236255,126.500940320393
SRC07_eaa2bb757a2a320e,중구 다함께돌봄센터 2호점,"중구 하늘달빛로 113, 주민공동시설 1층(우미린 2단지 아파트)",37.4870248496282,126.553626255402
SRC07_bfaa129767bccf37,동구 다함께돌봄센터 1호점,동구 새천년로38번길11 동산휴먼시아2단지 내 주민공동시설 2층,37.4742293318438,126.649456557647
SRC07_13de61fcaf2eb82b,동구 다함께돌봄센터 2호점,"동구 송미로 6, 105동 1층(송림풍림아이원아파트 주민공동시설)",37.4822723117347,126.65066606328
SRC07_5db4b906c7c33c9b,동구 다함께돌봄센터 3호점,"동구 새천년로 93, 4층(송림골 꿈드림센터)",37.476462007669,126.648208305695
SRC07_d4eaa8d7058973cd,미추홀구 다함께돌봄센터 1호점,미추홀구 구월로 24풍성교회 1층,37.4571431503367,126.692765621218
SRC07_2cdfe59c23a30220,미추홀구 다함께돌봄센터 2호점,"미추홀구 매소홀로418번길 14-57(인천종합사회복지관), 2층",37.4386672247918,126.666830097781
SRC07_fccf029aefaefbaf,미추홀구 다함께돌봄센터 3호점,미추홀구 경인로34번길 20(숭의2동 행정복지센터) 2층,37.4630356570704,126.647269518909
SRC07_13c28aed60d63820,미추홀구 다함께돌봄센터 4호점,"미추홀구 문학길 136(문학길),성해재단 D동 1층",37.4343666832336,126.684829649956
SRC07_fb73dd9918bb9a8b,미추홀구 다함께돌봄센터 5호점,미추홀구 석정로461번길 21(주안5동 행정복지센터) 2층,37.4670650811844,126.686395597785
SRC07_b9d6f087c274d55b,미추홀구 다함께돌봄센터 6호점(사미골 돌봄놀이터),미추홀구 인하로209번길 27(사미골 주민공동이용시설) 2층,37.4499406249959,126.67148113758
SRC07_5a7d38bb4bef8ddd,럭키송도 다함께돌봄센터,연수구 능허대로79번길 30,37.4248643363964,126.641600015445
SRC07_471f535874790bcf,연수2동 다함께돌봄센터,"연수구 원인재로 158, 3층",37.4116667971374,126.681834861525
SRC07_6440b63321327c75,연수1동 다함께돌봄센터,"연수구 함박안로62번길 41, 2층",37.4262167014145,126.681149774961
SRC07_6f8a230e4e41a89a,남동구 다함께돌봄센터 1호점(서창2 아이함께자람터),남동구 서창남로2 서창LH12단지(커뮤니티센터 1층),37.4197917352222,126.752974619001
SRC07_e472cf9b7dcd26e3,남동구 다함께돌봄센터 2호점(서창 더포레스트 아이함께자람터),"남동구 서창남순환로 140(서창 더포레스트 공공아파트, 주민복지관4)",37.4276073440355,126.744464004405
SRC07_52da014ee24a0a45,남동구 다함께돌봄센터 3호점(서창 청광플러스원 아이함께자람터),"남동구 서창남순환로 82(서창 청광플러스원아파트, 주민공동시설 2층)",37.4313074132233,126.747760784413
SRC07_5e2643b4d7e36c56,남동구 다함께돌봄센터 4호점(논현 에코메트로11단지 아이함께자람터),"남동구 논고개로 17(한화에코메트로 11단지아파트, (구)문화센터)",37.3953577557423,126.730772008397
SRC07_eb9bd118651bcff8,남동구 다함께돌봄센터 5호점(논현 논현주공13단지 아이함께자람터),남동구 포구로 98(휴먼시아 13단지 푸르내마을 아파트 관리사무소 옆),37.4073600959472,126.735666783635
SRC07_71742670ef8c1dec,남동구 다함께돌봄센터 6호점(남촌어울림 아이함께자람터),남동구 남촌동로26번길 20(남촌동 남촌 커뮤니티센터 2층),37.4329383091417,126.716046042499
SRC07_2e0a120912fbc1c9,남동구 다함께돌봄센터 7호점(구월힐캐슬 아이함께자람터),남동구 구월로 192(구월힐스테이트&롯데캐슬골드1단지),37.4564793084687,126.710437889769
SRC07_9ab92b0b2451ba48,남동구 다함께돌봄센터 8호점(간석1동 아이함께자람터),남동구 구월로131번길 38(간석동),37.4586440822901,126.705338019007
SRC07_d893a7b36bb42b19,부평구다함께돌봄센터 부평꿈자람터,"부평구 부영로 161, 3층",37.4995000805179,126.715840889571
SRC07_a5bef2e2ecebdc86,부평구다함께돌봄센터 꿈이룸,"부평구 산청로 112-3, 2층",37.5189776056458,126.702496621135
SRC07_9a267c40735dc14b,부평구다함께돌봄센터 꿈열음,"부평구 부흥북로 89, 2층",37.5016946080913,126.732013752648
SRC07_6aa5842e8d2f36b6,계양구 다함께돌봄센터,"계양구 양지로 138, 4층",37.5673034940552,126.748641621948
SRC07_3d6f07613025e740,계양구 다함께돌봄센터2호점,"계양구 장기서로 8, 계양1동 행정복지센터 2층",37.5769129912578,126.734185239807
SRC07_58e22213e4c8659e,계양구 다함께돌봄센터3호점,"계양구 계양대로 201, 새마을금고 5층",37.5417832361134,126.722331246885
SRC07_13af66505ef3b85e,서구 다함께돌봄센터 1호점,서구 봉오재3로 14(LH3단지 주민공동시설 내 1층),37.532335340156,126.664529111125
SRC07_433ee241c69ddb1c,서구 다함께돌봄센터 2호점,서구 봉오재1로 49(루원시티 루에블리 주민공동시설 내 2층),37.5239415144338,126.667094144179
SRC07_099739ddf2b18569,서로이음 아이돌봄 다함께돌봄센터 3호점,서구 청마로167번길 19(당하동행정복지센터 2층),37.5920780539149,126.67465570833
SRC07_641a24d525e82bf6,서로이음 아이돌봄 다함께돌봄센터 4호점,서구 비즈니스로 166(청라센텀대광로제비앙아파트 주민공동시설 B1층),37.5385440081721,126.622332906939
SRC07_661d744ebc0b64d8,서로이음 아이돌봄 다함께돌봄센터 5호점,서구 가현로41 (대원레스피아1차아파트 204동 1층),37.6138576140491,126.65827420573
SRC07_908dab6d233bf2ef,서구 다함께돌봄센터 6호점,서구 청라라임로 85                                       (청라린스트라우스 아파트 102동 주민공동시설 2층),37.5346740115605,126.652608575814
SRC07_96e1d91d9f42a675,서구 다함께돌봄센터 7호점,서구 이음3로 220                                         (검단LH20단지 주민공동시설 1층),37.5887971558048,126.71585489594
SRC07_abb9222c9affe448,서구 다함께돌봄센터 8호점,서구 매밭로 130(한신더휴어반파크 주민공동시설 1층),37.5880210059055,126.70775803709
SRC07_0503fce7bdf325af,서구 다함께돌봄센터 9호점,이음3로 130(유승한내들에듀파트 주민공동시설 1층),37.5878900635748,126.705318500051
SRC07_e8eb62d1adf41cfb,인천광역시아동보호전문기관,경원대로 899(주안동),37.4630641340302,126.689458110395
SRC07_c36306910daf66f7,인천북부아동보호전문기관,"경명대로 1074, 504호(계산동, 삼환빌딩)",37.543096864921,126.72621797931
SRC07_4661cae6972e709c,인천남부아동보호전문기관,"남동대로 904, 4층",37.4630813506322,126.708526804776
SRC07_62d6628ceb203635,인천서부아동보호전문기관,"서구 완정로 153, 10층 1001호(왕길동, 이레메디칼센타)",37.6014161112388,126.658781486709
SRC07_6e82b1c4b59b5424,인천중부아동보호전문기관,송화로52번길 14-3,37.4806946546247,126.634231665914
SRC07_4666f13a6f7372ad,인천검암아동보호전문기관,승학로 528(검암동),37.5656273720816,126.678224833872
SRC07_a912593b9e91ae56,청소년일시이동형쉼터,경인로728번길 1 2층,37.4746984025263,126.709550368035
SRC07_ce265b6eb14e104c,청소년일시쉼터 한울타리,경인로 1059번길 10,37.4872559695725,126.737898511661
SRC07_359cc636f9fc7159,청소년일시쉼터 꿈꾸는별,양지로 153,37.5669336175704,126.74686181309
SRC07_8149bc4a892fb637,청소년단기쉼터 하모니(여),인주대로 801,37.4489806064423,126.726339276215
SRC07_12506efe4d7bd5f5,청소년단기쉼터 하늘목장(여),수변로 45-2,37.4906883051357,126.740121677874
SRC07_47bf789ae537a7c4,청소년단기쉼터 바다의별(남),남주길 125번길 5,37.4541765417742,126.67618244406
SRC07_f3954e08f7267436,청소년단기쉼터 우리들(남),아트센터로60번길 4,37.4730712226844,126.703543607211
SRC07_59988a2643484e6a,청소년중장기쉼터 예꿈(여),백범로 157번길 34-15 3층,37.4556065988458,126.729019761493
SRC07_be69eb646bc54167,남자청소년 자립지원관 별바라기,마장로 367번길 40,37.5114488216566,126.702487597817
SRC07_a4e3a0fb7ba799bd,부평구 다문화가족지원센터,열우물로 103(십정동),37.47580458534,126.696122316155
SRC07_2741d7b07b7692b6,강화군 가족센터,강화읍북문길11-1,37.7483131174654,126.484487579682
SRC07_15543c1322af95a4,옹진군 가족센터,옹진군 영흥면 영흥북로 228,37.2711811256869,126.493454503943
SRC07_6da18d52996807a5,중구 가족센터,답동로23(경동),37.4711118793519,126.631057700194
SRC07_0292a8722af9e1fc,동구 가족센터,"인천 동구 솔빛로 22번길 2, 4층",37.4764994890389,126.635573596512
SRC07_dc12c0c6124f949e,미추홀구 가족센터,낙섬중로 129,37.4582400997372,126.642729066205
SRC07_b4e35aaef514730b,연수구 가족센터,청능대로 109,37.4129866938092,126.676719388447
SRC07_4c8827f9561665a7,남동구 가족센터,문화서로 62번길 13,37.4510059208237,126.69726907241
SRC07_2310d125f78de144,부평구 건강가정지원센터,부영로 161,37.4995000805179,126.715840889571
SRC07_96d634c943e34c99,계양구 가족센터,계양산로 102번길 5,37.5474437694632,126.727094468694
SRC07_94ce43330f31810a,서구 가족센터,경명대로 693번길 6,37.5525679741767,126.685838611597
SRC07_2616b62bc4221a94,스텔라의 집,승학길26번길 40,37.4402625299213,126.681696655254
SRC07_bb3312b9084fa446,빈첸시아의 집,수봉로 33번길 64,37.4637470505668,126.660231906967
SRC07_84663d1c1931b371,모니카의집,청량로 184번길 16,37.4236875195084,126.653690360268
SRC07_6e1b781ecbb324bd,푸르뫼Mom&Kids,청솔로 51,37.4296480598308,126.66079903439
SRC07_79ce5770b4fba4d0,세움누리의 집,백범로478번길 8-7,37.4694030087229,126.699145795493
SRC07_69f575a0f4065e24,인천자모원,우현로50번길 23-2,37.4716791704637,126.630083617878
SRC07_a3c9acc298e2fc00,아담채,경신로 47,37.4420823012739,126.727088744069
SRC07_75924464834b0d84,강화정신요양원,선원면 고식이길 20번길 19-3,37.7286290058985,126.493839201851
SRC07_061e8f008aea33ea,소망의집,심곡로 132번길 22,37.545573165396,126.684579324976
SRC07_31b7560131cd433c,라온숨,도원로 20번길 34 대건하이츠 202호,37.4651371458652,126.638114766378
SRC07_3e5036f23c15523d,라온제나,"화도로 50번길 12, 푸른좋은집 B01호",37.4820874713933,126.630683435124
SRC07_f2b45e472a8d812d,미추홀하우스,경인로 268번길 33-13,37.4610777514528,126.669840950334
SRC07_6bf1c91893681dc1,리앤리,한나루로 186번길 54,37.4246622159884,126.657829705862
SRC07_453a3f444a39f41c,해피하우스,한나루로 186번길 54,37.4246622159884,126.657829705862
SRC07_c59942510ece65ef,마음자리,"경인로 599번길 26-6, 좋은하루 다동 201-202호",37.4659790711083,126.704711036548
SRC07_95aa82070ff295ab,희망샘,"대정로 30, 5층",37.4962154915458,126.724406184359
SRC07_d8e2806ce77eeac0,네모의 꿈,"아나지로307번길 8-1, 대경빌라트 601동302호",37.5263163362901,126.726265968294
SRC07_19dd2780fe6439f8,꿈을담다,"서달로179번길 12-9, 2동 101호(가정동,인향아파트)",37.5158845008985,126.677482501908
SRC07_86018a867cbeb53b,월산사회복귀시설,평천로 319-5,37.518032865193,126.72558993032
SRC07_bee806e27115452e,연수새누리 정신재활시설,연수구 앵고개로 183 남동부수도사업소 2층,37.4121331509152,126.665986728949
SRC07_8f2d67ad8a21fbb5,남동정신재활시설 그루터기,"담방서로 23번길 17, 남동구장애인복지관(별관3층)",37.4472421766586,126.736400206411
SRC07_9749cc2dd490d3a6,해피투게더,"길마로 60, 5층",37.5336638308862,126.71225477566
SRC09_a8926ab01fcd0527,계명원,강화군 강화남로 518번길6-41(양도면),37.6555264667309,126.441054397632
SRC09_747972718a31b06b,디차힐,중구 마장포로 29번길4(중산동),37.508838229403,126.549853037541
SRC09_35e09498729193a4,보라매보육원,동구 화도진로 126(화수동),37.4823024752678,126.627905679289
SRC09_737617fa3f1c7ef8,인천보육원,미추홀구 매소홀로446번길50(학익동),37.4377792908707,126.671567299794
SRC09_5fcfee128b0466ae,해성보육원,미추홀구 인하로91번길15(용현동),37.451760608001,126.660086657722
SRC09_1e8403aa914d6dde,향진원,미추홀구 석정로 329번길32(도화동),37.4690955545507,126.671103645465
SRC09_b5c7329c7550c8fa,신명보육원,부평구 경인로 749(십정동),37.4769580286962,126.708485807046
SRC09_d09182ad1b8dbfb8,파인트리홈,부평구 일신로 29,37.482014730784,126.746237068792
SRC09_0de7287dba37a951,해피홈보육원,부평구 경인로898(부평동),37.4858445477587,126.719915575733
SRC09_d600c2dc7ffa65cb,인천보라매아동센터,중구 백운로528번길57(운북동),37.5194373618991,126.503598338644
SRC09_4ce090a53a969573,너랑나랑의 집,중구 참외전로84(전동),37.4780152346758,126.628509401533
SRC09_f072a0e44c7de284,세리아,중구 영종순환로 169번길 64-1 (중산동),37.5133628401945,126.557286186362
SRC09_eed2bccd2f53ddef,미추홀구신나는그룹홈,미추홀구 학익소로61번길132  25동 101호(학익동.신동아@),37.44250309611,126.677912878655
SRC09_eb10295cb23a6ad6,스위트홈,미추홀구 인주대로 326-1(주안동),37.4514683376221,126.672700906336
SRC09_5e7c1c557fcfac92,해피드림,연수구 청룡로42번길 24(옥련동),37.4233432179773,126.656182338007
SRC09_b351e30ca81334ee,희망아동,남동구석산로 240번길 12,37.4601579117369,126.718476585763
SRC09_22905f7969606c35,시정의집,부평구 마장로269번길91-61(산곡동),37.5023348849146,126.697507989151
SRC09_5b8f686214fceff1,엘피스,부평구 부흥로386번길35 (부개동),37.4962156675694,126.735037510828
SRC09_63fb1d772716cd5f,계양아동청소년그룹홈,"계양구 아나지로 199번길 505동 802호(효성동, 뉴서울아파트)",37.526157421504,126.714963064093
SRC09_d41daad9db8aa7a4,행복한 집,"서구 완정로208, 104동 104호(금곡동, 검단우방아이쉘)",37.6037267152021,126.653287225244
SRC09_a905c6ff16d7e646,꿈이있는 집,"서구 가현로 168, 102동 1403호(마전동, 영진아파트)",37.6048185168721,126.662104824845
SRC09_169e83f880377e97,SY엔터테인먼트,서구 완정로34번길47 102동 701호(마전동 현대아파트),37.5986644003364,126.674701315782
SRC09_924dd03361ed74d6,예람,"서구 고산후로 161번길 28, 2층(원당동)",37.5992536972389,126.697274238225
SRC09_3fee0098a284cee9,아너클래스,"서구 완정로 64번길 7, 110동 803호(마전동, 영남탑스빌아파트)",37.5983141836795,126.667618345672
SRC09_cc3c21d61e35463c,프렌즈,"서구 서곶로 818, 103동 101호(당하동, 당하탑스빌아파트)",37.5920016301598,126.675532200986
SRC09_aaf894b995e3e188,온유,"서구 서달로 163번길 6, 301동 409호(가정동, 한국아파트)",37.5140224410495,126.678586893257
SRC09_0e0ba0b6f2875fec,어린이재단 인천지역본부,"부평구 부흥로294번길 4, 추인타워 8층",37.4982272238462,126.724277901711
SRC09_72caeaea8879eed3,인천가정위탁지원센터,"부평구 부흥로294번길 4, 추인타워 8층",37.4982272238462,126.724277901711
SRC09_679c6e9c2a8c045b,인천자립지원전담기관,남동구 용천로208 601호(간석동),37.4682452755922,126.714346587895
SRC09_66f7546203959761,솔샘나우리아동복지센터,미추홀구 인하로91번길15(용현동),37.451760608001,126.660086657722
SRC09_7f707aab72042c21,푸른마을아동복지센터,미추홀구 매소홀로446번길50(학익동),37.4377792908707,126.671567299794
SRC09_1f211c3f3e83d7bf,누리마루아동복지센터,미추홀구 석정로 329번길32(도화동),37.4690955545507,126.671103645465
SRC09_b1abc454abfe3056,남동구아동복지센터,"남동구 용천로 208, 2층(간석동)",37.4682452755922,126.714346587895
SRC09_c0465c37a5eb954b,인천광역시아동보호전문기관,미추홀구 경원대로 899(주안동),37.4630641340302,126.689458110395
SRC09_2f4b5d0ef0fb4c98,인천북부아동보호전문기관,"계양구 경명대로 1074, 5층",37.543096864921,126.72621797931
SRC09_6f192b5dd27c8276,인천남부아동보호전문기관,남동구 남동대로 904(간석동),37.4630813506322,126.708526804776
SRC09_277468b2dc164cff,인천중부아동보호전문기관,동구 송화로 52번길 14-3,37.4806946546247,126.634231665914
SRC09_0d93fd87d1c0f84d,인천서부아동보호전문기관,서구 완정로 153,37.6014161112388,126.658781486709
SRC09_8763ea59fe2b4006,인천검암아동보호전문기관,"서구 승학로 528, 4층",37.5656273720816,126.678224833872
SRC09_aba0dc14985a0658,인천광역시아동복지협회,남동구 용천로208 601호(간석동),37.4682452755922,126.714346587895
SRC11_d1539a79b613e94f,도장애인복지관,전라남도 나주시 내영산1길 67,35.008122063217,126.694786541295
SRC11_8599f3b65558d213,목포시장애인종합복지관,전라남도 목포시 하당로 205번길 12,34.8089874616878,126.41879851643
SRC11_9a574e66f39fd618,명도복지관,전라남도 목포시 산정로 199번길 25,34.804126526593,126.387969290285
SRC11_b3c32155e48dd444,여수시장애인종합복지관,전라남도 여수시 만성로 173 (미평동),34.7732164801797,127.714676192674
SRC11_892357d416ac1a9c,순천시장애인종합복지관,전라남도 순천시 서면 청소년수련원길 2,35.006447003401,127.479577561756
SRC11_0453f192677883a0,광양시장애인종합복지관,전라남도 광양시 광양읍 대림오성로 117,34.9651924911174,127.574316193327
SRC11_404eb46a05b00a5d,중마장애인복지관,전라남도 광양시 중마로 525(마동),34.9376906710712,127.70171428185
SRC11_6b6ab16961be57f3,구례군장애인복지관,전라남도 구례군 구례읍 동편제길 30,35.2159694811529,127.461797638702
SRC11_6538974260f64168,고흥군장애인복지관,전라남도 고흥군 고흥읍 신계학림길 41,34.6136814308241,127.288638840854
SRC11_769b74b691da6a5c,보성군장애인복지관,전라남도 보성군 보성읍 현충로 186,34.7741945563464,127.086598879636
SRC11_5a288aa5002172c0,강진군장애인종합복지관,전라남도 강진군 강진읍 탐진로 37-7,34.6382088465871,126.761408344953
SRC11_dd80a588ac75b933,해남군장애인종합복지관,전라남도 해남군 해남읍 신안길 2-20,34.563123196983,126.607575427574
SRC11_a57e7a4615a81d5a,영암군장애인복지관,전라남도 영암군 영암읍 오리정길 37,34.7946913323256,126.703798609317
SRC11_87e7679137d84155,무안군장애인종합복지관,전라남도 무안군 무안읍 공항로 148-18,34.9973303412659,126.466051147622
SRC11_06cfb353d96eea40,장성군장애인종합복지관,전라남도 장성군 장성읍 강변안길 90,35.3022525930897,126.77658822211
SRC11_b903709e59329ec3,완도군장애인종합복지관,전라남도 완도군 완도읍 노두목길 30,34.3138523990942,126.743982489009
SRC11_71b421e41b11d4eb,진도군장애인종합복지관,전라남도 진도군 진도읍 남산로 50-4,34.4717430931569,126.258609869898
SRC11_220e629623bd3299,명도복지관주간보호시설,전라남도 목포시 산정로 199번길 25,34.804126526593,126.387969290285
SRC11_e6a9897e2a124f8a,성산그레이스장애인주간보호센터,전라남도 목포시 번화로 41-7(대의동1가),34.7867449249321,126.384111758361
SRC11_0577e1543c2c430a,성골롬반하우스,전라남도 목포시 백년대로 266번길 13,34.8014311258992,126.418548531063
SRC11_086add6e5155a81e,작은나루주간보호시설,전라남도 여수시 문수7길 26-12 (문수동),34.7563450982077,127.69310973572
SRC11_0d66671d435f69eb,다솜누리장애인주간보호센터,전라남도 여수시 소라면 덕양삼거리길 11-36,34.793146942279,127.634587550263
SRC11_e83e721284de82ab,사랑이 가득한집,전라남도 여수시 문수북5길 27-12 (문수동),34.756889691547,127.71277368349
SRC11_37f8882809d9de12,꿈이룸터,전라남도 여수시 무선8길 29-1 (선원동),34.7746727564626,127.650045751777
SRC11_0bcbd7e9a9e6d8ec,동행주간보호센터,전라남도 여수시 소라면 화양로 1953,34.7522777017262,127.626939479756
SRC11_754b096742a4cb24,순천시장애인주간보호센터,전라남도 순천시 서면 청소년수련원길 2,35.006447003401,127.479577561756
SRC11_e4aab09a33849557,전남지적장애인복지협회주간보호센터,전라남도 순천시 강남로 27(장천동),34.9484082144515,127.492309553317
SRC11_9cab36dd28c34082,순천밀알주간보호센터,전라남도 순천시 상사면오실길183나동,34.9094122061211,127.461587467003
SRC11_593f74582e157e06,나주시장애인주간보호센터,나주시 늦은맛재길 9,35.0270856978022,126.709260797422
SRC11_0af12c24cc1ab7b0,광양시장애인복지관주간보호시설,전라남도 광양시 광양읍 대림오성로 117,34.9651924911174,127.574316193327
SRC11_dbd44fd4d3e80c5c,햇빛마을주간보호센터,전라남도 광양시 금호로 330 (금호동),34.9356809292206,127.731595363031
SRC11_8c4e43ed328493e0,구례군장애인주간보호센터,전라남도 구례군 구례읍 동편제길 30,35.2159694811529,127.461797638702
SRC11_fcc13b3e47fd48e1,예빛누리장애인주간보호시설,전라남도 고흥군 남양면 고흥로 3604,34.7274058262442,127.338596327621
SRC11_cfac765fceda34de,햇살장애인주간보호센터,전라남도 화순군 화순읍 연양리 354-25,35.0435096816648,126.960563382825
SRC11_d83a289c505d4a19,하늘사랑주간보호센터,전라남도 화순군 화순읍 중앙로 52-7,35.0597786691504,126.987207762848
SRC11_2cd35f2729028dd5,전남장애인주간보호센터(분관),전라남도 장흥군 장흥읍 흥성로 25,34.6746180699202,126.906971643589
SRC11_f833abd1a891230b,해남장애인종합복지관주간보호센터,전라남도 해남군 해남읍 신안길2-20,34.563123196983,126.607575427574
SRC11_18c19e7162d5e423,영암군장애인주간보호센터,전라남도 영암군 삼호읍 세가래로 88,34.7486603993639,126.474596386384
SRC11_1b4eb81d8fe3414d,영암참사랑장애인주간보호센터,영암군 신북면 원월평길 8,34.8911304584225,126.690289488401
SRC11_b35f377de115e7d4,무안장애인종합복지관주간보호센터,전라남도 무안군 무안읍 공항로 148-18,34.9973303412659,126.466051147622
SRC11_9629332b5d08175d,무지개장애인주간보호센터,전라남도 함평군 학교면 학교화산길 16,35.048908204402,126.53587659089
SRC11_bf844d519017989e,하누리장애인 주간보호센터,전라남도 영광군 영광읍 덕호로 82-15,35.3102206916588,126.483123832634
SRC11_8f5ab7f207fe9881,영광장애인주간보호센터,전라남도 영광군 영광읍 옥당로 50,35.2694177682392,126.509319421208
SRC11_dbe1822a5c5a66f4,숲누리장애인주간보호센터,전라남도 신안군 압해읍 수련의금길 46-11,34.8418336069801,126.358607608306
SRC11_ee92afadda1f34fa,전라남도장애인생활이동지원센터,"전라남도 목포시 미항로 19, 4층(상동,YM빌딩)",34.7963169041034,126.426745575036
SRC11_aac2b2e34388d4e6,목포시 시각장애인 생활이동지원센터,전라남도 목포시 영산로 361,34.8065620099435,126.404945685263
SRC11_74d407c7d4019f54,여수시장애인 생활이동지원센터,전남 여수시 여서동7길 10,34.7517067670082,127.710767385027
SRC11_04c2a2e41e52e9eb,순천시장애인생활이동지원센터,"전라남도 순천시 중앙로 67, 5층(저전동)",34.95167517777,127.483489322717
SRC11_1167ba26ce795a02,나주시장애인생활이동지원센터,전라남도 나주시 봉황로 49(부덕동),34.9879758481515,126.728637841497
SRC11_c7162617f278a1b8,광양시장애인생활이동지원센터,전라남도 광양시 광장로 1,34.9385813839945,127.691484307546
SRC11_03a1d7c0534681a9,담양군장애인생활이동지원센터,전라남도 담양군 담양읍 무정로 54-1,35.3074691012206,126.985834574252
SRC11_a83350e0c18b7f39,곡성군장애인생활이동지원센터,전라남도 곡성군 곡성읍 중앙로 54,35.2782761214694,127.289480001055
SRC11_638e2228d6a0a1a3,고흥군장애인생활이동지원센터,전라남도 고흥군 고흥읍 고흥로 2002(2층),34.6270468116576,127.29509203686
SRC11_0091334436233318,보성군장애인생활이동지원센터,전라남도 보성군 보성읍 용문길 18,34.7737527176032,127.094082460298
SRC11_76438335c0bdc3b1,화순군시각장애인생활이동지원센터,전라남도 화순군 화순읍 광덕로 156(청전상가 209호),35.058756237796,126.992596812356
SRC11_25ee425c4d91ac25,장흥군시각장애인생활이동지원센터,전라남도 장흥군 장흥읍 장흥대로 3482,34.6742757497206,126.905620885598
SRC11_f86bc26fcdc1ec7a,강진군장애인생활이동지원센터,전라남도 강진군 강진읍 중앙로 166-2,34.6409866256859,126.774294269015
SRC11_9e5c2daf84ded6ac,해남군장애인생활이동지원센터,전라남도 해남군 해남읍 영빈로31,34.5665727001415,126.60401810848
SRC11_72ba2cdb8de3c095,영암군장애인생활이동지원센터,"전라남도 영암군 영암읍 중앙로 85, 1층",34.8036127192758,126.69951736789
SRC11_d6e389ded87c5da5,무안군장애인생활이동지원센터,"전라남도 무안군 무안읍 창포로 19-10, 3층 305호(지우빌딩)",34.9884086477234,126.472730489498
SRC11_db15d5c2e19e5b5d,함평군장애인생활이동지원센터,전라남도 함평군 함평읍영수길 274,35.0658839699253,126.524612631849
SRC11_5801159c1999b91b,영광군장애인생활이동지원센터,전라남도 영광군 군남면 천년로 680 다동 1층,35.2414315616576,126.434315674703
SRC11_738ccc620af70fff,장성군장애인생활이동지원센터,전라남도 장성군 장성읍 청운길 16,35.3011810156129,126.781434017538
SRC11_d2777804fbe42d47,진도군장애인생활이동지원센터,전라남도 진도군 진도읍 남산로 50-3,34.4718956018058,126.2591427335
SRC11_2db9a9a5402457f7,신안군장애인생활이동지원센터,"전라남도 신안군 압해읍 압해로 861, 2층",34.8645019461702,126.31451700229
SRC11_7a960737be787db0,도수어통역센터,"전라남도 목포시 원형서로 46-1, 211호",34.7966237782344,126.430729024342
SRC11_ff373d1bc26a7d6c,목포시수어통역센터,"전라남도 목포시 산정로 21번길 9,  2층",34.7903838277106,126.39190324586
SRC11_942581e025d51a32,여수시수어통역센터,전라남도 여수시 중앙로 39 (충무동)  동아빌딩4층,34.7405048992723,127.732032463143
SRC11_48e68bae68df37f1,순천시수어통역센터,"전라남도 순천시 청사1길 8(저전동),  2층",34.9491490252214,127.485035811731
SRC11_3f221724a84eeffa,나주시수어통역센터,"전라남도 나주시 늦은맛재길 9,   2층",35.0270856978022,126.709260797422
SRC11_1137672e696b30ba,광양시수화통역센터,전라남도 광양시 구마10길 25(중동),34.9495460160928,127.687622628216
SRC11_62f0a0833b352d26,담양군수어통역센터,"전라남도 담양군 담양읍 추성로 1297,  2층",35.3197409821413,126.980087239626
SRC11_5c8fd3fa5b5364b4,고흥군수어통역센터,"전라남도 고흥군 봉황길9,  5층",34.6100265272382,127.284621593168
SRC11_94e8436befaad80c,보성군수어통역센터,전라남도 보성군 보성읍 인사길 5-9,34.7706369162815,127.080449254696
SRC11_8d8ded840fdb8528,화순군수어통역센터,"전라남도 화순군 화순읍 만연로 66-3,   3층",35.0616910719364,126.990689720441
SRC11_b485b7583ea9115a,장흥군수어통역센터,"전라남도 장흥군 건산로30,  2층",34.6793099490623,126.9089090453
SRC11_88f094fa6aab019a,강진군수어통역센터,전라남도 강진군  보은로 99,34.6361218275515,126.769794994929
SRC11_e4cdbe138a49db9a,해남군수어통역센터,"전라남도 해남군 해남읍 읍사무소길1,   2층(평화빌딩)",34.5689374780866,126.59787820777
SRC11_0b39165d1ec4bf29,영암군수어통역센터,"전라남도 영암군 영암읍 동문로 15,   2층",34.7971995285568,126.702035904281
SRC11_f3d459fc64e4486d,무안군수어통역센터,"전라남도 무안군 무안읍 불무로 38-6,   2층",34.9878207653672,126.473372573009
SRC11_6cba41e4b6046b5a,함평군수어통역센터,"전라남도 함평군 함평읍 영수길 186,   2층",35.0642435506972,126.52043798322
SRC11_aa79e8b86946a682,영광군수어통역센터,"전라남도 영광군 영광읍 옥당로50,  농아동",35.2694177682392,126.509319421208
SRC11_5c18fafe7ed7ff9f,장성군수어통역센터,"전라남도 장성읍 역전로 56, 2층",35.2972220752197,126.780240577595
SRC11_0f90936090c4dd5b,완도군수어통역센터,"전라남도 완도군 완도읍 장보고대로 274,  2층",34.3149551560438,126.754629083692
SRC11_4b502d64ba7e9389,진도군수어통역센터,"전라남도 진도군 진도읍 남산로 50-3,   2층",34.4718956018058,126.2591427335
SRC11_74e2d1d70361e56e,신안군수어통역센터,전라남도 신안군 압해읍 압해로 876-20,34.8660167559045,126.31286301019
SRC11_2fc8f34792ed2b80,"전남장애인보호작업장 (행정봉투, 인쇄물)",전라남도 나주시 내영산1길 67 (삼영동),35.008122063217,126.694786541295
SRC11_2f23572eedae296b,"예손자립원(참기름, 들기름)",전라남도 목포시 대양로 372-4(석현동 969-2),34.8275191125959,126.415069895076
SRC11_5cb3d316be1f3f47,"명도자립센터(제과제빵, 우편물발송대행)",전라남도 목포시 옥암마을길 74,34.8197063792805,126.44461647597
SRC11_7f7f1d616655be54,소망자립센터(세탁업),전라남도 목포시 대양산단로199번길 93-34(대양동),34.830286727333,126.392823228681
SRC11_8a7d243aa8d154b4,송정인더스트리(복사용지),전라남도 여수시 소라면 화양로 1951,34.7520125661598,127.627436030794
SRC11_4cce810a4015c463,"여수시장애인보호작업장(면장갑, 소독방역)",전라남도 여수시 만성로 173,34.7732164801797,127.714676192674
SRC11_67af25a5b71f546d,"송광행복타운(피복류(작업복), 판촉물인쇄)",전라남도 여수시 소라면 장전길 84-31,34.8236902015739,127.607981608607
SRC11_639527b8d098d1e3,"여수장애인재활자립장(누룽지, 제과제빵)",전라남도 여수시 화산3길 36 (화장동),34.7684580589388,127.64167164506
SRC11_ad4b36006722446b,꿈을키우는 세상(화장지),전라남도 순천시 서면 둔대수계길 24,35.0229663573187,127.45395502042
SRC11_16172137ea9b5a41,"순천보호작업장(방역, 소독)",전라남도 순천시 서면 임촌동길 90,34.9952944890894,127.488084858895
SRC11_7b58d5f84cc0a6c2,"미라클센터(제과제빵, 커피)",전라남도 순천시 서면 청소길383,35.0553484113222,127.497959316892
SRC11_f5bceb2c906de159,계산원 보호작업장(PE종량제봉투),전라남도 나주시 구진포로 298(삼영동),35.0010387465933,126.694064441607
SRC11_c6d7955f9a2d8126,"서산나래(제과, 제빵)",전라남도 광양시 광양읍 오성길 14,34.9657029934694,127.574647585751
SRC11_ebf2e3413b049433,동악포장재사업소(박스),전라남도 곡성군 곡성읍 곡성로 399-26,35.251354713912,127.260817919739
SRC11_57f5fe659ca63644,보성군장애인직업재활센터(물수건),전라남도 보성군 보성읍 현충로 186,34.7741945563464,127.086598879636
SRC11_1cd64a10b4aadb2c,화순군장애인직업재활시설(타월),전라남도 화순군 동면 동농공길 169,35.0236878404267,127.027659858471
SRC11_220d71286ceae7ce,"해남군장애인직업재활시설(두부, 콩나물)",전라남도 해남군 계곡면 둔주포안길 18,34.6335651972032,126.628842021463
SRC11_cba19de75eaebe5c,영암자립센터(임가공(건강음료)),전라남도 영암군 삼호읍 녹색로 1117-129,34.7534723079544,126.48874716288
SRC11_2183c09b14f4ce46,"무안자립원(도자기, 판촉물)",전라남도 무안군 청계면 문화로 339-5,34.8831402920651,126.462765914275
SRC11_530daf486b481ebf,"함평장애인보호작업장(세탁, 자동차 전구포장)",전라남도 함평군 함평읍 남일길 238-55,35.0756855214012,126.512342771785
SRC11_2ef404682a911d7a,"무지개장애인근로사업장(복사용지, 종이컵)",전라남도 함평군 학교면 학교화산길 16,35.048908204402,126.53587659089
SRC11_3de1f479656a770d,"예그리나보호작업장 (돈가스, 커피)",전라남도 영광군 군서면 천년로 1252-5,35.2599002817778,126.4884590479
SRC11_3ecc9bdb55fd3d7e,목포장애인가족지원센터,전라남도 목포시 영산로 635(석현동),34.8222010997385,126.421959297533
SRC11_aded35c0e89e6e0f,여수장애인가족지원센터,전라남도 여수시 화산2길 13 (화장동),34.7734311239171,127.647754963915
SRC11_9ccb1d561bf005ec,순천장애인가족지원센터,전라남도 순천시 강남로 40 (장천동),34.9494911873891,127.492028875692
SRC11_79865643976dd949,광양시장애인가정지원센터,전라남도 광양시 광양읍 서평1길16,34.9772418813626,127.574900657887
SRC11_89da368b24f55a1e,지적발달장애인자립지원센터,전라남도 순천시 강남로 27(장천동),34.9484082144515,127.492309553317
SRC11_be7321277bbaa6c9,장애인재활지원센터,전라남도 나주시 중앙로 34,35.0322735368687,126.719864687295
SRC11_75fc323e5670d728,장애인보조기구수리센터,전라남도 무안군 삼향읍 오룡3길 22,34.8169452366285,126.457890631989
SRC11_125e446cf8f0f835,척수장애인재활지원센터,전라남도 순천시 상사면 상사호길 229,34.9312568871418,127.462329612141
SRC11_91a08ab21aa91c05,신장장애인지원센터,전라남도 순천시 비봉2길 3-18,34.9712367433495,127.521408553026
SRC11_9259fecfd8a751ee,신체장애인지원센터,"전라남도 순천시 연향상가8길 17, 4층",34.9518937155604,127.517453774601
SRC11_c21b0c4ec5e85cf8,전라남도시각장애인자립지원센터,"전라남도 목포시 미항로 19, 4층(상동,YM빌딩)",34.7963169041034,126.426745575036
SRC11_ff92760413365ff9,여수시시각장애인자립지원센터,전라남도 여수시 미평남1길 28-14(미평동),34.7632227390072,127.70526100959
SRC11_a3b3536714d84875,광양시각장애인자립지원센터,"전라남도 광양시 광장로 1, 1층",34.9385813839945,127.691484307546
SRC11_dbe864b106722734,농아노인복지센터,전라남도 목포시 원형서로 46-1,34.7966237782344,126.430729024342
SRC11_9b009c0472dfeb89,동부권 농아노인복지센터,전라남도 순천시 청사1길 8 1층,34.9491490252214,127.485035811731
SRC11_4f64049acc3e9d28,광양농아노인복지센터,전라남도 광양시 중촌길 44,34.9380695468823,127.693199378245
SRC11_be24819bec2a8f47,나주시농아노인복지센터,전라남도 나주시 내동길 9-3,35.0140790761473,126.713302543536
SRC11_ddabcce7e85655d3,목포장애인자립생활센터,전라남도 목포시 산정로152번길 53,34.8047776191474,126.397892541478
SRC11_595fac0a2117a335,유달장애인자립생활센터,"전라남도 목포시 산정로 148, 6층",34.8019105391484,126.39308120973
SRC11_424c32f7a46fb254,여수장애인자립생활센터,"전라남도 여수시 학동2길 22, 202호(프라임시티)",34.7653700997238,127.665523202975
SRC11_ca77ad3b9c88221b,여수라르쉬장애인자립생활센터,"전라남도 여수시 성산 2길 15, 2층",34.7780554543706,127.649685877765
SRC11_05f9ccf0504d8fe7,순천장애인자립생활센터,전라남도 순천시 장명로 58 (장천동) 순천문화원 3층,34.9507508453849,127.490250296859
SRC11_252d82a3e74903e9,순천팔마자립생활센터,"전라남도 순천시 충효로 127 (조례동), 3층",34.9501974172724,127.515353558453
SRC11_d683b1b892d7e2b7,나주장애인자립생활센터,전라남도 나주시 중앙로 34,35.0322735368687,126.719864687295
SRC11_cb83746cf9935bda,광양장애인자립생활센터,전라남도 광양시 광양읍 서평5길 20-10,34.9805819791528,127.576711075058
SRC11_4a2e4b8839e29e8b,화순장애인자립생활센터,전라남도 화순군 화순읍 일심4길 3-1,35.0570509643928,126.993242295434
SRC11_6fed4a2d5c63f814,무안장애인자립생활센터,"전라남도 무안군 삼향읍 대죽서로 15번길 36, 청우프라자 2층 202호",34.8124769964018,126.461276497409
SRC11_5ed7b19aa3ef7623,신안장애인자립생활센터,전라남도 신안군 압해읍 압해로 876-20,34.8660167559045,126.31286301019
SRC11_3f471410091e7a1b,나주변화장애인자립생활센터,"전라남도 나주시 그린로 355, 아주타워 407,8호",35.0181367121447,126.793882177616
SRC11_e2c991dd09185858,전남장애인편의증진기술지원센터,"전라남도 목포시 정의로30, 에메랄드 법조빌딩 501호",34.813379045518,126.446558463566
SRC11_cd81592b44c1f3f1,전남목포시장애인편의증진기술지원센터,전라남도 목포시 영산로 350-3,34.8055399395395,126.40425001227
SRC11_a00d30e4eabba355,전남여수시장애인편의증진기술지원센터,전라남도 여수시 만성로 173 (미평동),34.7732164801797,127.714676192674
SRC11_acd01f9e32823bf6,전남순천시장애인편의증진기술지원센터,전라남도 순천시 비봉2길 7-38,34.9704272221545,127.520840581697
SRC11_e479754d251764c3,전남나주시장애인편의증진기술지원센터,전라남도 나주시 늦은맛재길 9(나주시장애인연합회관 1층),35.0270856978022,126.709260797422
SRC11_83f6dfed13c0a0bd,전남광양시장애인편의증진기술지원센터,전라남도 광양시 광양읍 남등1길 72-4,34.97541732461,127.578279825703
SRC11_9ff6bb06e295be17,전남담양군장애인편의증진기술지원센터,전라남도 담양군 담양읍 천변5길 63,35.3147884236998,126.976635850696
SRC11_79d17fbcdffe8775,전남곡성군장애인편의증진기술지원센터,전라남도 곡성군 곡성읍 읍내 14길 12-1,35.2804357552985,127.296281454625
SRC11_87682269e2f815b5,전남구례군장애인편의증진기술지원센터,전라남도 구례군 구례읍 서시천로 106,35.2165914415059,127.465600916256
SRC11_760856d051c5de2f,전남고흥군장애인편의증진기술지원센터,"전라남도 고흥군 고흥읍 신계학림길 39,1층",34.6137772005578,127.287936455358
SRC11_79c2b985d1590db8,전남보성군장애인편의증진기술지원센터,전라남도 보성군 보성읍 현충로 186,34.7741945563464,127.086598879636
SRC11_b0fea4b5874f1cf8,전남화순군장애인편의증진기술지원센터,전라남도 화순군 화순읍 부처샘길 5-11,35.0677427769024,126.991526195853
SRC11_3e2b10c0ce67c8d6,전남장흥군장애인편의증진기술지원센터,전라남도 장흥군 장흥읍 북부로 73,34.6868544859151,126.909780908212
SRC11_fdc05c3381a08da6,전남강진군장애인편의증진기술지원센터,전라남도 강진군 강진읍 시장길 17-14,34.6403422261715,126.774118888728
SRC11_3c50d4dd25d7c71f,전남해남군장애인편의증진기술지원센터,전라남도 해남군 해남읍 신안길 2-21(다목적생활체육관 2층),34.5631765657979,126.607128087811
SRC11_d439bfdf474cb66f,전남무안군장애인편의증진기술지원센터,전라남도 무안군 무안읍 뻘낙지길 34 2층,34.9878109563769,126.477528029294
SRC11_87648c385c07c500,전남함평군장애인편의증진기술지원센터,전라남도 함평군 함평읍 남일길 238-59,35.076062481655,126.512704325833
SRC11_eebe87f18674a8d1,전남영광군장애인편의증진기술지원센터,전라남도 영광군 영광읍 옥당로60,35.2695677584943,126.507746127197
SRC11_c3ca064be312d5b4,전남장성군장애인편의증진기술지원센터,전라남도 장성군 장성읍 청운길 23,35.3019487785165,126.781336847628
SRC11_94bec4cf04ef0536,전남완도군장애인편의증진기술지원센터,전라남도 완도군 개포로12,34.3169789607221,126.750556942917
SRC11_ab21edef398e8a1f,전남진도군장애인편의증진기술지원센터,전라남도 진도군 진도읍 남산로 50-3,34.4718956018058,126.2591427335
SRC11_f4302e1917e1a33c,전남신안군장애인편의증진기술지원센터,전라남도 목포시 수강로 3번길 14,34.7844694313993,126.384966114652
SRC11_6b21eb3bdd15135b,장애인일자리종합지원센터,전라남도 목포시 신흥로83번길 5,34.8053295441838,126.428762618276
SRC11_0f3d05c37a15355f,장애인정보화지원센터,전라남도 목포시 영산로153번길 3,34.7961565406899,126.38713916608
SRC11_6a00fe3ac1f6c358,장애인권익옹호기관,전라남도 목포시 영산로 633(석현동),34.8218391329596,126.421852412083
SRC11_0f18941c91ba60b3,발달장애인지원센터,전라남도 무안군 삼향읍 후광대로 282 전문건설회관 4층,34.8139774097965,126.462385581873
SRC11_55d80d21a7036d0a,장애인민원상담센터,전라남도 목포시 신흥로 83번길 5 3층,34.8053295441838,126.428762618276
SRC11_8879352d937be17d,장애인보조기기센터,전라남도 순천시 제일대학길 17,34.9337880446778,127.48517292624
SRC11_c8c3574397d7eaa7,서부권발달장애인평생교육지원센터,전라남도 목포시 영산로 628,34.8211507831806,126.422317282138
SRC11_14643a5bb5b9ed27,동부권발달장애인평생교육지원센터,전라남도 순천시 야흥고개길 108,34.9119924458387,127.476965385266
SRC20_29defb8bb2887779,시일 건강타운,북하면 백양로 445,35.425998096796,126.846177015538
SRC20_a15c13896f634fb2,샤론의집,함평군 나산면 함장로 2229,35.1059977188212,126.593555387931
SRC20_a49aa981a8dd9d36,무지개장애인주간보호센터,함평군 학교면 학교화산길 16,35.048908204402,126.53587659089
SRC20_2eb4fa16b9e21fa1,함평군장애인보호작업장,함평군 함평읍 남일길 238-55,35.0756855214012,126.512342771785
SRC20_451489fc2ebad511,무지개장애인근로사업장,함평군 학교면 학교화산길 16,35.048908204402,126.53587659089
SRC20_913c76f0685d1945,활기찬노인 복지센터,영광군 영광읍 천년로10길 11,35.272916687766,126.498949163004
SRC20_4162e4cf3c3107cf,영광행복의집 재가노인복지센터,영광군 백수읍 백수로 793-37,35.2836490530334,126.397763549654
SRC20_b4c4aca7172caa92,행복한 노인복지센터,영광군 영광읍 백산길 5-1(2층),35.2765263171002,126.502613630165
SRC20_ef92a6884de81bfa,수애원재가 장기요양센터,"영광군 백수읍 백수로 1087-7, 나동",35.2804369700514,126.428219234653
SRC20_d59d13b92bf7fe00,글라라 노인복지센터,영광군 대마면 영장로10길 66,35.3183698262515,126.601381106696
SRC20_5a890c6342c948ae,영광원광 노인복지센터,영광읍 물무로2길 35-6,35.2776489022972,126.510296599343
SRC20_0896eda0972079ac,여민동락 노인복지센터,묘량면 묘량로 285,35.2578816381718,126.54364726348
SRC20_6baa69f7844fe76a,영광노인 복지센터,영광읍 신남로 268,35.274512074665,126.510760836715
SRC20_d2fe21e843154386,홍농노인 복지센터,홍농읍 동부로 75-8,35.3942029058661,126.454576987058
SRC20_ad0d07b28c06ac4b,청람노인 복지센터,영광읍 옥당로 233-16,35.2835820348145,126.498969536777
SRC20_e40f5a6c85597f72,영광노인복지센터 노인요양 공동생활가정,영광읍 신남로 268,35.274512074665,126.510760836715
SRC20_20d026be21b0d47d,이야기마을,묘량면 밀재로11길 2,35.2077503600549,126.570768037282
SRC20_181ab64fcd7ae3c8,참사랑요양원,영광읍 옥당로 54,35.2691165410124,126.508253311001
SRC20_f3b7aeeccf51577e,영광여산 실버복지센터,군남면 군불로 91-4,35.2377780982374,126.454100944018
SRC20_105629e19c6d216d,감사의집,영광읍 함영로 9길 35-2,35.255310569309,126.507482470111
SRC20_d0d7ce91aa0ef927,사랑의집,홍농읍 진덕로 107,35.41475721571,126.456904750567
SRC20_f5a55de74e89899b,복음의집,영광읍 옥당로 233-6,35.2834823079574,126.49978753308
SRC20_ad6ef7f4698757b9,영광노인전문요양원,영광읍 영광로 1066,35.2697753639009,126.491452190588
SRC20_3cc3614d6584fe2c,비룡요양원,영광읍 물무로 237-15,35.2686173676815,126.516141044645
SRC20_26c0bba8b2dccfd8,보배로운집,군서면 복호로 147,35.2922095714112,126.471256987745
SRC20_fa746d112019a3c9,해뜨는 집,홍농읍 동부로 126-13,35.3908172199999,126.459268735755
SRC20_bcccb57621ed8000,하누리 장애인주간보호센터,영광읍 덕호로 82-15,35.3102206916588,126.483123832634
SRC20_1be5727a27adebb6,홍농 장애인주간보호센터,홍농읍 동부로 126-13,35.3908172199999,126.459268735755
SRC20_ec842327a6663af8,영광사회복귀시설,영광읍 신남로 268,35.274512074665,126.510760836715
SRC20_44e2a82a660de606,새롬채,영광읍 신남로 264-4,35.2746513754076,126.51021506333
