"시설명","시설코드","시설종류명(시설유형)","시설종류상세명(시설종류)","자치구(시)구분","시군구코드","시군구명","시설주소","전화번호","우편번호"
"마하나임데이케어센터","A0494","(재가노인복지시설) 재가노인복지시설","재가노인복지시설","자치구","1129000000","성북구","서울특별시 성북구 성북로24길 4 (성북동)","",""
"강남노인복지센터","A0570","(재가노인복지시설) 재가노인복지시설","재가노인복지시설","자치구","1168000000","강남구","서울특별시 강남구 테헤란로52길 6, 906호 (역삼동,테헤란오피스빌딩)","",""
"한국시니어협회노인복지센터","A0681","(재가노인복지시설) 재가노인복지시설","재가노인복지시설","자치구","1159000000","동작구","서울특별시 동작구 상도로36길 31, 2층 (상도동)","",""
"목동종합사회복지관병설목동데이케어센터","A0707","(재가노인복지시설) 재가노인복지시설","재가노인복지시설","자치구","1147000000","양천구","서울특별시 양천구 목동중앙북로8길 104 (목동)","",""
"서울시 서대문구 재가노인복지기관","A0738","(재가노인복지시설) 재가노인복지시설","재가노인복지시설","자치구","1141000000","서대문구","서울특별시 서대문구 경기대로9길 62 (충정로3가)","",""
"서울시용산구재가노인복지기관","A0773","(재가노인복지시설) 재가노인복지시설","재가노인복지시설","자치구","1117000000","용산구","서울특별시 용산구 한강대로 69, 102동 26층 2611호 (한강로2가, 용산푸르지오써밋)","",""
"길음데이케어센터","A0789","(재가노인복지시설) 재가노인복지시설","재가노인복지시설","자치구","1129000000","성북구","서울특별시 성북구 삼양로2길 55, 2층 (길음동)","",""
"남산실버복지센터","A0839","(재가노인복지시설) 재가노인복지시설","재가노인복지시설","자치구","1114000000","중구","서울특별시 중구 동호로5길 189 (신당동)","",""
"행복창조노인복지센터","A0877","(재가노인복지시설) 재가노인복지시설","재가노인복지시설","자치구","1138000000","은평구","서울특별시 은평구 응암로21길 10 (응암동)","",""
"정수데이케어센터","A1000","(재가노인복지시설) 재가노인복지시설","재가노인복지시설","자치구","1120000000","성동구","서울특별시 성동구 한림말길 16-5 (옥수동)","",""
"우리모두데이케어센터","A1074","(재가노인복지시설) 재가노인복지시설","재가노인복지시설","자치구","1150000000","강서구","서울특별시 강서구 화곡로63가길 92 (등촌동)","",""
"시립동부치매단기보호센터","A1102","(재가노인복지시설) 재가노인복지시설","재가노인복지시설","자치구","1120000000","성동구","서울특별시 성동구 마장로23길 8 (홍익동)","",""
"시립동부데이케어센터","A1103","(재가노인복지시설) 재가노인복지시설","재가노인복지시설","자치구","1120000000","성동구","서울특별시 성동구 마장로23길 12 (홍익동)","",""
"서울시 강서구 재가노인복지기관","A1193","(재가노인복지시설) 재가노인복지시설","재가노인복지시설","자치구","1150000000","강서구","서울특별시 강서구 금낭화로 54-20, 3층 (방화동)","",""
"아현노인복지센터","A1216","(재가노인복지시설) 재가노인복지시설","재가노인복지시설","자치구","1144000000","마포구","서울특별시 마포구 마포대로26길 19 (아현동)","",""
"중계데이케어센터","A1372","(재가노인복지시설) 재가노인복지시설","재가노인복지시설","자치구","1135000000","노원구","서울특별시 노원구 덕릉로 662, 1,2층 (중계동, 중계3단지주공영구임대아파트)","",""
"상계데이케어센터","A1434","(재가노인복지시설) 재가노인복지시설","재가노인복지시설","자치구","1135000000","노원구","서울특별시 노원구 덕릉로115나길 25 (상계동)","",""
"갈현데이케어센터","A1605","(재가노인복지시설) 재가노인복지시설","재가노인복지시설","자치구","1138000000","은평구","서울특별시 은평구 통일로89길 12-6 (갈현동)","",""
"약수데이케어센터","A1609","(재가노인복지시설) 재가노인복지시설","재가노인복지시설","자치구","1159000000","동작구","서울특별시 동작구 양녕로36길 13 (상도동)","",""
"마포보사재가노인복지기관","A1676","(재가노인복지시설) 재가노인복지시설","재가노인복지시설","자치구","1144000000","마포구","서울특별시 마포구 성미산로29안길 30, 2층 (연남동)","",""
"서울시 송파구재가노인복지기관","A1717","(재가노인복지시설) 재가노인복지시설","재가노인복지시설","자치구","1171000000","송파구","서울특별시 송파구 백제고분로41길 19-24 (송파동)","",""
"효림데이케어센터","A1721","(재가노인복지시설) 재가노인복지시설","재가노인복지시설","자치구","1141000000","서대문구","서울특별시 서대문구 경기대로9길 62 (충정로3가)","",""
"서울시동대문구재가노인복지기관","A1722","(재가노인복지시설) 재가노인복지시설","재가노인복지시설","자치구","1123000000","동대문구","서울특별시 동대문구 장한로27가길 53 (장안동)","",""
"한빛데이케어센터","A1963","(재가노인복지시설) 재가노인복지시설","재가노인복지시설","자치구","1147000000","양천구","서울특별시 양천구 신월로11길 16, 5층 (신월동)","",""
"한사랑복지센터","A2055","(재가노인복지시설) 재가노인복지시설","재가노인복지시설","자치구","1162000000","관악구","서울특별시 관악구 은천로 83-1 (봉천동)","",""
"송파치매주.야간보호센터","A2065","(재가노인복지시설) 재가노인복지시설","재가노인복지시설","자치구","1171000000","송파구","서울특별시 송파구 백제고분로32길 41 (삼전동)","",""
"홍은데이케어센터","A2069","(재가노인복지시설) 재가노인복지시설","재가노인복지시설","자치구","1141000000","서대문구","서울특별시 서대문구 홍은중앙로9길 43, 2층 (홍은동)","",""
"노원1치매데이케어센터","A2104","(재가노인복지시설) 재가노인복지시설","재가노인복지시설","자치구","1135000000","노원구","서울특별시 노원구 월계로 372, 1층 (월계동, 사슴아파트1단지 노원1종합사회복지관)","",""
"궁동데이케어센터","A2252","(재가노인복지시설) 재가노인복지시설","재가노인복지시설","자치구","1153000000","구로구","서울특별시 구로구 부일로17길 158-4 (궁동)","",""
"그린리버노인복지센터","A2310","(재가노인복지시설) 재가노인복지시설","재가노인복지시설","자치구","1171000000","송파구","서울특별시 송파구 성내천로 189 (마천동)","",""
"신림다사랑노인복지센터","A2382","(재가노인복지시설) 재가노인복지시설","재가노인복지시설","자치구","1162000000","관악구","서울특별시 관악구 남부순환로 1534 (신림동,3층)","",""
"마포동부재가노인복지기관 ","A2419","(재가노인복지시설) 재가노인복지시설","재가노인복지시설","자치구","1144000000","마포구","서울특별시 마포구 만리재로 99, 2, 3층 (공덕동, 헤이븐 오피스텔)","",""
"구립영등포노인복지센터","A2526","(재가노인복지시설) 재가노인복지시설","재가노인복지시설","자치구","1156000000","영등포구","서울특별시 영등포구 선유서로34길 10 (양평동3가)","",""
"구립영등포노인복지센터","A2527","(재가노인복지시설) 재가노인복지시설","재가노인복지시설","자치구","1156000000","영등포구","서울특별시 영등포구 선유서로34길 10 (양평동3가)","",""
"다정노인복지센터","A2610","(재가노인복지시설) 재가노인복지시설","재가노인복지시설","자치구","1120000000","성동구","서울특별시 성동구 용답중앙11길 3-1 (용답동)","",""
"관악노인종합사회복지관 병설 관악데이케어센터","A2773","(재가노인복지시설) 재가노인복지시설","재가노인복지시설","자치구","1162000000","관악구","서울특별시 관악구 보라매로 35 (봉천동)","",""
"광진데이케어센터","A2777","(재가노인복지시설) 재가노인복지시설","재가노인복지시설","자치구","1121500000","광진구","서울특별시 광진구 군자로 88 (군자동)","",""
"시립서부데이케어센터","A2795","(재가노인복지시설) 재가노인복지시설","재가노인복지시설","자치구","1144000000","마포구","서울특별시 마포구 월드컵로36길 15 (성산동)","",""
"가양5데이케어센터","A2870","(재가노인복지시설) 재가노인복지시설","재가노인복지시설","자치구","1150000000","강서구","서울특별시 강서구 양천로57길 36 (가양동)","",""
"마포데이케어센터","A2905","(재가노인복지시설) 재가노인복지시설","재가노인복지시설","자치구","1144000000","마포구","서울특별시 마포구 서강로 68, 2층 (창전동, 마포노인종합복지관)","",""
"노인요양센터 인영실버","A2919","(재가노인복지시설) 재가노인복지시설","재가노인복지시설","자치구","1154500000","금천구","서울특별시 금천구 금하로 596 (시흥동, 인영실버빌딩)","",""
"기둥재가노인복지시설","A2958","(재가노인복지시설) 재가노인복지시설","재가노인복지시설","자치구","1126000000","중랑구","서울특별시 중랑구 면목로33길 50 (면목동,2층)","",""
"시립성북노인종합복지관 주간보호센터","A3223","(재가노인복지시설) 재가노인복지시설","재가노인복지시설","자치구","1129000000","성북구","서울특별시 성북구 종암로21길 21-4 (종암동)","",""
"구로노인종합복지관 병설 구로데이케어센터","A3269","(재가노인복지시설) 재가노인복지시설","재가노인복지시설","자치구","1153000000","구로구","서울특별시 구로구 새말로16길 7 (구로동)","",""
"엘림노인복지원","A3318","(재가노인복지시설) 재가노인복지시설","재가노인복지시설","자치구","1171000000","송파구","서울특별시 송파구 거마로3길 14-3 (거여동,2층)","",""
"서울예정재가노인복지센터","A3334","(재가노인복지시설) 재가노인복지시설","재가노인복지시설","자치구","1126000000","중랑구","서울특별시 중랑구 용마산로 3485동 1504호","",""
"시립서대문노인종합복지관데이케어센터","A3382","(재가노인복지시설) 재가노인복지시설","재가노인복지시설","자치구","1141000000","서대문구","서울특별시 서대문구 독립문로8길 57 (천연동)","",""
"중랑데이케어센터","A3397","(재가노인복지시설) 재가노인복지시설","재가노인복지시설","자치구","1126000000","중랑구","서울특별시 중랑구 겸재로9길 45 (면목동)","",""
"덕수노인복지센터","A3678","(재가노인복지시설) 재가노인복지시설","재가노인복지시설","자치구","1129000000","성북구","서울특별시 성북구 성북로28길 14 (성북동)","",""
"강남데이케어센터","A3755","(재가노인복지시설) 재가노인복지시설","재가노인복지시설","자치구","1168000000","강남구","서울특별시 강남구 삼성로 628 (삼성동)","",""
"동작데이케어센터","A3938","(재가노인복지시설) 재가노인복지시설","재가노인복지시설","자치구","1159000000","동작구","서울특별시 동작구 상도로11길 7 (대방동)","",""
"목련데이케어센터","A3989","(재가노인복지시설) 재가노인복지시설","재가노인복지시설","자치구","1168000000","강남구","서울특별시 강남구 개포로 617-8 (개포동)","",""
"용산데이케어센터","A4021","(재가노인복지시설) 재가노인복지시설","재가노인복지시설","자치구","1117000000","용산구","서울특별시 용산구 독서당로11길 16 (한남동)","",""
"서울시 강남구 재가노인복지기관","A4036","(재가노인복지시설) 재가노인복지시설","재가노인복지시설","자치구","1168000000","강남구","서울특별시 강남구 개포로24길 29, 지하호 (개포동)","",""
"구립영등포노인종합복지관병설데이케어센터","A4044","(재가노인복지시설) 재가노인복지시설","재가노인복지시설","자치구","1156000000","영등포구","서울특별시 영등포구 도림로 482 (문래동3가)","",""
"성동노인종합복지관 병설 성동데이케어센터","A4120","(재가노인복지시설) 재가노인복지시설","재가노인복지시설","자치구","1120000000","성동구","서울특별시 성동구 마조로 77 (마장동)","",""
"양천어르신종합복지관병설양천데이케어센터","A4153","(재가노인복지시설) 재가노인복지시설","재가노인복지시설","자치구","1147000000","양천구","서울특별시 양천구 목동로3길 106 (신정동)","",""
"시립은평노인종합복지관 병설 은평데이케어센터","A4163","(재가노인복지시설) 재가노인복지시설","재가노인복지시설","자치구","1138000000","은평구","서울특별시 은평구 연서로 415 (진관동)","",""
"노인통합지원센터","A4189","(재가노인복지시설) 재가노인복지시설","재가노인복지시설","자치구","1168000000","강남구","서울특별시 강남구 봉은사로24길 70 (역삼동)","",""
"시립강동노인복지관 데이케어센터","A4272","(재가노인복지시설) 재가노인복지시설","재가노인복지시설","자치구","1174000000","강동구","서울특별시 강동구 동남로71길 32-5 (명일동)","",""
"동대문노인종합복지관병설주간보호센터","A4284","(재가노인복지시설) 재가노인복지시설","재가노인복지시설","자치구","1123000000","동대문구","서울특별시 동대문구 제기로33길 25 (청량리동)","",""
"장수복지센터","A4339","(재가노인복지시설) 재가노인복지시설","재가노인복지시설","자치구","1141000000","서대문구","서울특별시 서대문구 응암로 145 (북가좌동,4층)","",""
"시립 강서노인복지관 데이케어센터","A4373","(재가노인복지시설) 재가노인복지시설","재가노인복지시설","자치구","1150000000","강서구","서울특별시 강서구 화곡로61길 85 (등촌동)","",""
"성모노인복지센터","A4583","(재가노인복지시설) 재가노인복지시설","재가노인복지시설","자치구","1165000000","서초구","서울특별시 서초구 효령로 53, 416호 (방배동, 방배오피스텔)","",""
"효노인복지센터","A4584","(재가노인복지시설) 재가노인복지시설","재가노인복지시설","자치구","1130500000","강북구","서울특별시 강북구 오현로 194 (번동)","",""
"강북노인복지센터","A4604","(재가노인복지시설) 재가노인복지시설","재가노인복지시설","자치구","1130500000","강북구","서울특별시 강북구 도봉로67길 48-6 (미아동)","",""
"서울중앙가정봉사원파견센터","A4623","(재가노인복지시설) 재가노인복지시설","재가노인복지시설","자치구","1130500000","강북구","서울특별시 강북구 월계로 53-3 (미아동)","",""
"아차산노인복지센터","A4801","(재가노인복지시설) 재가노인복지시설","재가노인복지시설","자치구","1121500000","광진구","서울특별시 광진구 긴고랑로 164 (중곡동,1층)","",""
"수실버주간보호","A4841","(재가노인복지시설) 재가노인복지시설","재가노인복지시설","자치구","1171000000","송파구","서울특별시 송파구 성내천로 212, 3, 4층 (마천동)","",""
"시립강북노인종합복지관병설 강북데이케어센터","A4874","(재가노인복지시설) 재가노인복지시설","재가노인복지시설","자치구","1130500000","강북구","서울특별시 강북구 삼양로92길 40 (수유동)","",""
"구립서대문데이케어센터","A4930","(재가노인복지시설) 재가노인복지시설","재가노인복지시설","자치구","1141000000","서대문구","서울특별시 서대문구 홍지문2길 59 (홍은동)","",""
"신목행복자리 데이케어센터","A4963","(재가노인복지시설) 재가노인복지시설","재가노인복지시설","자치구","1147000000","양천구","서울특별시 양천구 신목로 10 (신정동)","",""
"구립 역삼데이케어센터","A5002","(재가노인복지시설) 재가노인복지시설","재가노인복지시설","자치구","1168000000","강남구","서울특별시 강남구 도곡로27길 27 (역삼동)","",""
"서울시 종로구 재가노인복지기관","A5003","(재가노인복지시설) 재가노인복지시설","재가노인복지시설","자치구","1111000000","종로구","서울특별시 종로구 지봉로12나길 1, 지층 우측 102 (숭인동)","",""
"열린재가노인지원서비스센터","A5012","(재가노인복지시설) 재가노인복지시설","재가노인복지시설","자치구","1121500000","광진구","서울특별시 광진구 천호대로 591, 2층 (중곡동)","",""
"명화 데이케어센터","A5024","(재가노인복지시설) 재가노인복지시설","재가노인복지시설","자치구","1168000000","강남구","서울특별시 강남구 광평로51길 49 (수서동)","",""
"구립양천데이케어센터","A5052","(재가노인복지시설) 재가노인복지시설","재가노인복지시설","자치구","1147000000","양천구","서울특별시 양천구 신월로 26 (신정동)","",""
"종로데이케어센터","A5081","(재가노인복지시설) 재가노인복지시설","재가노인복지시설","자치구","1111000000","종로구","서울특별시 종로구 지봉로13길 82 (창신동)","",""
"애린단기보호센터","A5210","(재가노인복지시설) 재가노인복지시설","재가노인복지시설","자치구","1147000000","양천구","서울특별시 양천구 목동중앙남로3길 42 (목동,3층)","",""
"본마을데이케어센터","A5234","(재가노인복지시설) 재가노인복지시설","재가노인복지시설","자치구","1165000000","서초구","서울특별시 서초구 신원동 446 ","",""
"도봉실버데이케어센터","A5265","(재가노인복지시설) 재가노인복지시설","재가노인복지시설","자치구","1132000000","도봉구","서울특별시 도봉구 시루봉로 133 (방학동)","",""
"강서구립 봉제산데이케어센터","A5282","(재가노인복지시설) 재가노인복지시설","재가노인복지시설","자치구","1150000000","강서구","서울특별시 강서구 화곡동 산 41-16 ","",""
"서울시 동작구 재가노인복지기관","A5440","(재가노인복지시설) 재가노인복지시설","재가노인복지시설","자치구","1159000000","동작구","서울특별시 동작구 양녕로28길 41, 지1층 (상도동, 대왕주택)","",""
"서울시 성북구 재가노인복지기관","A5532","(재가노인복지시설) 재가노인복지시설","재가노인복지시설","자치구","1129000000","성북구","서울특별시 성북구 장월로1길 107, 301호 (하월곡동)","",""
"인덕재가노인복지센터","A5549","(재가노인복지시설) 재가노인복지시설","재가노인복지시설","자치구","1138000000","은평구","서울특별시 은평구 연서로48길 41 (진관동)","",""
"인덕데이케어센터","A5551","(재가노인복지시설) 재가노인복지시설","재가노인복지시설","자치구","1138000000","은평구","서울특별시 은평구 연서로48길 41 (진관동)","",""
"중구재가노인지원센터","A5556","(재가노인복지시설) 재가노인복지시설","재가노인복지시설","자치구","1114000000","중구","서울특별시 중구 퇴계로88길 37 (신당동)","",""
"연희데이케어센터","A5630","(재가노인복지시설) 재가노인복지시설","재가노인복지시설","자치구","1141000000","서대문구","서울특별시 서대문구 성산로 271 (연희동)","",""
"해피엘노인복지센터","A5644","(재가노인복지시설) 재가노인복지시설","재가노인복지시설","자치구","1121500000","광진구","서울특별시 광진구 자양로13길 47 (자양동)","",""
"구립동안명성데이케어센터","A5701","(재가노인복지시설) 재가노인복지시설","재가노인복지시설","자치구","1123000000","동대문구","서울특별시 동대문구 무학로28길 22-2 (용두동)","",""
"상록재가노인지원센터","A5801","(재가노인복지시설) 재가노인복지시설","재가노인복지시설","자치구","1162000000","관악구","서울특별시 관악구 남현길 63 (남현동)","",""
"민들레데이케어센터","A5813","(재가노인복지시설) 재가노인복지시설","재가노인복지시설","자치구","1171000000","송파구","서울특별시 송파구 성내천로 193 (마천동)","",""
"강동구립 해공데이케어센터","A5817","(재가노인복지시설) 재가노인복지시설","재가노인복지시설","자치구","1174000000","강동구","서울특별시 강동구 천중로17길 42-16 (천호동)","",""
"신명데이케어센터","A5823","(재가노인복지시설) 재가노인복지시설","재가노인복지시설","자치구","1138000000","은평구","서울특별시 은평구 증산로15길 47 (신사동)","",""
"보현데이케어센터","A5868","(재가노인복지시설) 재가노인복지시설","재가노인복지시설","자치구","1111000000","종로구","서울특별시 종로구 평창4길 21-22 (평창동)","",""
"수호데이케어센터","A5914","(재가노인복지시설) 재가노인복지시설","재가노인복지시설","자치구","1162000000","관악구","서울특별시 관악구 인헌길 161-9 (봉천동)","",""
"서초노인주간보호센터","A5933","(재가노인복지시설) 재가노인복지시설","재가노인복지시설","자치구","1165000000","서초구","서울특별시 서초구 강남대로30길 73-7 (양재동)","",""
"염리재가노인복지센터","A5985","(재가노인복지시설) 재가노인복지시설","재가노인복지시설","자치구","1144000000","마포구","서울특별시 마포구 숭문길 36-7 (염리동)","",""
"(복)노인낙원은파케어센터","A6058","(재가노인복지시설) 재가노인복지시설","재가노인복지시설","자치구","1165000000","서초구","서울특별시 서초구 방배로20길 17 (방배동)","",""
"(사)굿하트 전문사례관리 동작재가센터","A6173","(재가노인복지시설) 재가노인복지시설","재가노인복지시설","자치구","1159000000","동작구","서울특별시 동작구 양녕로28길 41 (상도동)","",""
"미아실버데이케어센터","A6258","(재가노인복지시설) 재가노인복지시설","재가노인복지시설","자치구","1130500000","강북구","서울특별시 강북구 미아동 223-18 ","",""
"아현실버데이케어센터","A6358","(재가노인복지시설) 재가노인복지시설","재가노인복지시설","자치구","1144000000","마포구","서울특별시 마포구 환일길 3 (아현동)","",""
"역촌데이케어센터","A6401","(재가노인복지시설) 재가노인복지시설","재가노인복지시설","자치구","1138000000","은평구","서울특별시 은평구 연서로3나길 11-30 (역촌동)","",""
"구립대치데이케어센터","A6437","(재가노인복지시설) 재가노인복지시설","재가노인복지시설","자치구","1168000000","강남구","서울특별시 강남구 역삼로69길 22 (대치동)","",""
"서울시 중랑구 재가노인복지기관","A6614","(재가노인복지시설) 재가노인복지시설","재가노인복지시설","자치구","1126000000","중랑구","서울특별시 중랑구 동일로160길 49 (묵동, 지층)","",""
"서울시 금천구 재가노인복지기관","A6676","(재가노인복지시설) 재가노인복지시설","재가노인복지시설","자치구","1154500000","금천구","서울특별시 금천구 시흥대로 399, 314, 314-1 (독산동, 시티렉스)","",""
"마포노인데이케어센터","A6761","(재가노인복지시설) 재가노인복지시설","재가노인복지시설","자치구","1144000000","마포구","서울특별시 마포구 만리재옛12길 6-2 (공덕동)","",""
"우영가정봉사원파견센터재가노인복지센터","A6797","(재가노인복지시설) 재가노인복지시설","재가노인복지시설","자치구","1111000000","종로구","서울특별시 종로구 김상옥로 18-5, 201호 (연지동)","",""
"구립성수1가2동서울숲데이케어센터","A6820","(재가노인복지시설) 재가노인복지시설","재가노인복지시설","자치구","1120000000","성동구","서울특별시 성동구 왕십리로5길 3, 3층 (성수동1가, 성수1가제2동 공공복합청사)","",""
"서초어르신행복e음센터","A7032","(재가노인복지시설) 재가노인복지시설","재가노인복지시설","자치구","1165000000","서초구","서울특별시 서초구 방배중앙로 159-6 (방배동)","",""
"마포서부재가노인복지기관","A7060","(재가노인복지시설) 재가노인복지시설","재가노인복지시설","자치구","1144000000","마포구","서울특별시 마포구 마포대로11길 44-81 (아현동, 2층)","",""
"서울시 노원구 재가노인복지기관","A7094","(재가노인복지시설) 재가노인복지시설","재가노인복지시설","자치구","1135000000","노원구","서울특별시 노원구 상계로23길 원터행복발전소 3 층","",""
"행복한세상복지센터","A7104","(재가노인복지시설) 재가노인복지시설","재가노인복지시설","자치구","1174000000","강동구","서울특별시 강동구 구천면로57길 24, 1층 (암사동)","",""
"서울시 구로구재가노인복지기관","A7117","(재가노인복지시설) 재가노인복지시설","재가노인복지시설","자치구","1153000000","구로구","서울특별시 구로구 디지털로27다길 65, B1층 (구로동)","",""
"은평어르신돌봄통합지원센터","A7277","(재가노인복지시설) 재가노인복지시설","재가노인복지시설","자치구","1138000000","은평구","서울특별시 은평구 연서로13길 29-7, 3층 (구산동, 은평어르신돌봄통합지원센터)","",""
"왕십리도선동데이케어센터","A7358","(재가노인복지시설) 재가노인복지시설","재가노인복지시설","자치구","1120000000","성동구","서울특별시 성동구 마장로 141 (상왕십리동)","",""
"참조은재가복지센타","A7362","(재가노인복지시설) 재가노인복지시설","재가노인복지시설","자치구","1135000000","노원구","서울특별시 노원구 월계로55길 3 (월계동, 사슴아파트3단지 상가 202호)","",""
"구산데이케어센터","A7380","(재가노인복지시설) 재가노인복지시설","재가노인복지시설","자치구","1138000000","은평구","서울특별시 은평구 연서로13길 29-7, 4층 (구산동)","",""
" 양원사랑데이케어센터","A7458","(재가노인복지시설) 재가노인복지시설","재가노인복지시설","자치구","1126000000","중랑구","서울특별시 중랑구 양원역로16길 103-31 (망우동)","",""
"동소문데이케어센터","A7596","(재가노인복지시설) 재가노인복지시설","재가노인복지시설","자치구","1129000000","성북구","서울특별시 성북구 동소문로11길 18, 101호 (동소문동4가, 삼총사타운)","",""
"청운데이케어센터","A7738","(재가노인복지시설) 재가노인복지시설","재가노인복지시설","자치구","1159000000","동작구","서울특별시 동작구 국사봉1길 145 (상도동)","",""
"평화행복한데이케어센터","A7770","(재가노인복지시설) 재가노인복지시설","재가노인복지시설","자치구","1135000000","노원구","서울특별시 노원구 노원로 331 (중계동)","",""
"청운실버데이케어센터","A7809","(재가노인복지시설) 재가노인복지시설","재가노인복지시설","자치구","1111000000","종로구","서울특별시 종로구 자하문로28길 29 (청운동)","",""
"시립중계노인전문요양원병설데이케어센터","A7837","(재가노인복지시설) 재가노인복지시설","재가노인복지시설","자치구","1135000000","노원구","서울특별시 노원구 섬밭로 313, 1층 (중계동, 시립중계요양원)","",""
"사회복지법인노인낙원은파복지사업소","A7850","(재가노인복지시설) 재가노인복지시설","재가노인복지시설","자치구","1165000000","서초구","서울특별시 서초구 명달로4길 77 (서초동)","",""
"송파버들데이케어센터","A7893","(재가노인복지시설) 재가노인복지시설","재가노인복지시설","자치구","1171000000","송파구","서울특별시 송파구 충민로 184 (장지동)","",""
"길음안나데이케어센터","A8009","(재가노인복지시설) 재가노인복지시설","재가노인복지시설","자치구","1129000000","성북구","서울특별시 성북구 길음로9길 46 (길음동)","",""
"대길홈케어센터","A8011","(재가노인복지시설) 재가노인복지시설","재가노인복지시설","자치구","1156000000","영등포구","서울특별시 영등포구 영등포로84길 24-14, 지하 1층 (신길동)","",""
"정릉데이케어센터","A8036","(재가노인복지시설) 재가노인복지시설","재가노인복지시설","자치구","1129000000","성북구","서울특별시 성북구 솔샘로 8 (정릉동)","",""
"상도데이케어센터","A8148","(재가노인복지시설) 재가노인복지시설","재가노인복지시설","자치구","1159000000","동작구","서울특별시 동작구 상도로39가길 7 (상도1동)","",""
"구립영등포노인케어센터 병설 엘림데이케어센터","A8203","(재가노인복지시설) 재가노인복지시설","재가노인복지시설","자치구","1156000000","영등포구","서울특별시 영등포구 도림로 482 (문래동3가)","",""
"중화데이케어센터","A8474","(재가노인복지시설) 재가노인복지시설","재가노인복지시설","자치구","1126000000","중랑구","서울특별시 중랑구 동일로138길 28 (중화동,구립중화경로복지관 병설)","",""
"보사노인케어센터","A8603","(재가노인복지시설) 재가노인복지시설","재가노인복지시설","자치구","1144000000","마포구","서울특별시 마포구 성미산로32길 51, 203호 (연남동)","",""
"창전데이케어센터","A8872","(재가노인복지시설) 재가노인복지시설","재가노인복지시설","자치구","1144000000","마포구","서울특별시 마포구 서강로1길 30, 4층 (창전동)","",""
"사랑나눔노인복지센터","A8896","(재가노인복지시설) 재가노인복지시설","재가노인복지시설","자치구","1153000000","구로구","서울특별시 구로구 구로동로 241","",""
"강남논현데이케어센터","A8948","(재가노인복지시설) 재가노인복지시설","재가노인복지시설","자치구","1168000000","강남구","서울특별시 강남구 논현로136길 5-8 (논현동)","",""
"서울시니어스타워(주)","A9021","(재가노인복지시설) 재가노인복지시설","재가노인복지시설","자치구","1150000000","강서구","서울특별시 강서구 화곡로68길 102 (등촌동)","",""
"희망주야간보호센터","A9042","(재가노인복지시설) 재가노인복지시설","재가노인복지시설","자치구","1153000000","구로구","서울특별시 구로구 중앙로 79 (고척동, 고척교회)","",""
"역삼재가노인데이케어센터","A9059","(재가노인복지시설) 재가노인복지시설","재가노인복지시설","자치구","1168000000","강남구","서울특별시 강남구 언주로71길 19, 3~5층 (역삼동)","",""
"구립용산노인데이케어센터","A9074","(재가노인복지시설) 재가노인복지시설","재가노인복지시설","자치구","1117000000","용산구","서울특별시 용산구 효창원로93길 51 (효창동)","",""
"서울시 성동구 재가노인복지기관","A9103","(재가노인복지시설) 재가노인복지시설","재가노인복지시설","자치구","1120000000","성동구","서울특별시 성동구 한림말길 16-5, 4층 (옥수동)","",""
"구립동안홍릉데이케어센터","A9244","(재가노인복지시설) 재가노인복지시설","재가노인복지시설","자치구","1123000000","동대문구","서울특별시 동대문구 홍릉로 81, 3층 (청량리동, 홍릉문화센터)","",""
"면목종합사회복지관병설 면목데이케어센터","A9254","(재가노인복지시설) 재가노인복지시설","재가노인복지시설","자치구","1126000000","중랑구","서울특별시 중랑구 면목동 1382 면목(아) 면목사회복지관 ","",""
"서울시 도봉구 재가노인복지기관","A9256","(재가노인복지시설) 재가노인복지시설","재가노인복지시설","자치구","1132000000","도봉구","서울특별시 도봉구 시루봉로 130 (방학동, 정목빌딩 4층)","",""
"훼미피아데이케어센터","A9313","(재가노인복지시설) 재가노인복지시설","재가노인복지시설","자치구","1150000000","강서구","서울특별시 강서구 공항대로39길 59 (등촌동,등촌4종합사회복지관내)","",""
"죽헌 미르데이센터(관악1호)","A9359","(재가노인복지시설) 재가노인복지시설","재가노인복지시설","자치구","1162000000","관악구","서울특별시 관악구 은천로 ","",""
"은평신사데이케어센터","A9360","(재가노인복지시설) 재가노인복지시설","재가노인복지시설","자치구","1138000000","은평구","서울특별시 은평구 은평로 6 (신사동)","",""
"불광데이케어센터","A9377","(재가노인복지시설) 재가노인복지시설","재가노인복지시설","자치구","1138000000","은평구","서울특별시 은평구 연서로32길 17-11 (불광동)","",""
"신당데이케어센터","A9412","(재가노인복지시설) 재가노인복지시설","재가노인복지시설","자치구","1114000000","중구","서울특별시 중구 다산로25길 6 (신당동)","",""
"서초구립방배데이케어센터","A9511","(재가노인복지시설) 재가노인복지시설","재가노인복지시설","자치구","1165000000","서초구","서울특별시 서초구 방배천로16길 5 (방배동)","",""
"구립당산데이케어센터","A9650","(재가노인복지시설) 재가노인복지시설","재가노인복지시설","자치구","1156000000","영등포구","서울특별시 영등포구 당산로29길 9, 2층 (당산동3가)","",""
"삼육서울병원재가노인복지센터","A9724","(재가노인복지시설) 재가노인복지시설","재가노인복지시설","자치구","1123000000","동대문구","서울특별시 동대문구 망우로 82 (휘경동,삼육서울병원)","",""
"서울시 강동구 재가노인복지기관","A9744","(재가노인복지시설) 재가노인복지시설","재가노인복지시설","자치구","1174000000","강동구","서울특별시 강동구 구천면로68나길 10-1 (천호동)","",""
"문정데이케어센터","A9757","(재가노인복지시설) 재가노인복지시설","재가노인복지시설","자치구","1171000000","송파구","서울특별시 송파구 동남로4길 36, 5층 (문정동)","",""
"죽헌 미르데이센터(성북1호)","A9782","(재가노인복지시설) 재가노인복지시설","재가노인복지시설","자치구","1129000000","성북구","서울특별시 성북구 보국문로 10 (정릉동,부광빌딩 5층)","",""
"강서구립 연지데이케어센터","A9794","(재가노인복지시설) 재가노인복지시설","재가노인복지시설","자치구","1150000000","강서구","서울특별시 강서구 화곡로58길 30-7 (화곡동)","",""
"한서재가노인복지센터","A9798","(재가노인복지시설) 재가노인복지시설","재가노인복지시설","자치구","1144000000","마포구","서울특별시 마포구 월드컵로13길 80, 1층 (망원동)","",""
"서울시강북구재가노인복지기관","A9810","(재가노인복지시설) 재가노인복지시설","재가노인복지시설","자치구","1130500000","강북구","서울특별시 강북구 삼양로 478, 2층 (수유동)","",""
"죽헌 미르데이센터(강동1호)","A9825","(재가노인복지시설) 재가노인복지시설","재가노인복지시설","자치구","1174000000","강동구","서울특별시 강동구 천호대로 1210 (둔촌동,은선빌딩 4층)","",""
"성모시니어스데이케어센터","A9881","(재가노인복지시설) 재가노인복지시설","재가노인복지시설","자치구","1150000000","강서구","서울특별시 강서구 곰달래로35길 85 (화곡동)","",""
"성동노인종합복지관병설성동데이케어센터","C0000006888","(재가노인복지시설) 재가노인복지시설","재가노인복지시설","자치구","1120000000","성동구","서울특별시 성동구 마조로 77 (마장동)","",""
"샬롬노인복지센터","C0000006990","(재가노인복지시설) 재가노인복지시설","재가노인복지시설","자치구","1120000000","성동구","서울특별시 성동구 광나루로 319 (송정동)","",""
"광진단기보호센터(광진노인종합복지관 부설)","C0000007095","(재가노인복지시설) 재가노인복지시설","재가노인복지시설","자치구","1121500000","광진구","서울특별시 광진구 군자로 88 (군자동)","",""
"광진어르신복지센터","C0000007187","(재가노인복지시설) 재가노인복지시설","재가노인복지시설","자치구","1121500000","광진구","서울특별시 광진구 자양로51길 11-25 (구의동)","",""
"광진데이케어센터","C0000007191","(재가노인복지시설) 재가노인복지시설","재가노인복지시설","자치구","1121500000","광진구","서울특별시 광진구 군자로 88 (군자동)","",""
"은천치매단기보호센터","C0000007273","(재가노인복지시설) 재가노인복지시설","재가노인복지시설","자치구","1123000000","동대문구","서울특별시 동대문구 장한로27가길 66 (장안동)","",""
"삼육간호보건대학부설삼육재가복지센타","C0000007303","(재가노인복지시설) 재가노인복지시설","재가노인복지시설","자치구","1123000000","동대문구","서울특별시 동대문구 망우로20가길 34-6 (휘경동)","",""
"동대문노인복지센터","C0000007409","(재가노인복지시설) 재가노인복지시설","재가노인복지시설","자치구","1123000000","동대문구","서울특별시 동대문구 답십리로 184 (답십리동)","",""
"새서울노인복지센터","C0000007411","(재가노인복지시설) 재가노인복지시설","재가노인복지시설","자치구","1123000000","동대문구","서울특별시 동대문구 사가정로 276-16 (장안동)","",""
"동대문노인종합복지관병설주간보호센터","C0000007435","(재가노인복지시설) 재가노인복지시설","재가노인복지시설","자치구","1123000000","동대문구","서울특별시 동대문구 제기로33길 25 (청량리동)","",""
"중랑구 재가노인복지센터","C0000007633","(재가노인복지시설) 재가노인복지시설","재가노인복지시설","자치구","1126000000","중랑구","서울특별시 중랑구 면목로 352 (면목동,3층)","",""
"길음주간보호소","C0000007721","(재가노인복지시설) 재가노인복지시설","재가노인복지시설","자치구","1129000000","성북구","서울특별시 성북구 삼양로8가길 32 (길음동)","",""
"참사랑가정봉사원파견센터","C0000008119","(재가노인복지시설) 재가노인복지시설","재가노인복지시설","자치구","1130500000","강북구","서울특별시 강북구 삼각산로 157 (수유동)","",""
"인덕재가노인복지센터(단기보호시설)","C0000008885","(재가노인복지시설) 재가노인복지시설","재가노인복지시설","자치구","1138000000","은평구","서울특별시 은평구 진관외동 488 ","",""
"백산재가노인복지시설","C0000011016","(재가노인복지시설) 재가노인복지시설","재가노인복지시설","자치구","1141000000","서대문구","서울특별시 서대문구 모래내로 285 (홍은동)","",""
"사랑노인복지센터","C0000011036","(재가노인복지시설) 재가노인복지시설","재가노인복지시설","자치구","1141000000","서대문구","서울특별시 서대문구 북아현로 85 (북아현동)","",""
"보사노인복지센터","C0000011315","(재가노인복지시설) 재가노인복지시설","재가노인복지시설","자치구","1144000000","마포구","서울특별시 마포구 동교로 132-3 (서교동)","",""
"서교노인복지센터","C0000011317","(재가노인복지시설) 재가노인복지시설","재가노인복지시설","자치구","1144000000","마포구","서울특별시 마포구 월드컵로8길 49 (서교동)","",""
"강서노인주간보호센터","C0000011713","(재가노인복지시설) 재가노인복지시설","재가노인복지시설","자치구","1150000000","강서구","서울특별시 강서구 양천로57길 36 (가양동)","",""
"가나안 사랑의 집","C0000012300","(재가노인복지시설) 재가노인복지시설","재가노인복지시설","자치구","1153000000","구로구","서울특별시 구로구 경인로15길 116-10 (오류동)","",""
"주현방문요양센터","C0000012704","(재가노인복지시설) 재가노인복지시설","재가노인복지시설","자치구","1156000000","영등포구","서울특별시 영등포구 가마산로 373 (대림동)","",""
"나래노인복지센터","C0000012902","(재가노인복지시설) 재가노인복지시설","재가노인복지시설","자치구","1159000000","동작구","서울특별시 동작구 여의대방로24길 92 (신대방동)","",""
"미르사랑","C0000013026","(재가노인복지시설) 재가노인복지시설","재가노인복지시설","자치구","1162000000","관악구","서울특별시 관악구 봉천로 575 (봉천동)","",""
"소리마을노인주간보호센터","C0000014162","(재가노인복지시설) 재가노인복지시설","재가노인복지시설","자치구","1174000000","강동구","서울특별시 강동구 구천면로 285 (천호동)","",""
"용산노인복지센터","C0100974498","(재가노인복지시설) 재가노인복지시설","재가노인복지시설","자치구","1117000000","용산구","서울특별시 용산구 한강로2가  2-11 대우아이빌 712호 ","",""
"정훈노인복지센터","C0102740134","(재가노인복지시설) 재가노인복지시설","재가노인복지시설","자치구","1130500000","강북구","서울특별시 강북구 오패산로28길 5-17 (미아동)","",""
"광진노인보호센터(주야간보호소)","C0102906284","(재가노인복지시설) 재가노인복지시설","재가노인복지시설","자치구","1121500000","광진구","서울특별시 광진구 뚝섬로58길 13 (자양동)","",""
"보사노인복지센터","C0103215834","(재가노인복지시설) 재가노인복지시설","재가노인복지시설","자치구","1144000000","마포구","서울특별시 마포구 동교로 132-3 (서교동)","",""
"가족사랑 대자연 재가요양센터","C0103277375","(재가노인복지시설) 재가노인복지시설","재가노인복지시설","자치구","1121500000","광진구","서울특별시 광진구 광장동 산 148-11 대오빌딩 6층 ","",""
"푸른요양원","C0104218950","(재가노인복지시설) 재가노인복지시설","재가노인복지시설","자치구","1130500000","강북구","서울특별시 강북구 도봉로81길 43 (수유동)","",""
"한사랑복지센터","C0106473750","(재가노인복지시설) 재가노인복지시설","재가노인복지시설","자치구","1162000000","관악구","서울특별시 관악구 은천로 83-1 (봉천동)","",""
"상록재가노인지원센터","C0108238226","(재가노인복지시설) 재가노인복지시설","재가노인복지시설","자치구","1162000000","관악구","서울특별시 관악구 남현길 63 (남현동)","",""
"감사하는사람들","C0109399574","(재가노인복지시설) 재가노인복지시설","재가노인복지시설","자치구","1156000000","영등포구","서울특별시 영등포구 대림로29길 19 (대림동,3층)","",""
"국제복지선교센터","C0109581295","(재가노인복지시설) 재가노인복지시설","재가노인복지시설","자치구","1162000000","관악구","서울특별시 관악구 청룡길 20 (봉천동)","",""
"은천소규모요양센터(나형)","C0109850895","(재가노인복지시설) 재가노인복지시설","재가노인복지시설","자치구","1123000000","동대문구","서울특별시 동대문구 장한로27가길 53 (장안동)","",""
"은천소규모요양센터(나형)","C0109859696","(재가노인복지시설) 재가노인복지시설","재가노인복지시설","자치구","1123000000","동대문구","서울특별시 동대문구 장한로27가길 53 (장안동)","",""
"광진재가노인지원센터","C0110000122","(재가노인복지시설) 재가노인복지시설","재가노인복지시설","자치구","1121500000","광진구","서울특별시 광진구 자양로 309, 2층 (구의동)","",""
"번동노인요양원","C0119031781","(재가노인복지시설) 재가노인복지시설","재가노인복지시설","자치구","1130500000","강북구","서울특별시 강북구 한천로105길 24, 202동 2층 (번동, 번동주공아파트)","",""
"한마음재가노인지원센터","C0119224507","(재가노인복지시설) 재가노인복지시설","재가노인복지시설","자치구","1117000000","용산구","서울특별시 용산구 효창원로48길 16 (용문동)","",""
"주심실버복지센터","C0120635524","(재가노인복지시설) 재가노인복지시설","재가노인복지시설","자치구","1126000000","중랑구","서울특별시 중랑구 면목동 100번지 1호","",""
"(A+) 서울방문간호요양센터","C0134244461","(재가노인복지시설) 재가노인복지시설","재가노인복지시설","자치구","1126000000","중랑구","서울특별시 중랑구 신내로16길 17, 106호 (신내동, 서울메디컬타워)","",""
"동행데이케어센터","C0137533127","(재가노인복지시설) 재가노인복지시설","재가노인복지시설","자치구","1129000000","성북구","서울특별시 성북구 오패산로1길 1, 2층 (하월곡동, 동진빌딩)","",""
"동소문데이케어센터","C0139117532","(재가노인복지시설) 재가노인복지시설","재가노인복지시설","자치구","1129000000","성북구","서울특별시 성북구 동소문로11길 18, 101호 (동소문동4가)","",""
"새봄재가노인복지센터","C0152003066","(재가노인복지시설) 재가노인복지시설","재가노인복지시설","자치구","1120000000","성동구","서울특별시 성동구 왕십리로31나길 18, 204호 (하왕십리동, 한신무학상가)","",""
"행복한단기보호센터","C0152096839","(재가노인복지시설) 재가노인복지시설","재가노인복지시설","자치구","1123000000","동대문구","서울특별시 동대문구 제기로 72, 3층 (제기동)","",""
"늘푸른돌봄센터","C0152521451","(재가노인복지시설) 재가노인복지시설","재가노인복지시설","자치구","1121500000","광진구","서울특별시 광진구 능동로 53, 2층 (자양동)","",""
"서울숲 단기보호센터","C0155017861","(재가노인복지시설) 재가노인복지시설","재가노인복지시설","자치구","1120000000","성동구","서울특별시 성동구 뚝섬로 401-2, 4층 (일산빌딩)","",""
"성심데이케어센터","C0155053057","(재가노인복지시설) 재가노인복지시설","재가노인복지시설","자치구","1132000000","도봉구","서울특별시 도봉구 도봉로 873, 5층 (도봉동, 화성빌딩)","",""
"(사)굿하트광진재가노인지원센터","C0156179797","(재가노인복지시설) 재가노인복지시설","재가노인복지시설","자치구","1121500000","광진구","서울특별시 광진구 천호대로 699, 302호 (구의동, 일천빌딩)","",""
"(협)효마을서대문복지촌1호","C0170711719","(재가노인복지시설) 재가노인복지시설","재가노인복지시설","자치구","1141000000","서대문구","서울특별시 서대문구 응암로 145, 4 (북가좌동)","",""
"더사랑데이케어센터","C0171186425","(재가노인복지시설) 재가노인복지시설","재가노인복지시설","자치구","1159000000","동작구","서울특별시 동작구 알마타길 21-42, 4 (대방동)","",""
"서울시재가노인복지센터","C0175576237","(재가노인복지시설) 재가노인복지시설","재가노인복지시설","자치구","1154500000","금천구","서울특별시 금천구 시흥대로102길 58 (독산동)","",""
"가천단기보호센터","C0176956083","(재가노인복지시설) 재가노인복지시설","재가노인복지시설","자치구","1126000000","중랑구","서울특별시 중랑구 신내로14길 13, 4층 (신내동)","",""
"행복한주야간보호센터","C0181384955","(재가노인복지시설) 재가노인복지시설","재가노인복지시설","자치구","1153000000","구로구","서울특별시 구로구 고척로 228-6 (고척동, 종만빌딩 5층)","",""
"상지재가장기요양기관","C0183514312","(재가노인복지시설) 재가노인복지시설","재가노인복지시설","자치구","1138000000","은평구","서울특별시 은평구 가좌로 292-6 (신사동)","",""
"구세군홍제데이케어센터","C0188916766","(재가노인복지시설) 재가노인복지시설","재가노인복지시설","자치구","1141000000","서대문구","서울특별시 서대문구 홍은중앙로 113, 3층 (홍은동, 홍은빌딩)","",""
"더시그넘하우스 데이케어센터","C0189678458","(재가노인복지시설) 재가노인복지시설","재가노인복지시설","자치구","1168000000","강남구","서울특별시 강남구 자곡로 204-25, 1층 (자곡동)","",""
"천세노인복지센터","C0191341384","(재가노인복지시설) 재가노인복지시설","재가노인복지시설","자치구","1153000000","구로구","서울특별시 구로구 경인로55길 21 (구로동)","",""
"효드림데이케어센터","C0191504143","(재가노인복지시설) 재가노인복지시설","재가노인복지시설","자치구","1147000000","양천구","서울특별시 양천구 곰달래로 47, 2층 (신월동)","",""
"여러분의 어르신복지센터","C0192063010","(재가노인복지시설) 재가노인복지시설","재가노인복지시설","자치구","1141000000","서대문구","서울특별시 서대문구 모래내로 309, 113호 (홍은동, 두산아파트상가)","",""
"엠더블유주야간보호시설","C0192479163","(재가노인복지시설) 재가노인복지시설","재가노인복지시설","자치구","1111000000","종로구","서울특별시 종로구 율곡로17길 7-38, 5층 (이화동)","",""
"노인돌봄센터 엄마를부탁해","C0193230819","(재가노인복지시설) 재가노인복지시설","재가노인복지시설","자치구","1174000000","강동구","서울특별시 강동구 양재대로 1319, 5층 (성내동)","",""
"엠더블유 요양원 병설 주야간보호센터","C0197938554","(재가노인복지시설) 재가노인복지시설","재가노인복지시설","자치구","1111000000","종로구","서울특별시 종로구 율곡로17길 7-38, 6층 (이화동)","",""
"닥터참사랑데이케어센터","C0199061348","(재가노인복지시설) 재가노인복지시설","재가노인복지시설","자치구","1117000000","용산구","서울특별시 용산구 원효로 155, 1.3층 (원효로2가, 민복빌딩)","",""
"닥터참사랑데이케어센터","C0199062022","(재가노인복지시설) 재가노인복지시설","재가노인복지시설","자치구","1117000000","용산구","서울특별시 용산구 원효로 155, 1.3층 (원효로2가, 민복빌딩)","",""
"풍납데이케어센터","C0200918123","(재가노인복지시설) 재가노인복지시설","재가노인복지시설","자치구","1171000000","송파구","서울특별시 송파구 강동대로3길 5 (풍납동)","",""
"문화촌데이케어센터","C0204723313","(재가노인복지시설) 재가노인복지시설","재가노인복지시설","자치구","1141000000","서대문구","서울특별시 서대문구 세검정로 95, 2,3층 (홍제동)","",""
"DMC실버케어","C0204729135","(재가노인복지시설) 재가노인복지시설","재가노인복지시설","자치구","1141000000","서대문구","서울특별시 서대문구 응암로 76, 4층 (북가좌동)","",""
"DMC실버케어","C0204740260","(재가노인복지시설) 재가노인복지시설","재가노인복지시설","자치구","1141000000","서대문구","서울특별시 서대문구 응암로 76, 4층 (북가좌동)","",""
"DMC 실버케어","C0204740472","(재가노인복지시설) 재가노인복지시설","재가노인복지시설","자치구","1141000000","서대문구","서울특별시 서대문구 응암로 76 (북가좌동)","",""
"DMC실버케어","C0204740501","(재가노인복지시설) 재가노인복지시설","재가노인복지시설","자치구","1141000000","서대문구","서울특별시 서대문구 응암로 76, 4층 (북가좌동)","",""
"은평사랑데이케어센터","C0204750329","(재가노인복지시설) 재가노인복지시설","재가노인복지시설","자치구","1138000000","은평구","서울특별시 은평구 은평로 185, B동 4층 (녹번동, 평암빌딩)","",""
"가나안재가복지센터","C0210263908","(재가노인복지시설) 재가노인복지시설","재가노인복지시설","자치구","1171000000","송파구","서울특별시 송파구 마천로51길 10 (마천동)","",""
"99팔팔재가노인복지센터","C0210552324","(재가노인복지시설) 재가노인복지시설","재가노인복지시설","자치구","1150000000","강서구","서울특별시 강서구 공항대로 426, 8층 812호 (화곡동)","",""
"보람방문요양센터","C0286033496","(재가노인복지시설) 재가노인복지시설","재가노인복지시설","자치구","1171000000","송파구","서울특별시 송파구 송이로33길 8, 1층 (문정동, 포레스트)","",""
"(주)참좋은 실버복지센터","C0289219756","(재가노인복지시설) 재가노인복지시설","재가노인복지시설","자치구","1174000000","강동구","서울특별시 강동구 양재대로 1339, 2층 207호 (성내동, 삼오빌딩)","",""
"홈앤널스방문간호센터","C0289478384","(재가노인복지시설) 재가노인복지시설","재가노인복지시설","자치구","1171000000","송파구","서울특별시 송파구 충민로 5, A동 3층 319호 (문정동, 송파한화오벨리스크)","",""
"아리아케어 방문요양 중구 충무센터","C0289498736","(재가노인복지시설) 재가노인복지시설","재가노인복지시설","자치구","1114000000","중구","서울특별시 중구 퇴계로50가길 2, 501호 (묵정동, 평화빌딩)","",""
"미소의료기","C0289618312","(재가노인복지시설) 재가노인복지시설","재가노인복지시설","자치구","1130500000","강북구","서울특별시 강북구 삼각산로 58 (수유동, 신관동 지하 B110호(수유동,국립재활원))","",""
"서서울어르신재가요양센터","C0289915752","(재가노인복지시설) 재가노인복지시설","재가노인복지시설","자치구","1147000000","양천구","서울특별시 양천구 남부순환로 431, 지하101호 (신월동)","",""
"마곡맑은샘방문요양재가센터","C0289954153","(재가노인복지시설) 재가노인복지시설","재가노인복지시설","자치구","1150000000","강서구","서울특별시 강서구 마곡중앙2로 35, 524호 (마곡동, 이너매스마곡2)","",""
"(주)가온사랑재가복지센터","C0290636665","(재가노인복지시설) 재가노인복지시설","재가노인복지시설","자치구","1135000000","노원구","서울특별시 노원구 동일로 1058, 3층 (공릉동)","",""
"수남플러스재가센터","C0291464369","(재가노인복지시설) 재가노인복지시설","재가노인복지시설","자치구","1135000000","노원구","서울특별시 노원구 한글비석로24라길 78, 1층 (상계동)","",""
"행복한 방문요양센터","C0291467886","(재가노인복지시설) 재가노인복지시설","재가노인복지시설","자치구","1153000000","구로구","서울특별시 구로구 개봉로15길 42, 1층 (개봉동)","",""
"백세만세의료기","C0291563816","(재가노인복지시설) 재가노인복지시설","재가노인복지시설","자치구","1121500000","광진구","서울특별시 광진구 광나루로 556, 1층 (구의동)","",""
"용산실버데이케어센터","C0292069708","(재가노인복지시설) 재가노인복지시설","재가노인복지시설","자치구","1117000000","용산구","서울특별시 용산구 원효로 67-8, 2층 (원효로4가)","",""
"수남 플러스 재가센터","C0292711521","(재가노인복지시설) 재가노인복지시설","재가노인복지시설","자치구","1135000000","노원구","서울특별시 노원구 한글비석로24라길 78, 1층 (상계동)","",""
"효사랑가득재가복지센터","C0293254535","(재가노인복지시설) 재가노인복지시설","재가노인복지시설","자치구","1111000000","종로구","서울특별시 종로구 창신길 131-1, 101호 (창신동)","",""
"수남 플러스 재가센터","C0293679526","(재가노인복지시설) 재가노인복지시설","재가노인복지시설","자치구","1135000000","노원구","서울특별시 노원구 한글비석로24라길 78, 1층 (상계동)","",""
"수남 플러스 재가센터","C0293739935","(재가노인복지시설) 재가노인복지시설","재가노인복지시설","자치구","1135000000","노원구","서울특별시 노원구 한글비석로24라길 78, 1층 (상계동)","",""
"은혜방문요양센터","C0294088277","(재가노인복지시설) 재가노인복지시설","재가노인복지시설","자치구","1171000000","송파구","서울특별시 송파구 한가람로 406, 2층 201호 (풍납동)","",""
"7월1일 재가복지센터","C0294575381","(재가노인복지시설) 재가노인복지시설","재가노인복지시설","자치구","1135000000","노원구","서울특별시 노원구 동일로 986, 101동 B113-1호 (공릉동, 노원 프레미어스 엠코)","",""
"(주)실버웨이복지법인 강북노인복지센터","C0294673909","(재가노인복지시설) 재가노인복지시설","재가노인복지시설","자치구","1130500000","강북구","서울특별시 강북구 도봉로 144, 3층 (미아동)","",""
"수남 플러스 재가센터","C0294705123","(재가노인복지시설) 재가노인복지시설","재가노인복지시설","자치구","1135000000","노원구","서울특별시 노원구 한글비석로24라길 78, 1층 (상계동)","",""
"영락재가센터","C0295734753","(재가노인복지시설) 재가노인복지시설","재가노인복지시설","자치구","1132000000","도봉구","서울특별시 도봉구 도당로 76, 5층 503호 (방학동, 방학프라자)","",""
"봄빛 어르신 재가복지센터","C0296834982","(재가노인복지시설) 재가노인복지시설","재가노인복지시설","자치구","1171000000","송파구","서울특별시 송파구 올림픽로 336 (방이동, 대우유토피아오피스텔 1406호)","",""
"블레스재가노인복지센터","C0296987289","(재가노인복지시설) 재가노인복지시설","재가노인복지시설","자치구","1126000000","중랑구","서울특별시 중랑구 면목로 352, 3층 (면목동)","",""
"강서실버센터","C0297048328","(재가노인복지시설) 재가노인복지시설","재가노인복지시설","자치구","1150000000","강서구","서울특별시 강서구 강서로45길 174, 4층 (내발산동)","",""
"한마음방문요양센터","C0297075184","(재가노인복지시설) 재가노인복지시설","재가노인복지시설","자치구","1135000000","노원구","서울특별시 노원구 덕릉로 804, 4층 403호 (상계동)","",""
"호산나방문요양센터","C0297453427","(재가노인복지시설) 재가노인복지시설","재가노인복지시설","자치구","1162000000","관악구","서울특별시 관악구 양녕로6길 5, 1층 (봉천동)","",""
"유케어포라이프","C0297453595","(재가노인복지시설) 재가노인복지시설","재가노인복지시설","자치구","1162000000","관악구","서울특별시 관악구 관악로 222, 2층 (봉천동)","",""
"효드림 재가복지센터","C0297770349","(재가노인복지시설) 재가노인복지시설","재가노인복지시설","자치구","1171000000","송파구","서울특별시 송파구 송파대로 408, 303호 (송파동)","",""
"메디재가노인센터","C0297770400","(재가노인복지시설) 재가노인복지시설","재가노인복지시설","자치구","1171000000","송파구","서울특별시 송파구 송파대로40길 8, 101호 (송파동)","",""
"함께가요재가복지센터","C0297770550","(재가노인복지시설) 재가노인복지시설","재가노인복지시설","자치구","1123000000","동대문구","서울특별시 동대문구 답십리로23길 127, 1층 (전농동)","",""
"당고개 데이케어센터","C0297770805","(재가노인복지시설) 재가노인복지시설","재가노인복지시설","자치구","1135000000","노원구","서울특별시 노원구 덕릉로126길 11, 2,4층 (상계동, 당고개 빌딩)","",""
"무지개방문요양센터","C0297770813","(재가노인복지시설) 재가노인복지시설","재가노인복지시설","자치구","1135000000","노원구","서울특별시 노원구 마들로 127, 상가동 1층 4호 (월계동)","",""
"봄날재가복지센터","C0297770814","(재가노인복지시설) 재가노인복지시설","재가노인복지시설","자치구","1114000000","중구","서울특별시 중구 장충단로7길 41, 1층 103호 (장충동2가)","",""
"시민재가센터","C0297770828","(재가노인복지시설) 재가노인복지시설","재가노인복지시설","자치구","1135000000","노원구","서울특별시 노원구 공릉로 325-7, 2층 (하계동)","",""
"함께가요복지센터","C0297771393","(재가노인복지시설) 재가노인복지시설","재가노인복지시설","자치구","1123000000","동대문구","서울특별시 동대문구 답십리로23길 127, 1층 (전농동)","",""
"함께가요복지센터","C0297771467","(재가노인복지시설) 재가노인복지시설","재가노인복지시설","자치구","1123000000","동대문구","서울특별시 동대문구 답십리로23길 127, 1층 (전농동)","",""
"함께가요복지센터","C0297771470","(재가노인복지시설) 재가노인복지시설","재가노인복지시설","자치구","1123000000","동대문구","서울특별시 동대문구 답십리로23길 127, 1층 (전농동)","",""
"카네이션재가복지센터","C0297772330","(재가노인복지시설) 재가노인복지시설","재가노인복지시설","자치구","1156000000","영등포구","서울특별시 영등포구 국회대로74길 20, 1109호 (여의도동)","",""
"함께가요복지센터","C0297772357","(재가노인복지시설) 재가노인복지시설","재가노인복지시설","자치구","1123000000","동대문구","서울특별시 동대문구 답십리로23길 127, 1층 (전농동)","",""
"송파한사랑재가센터","C0297772787","(재가노인복지시설) 재가노인복지시설","재가노인복지시설","자치구","1171000000","송파구","서울특별시 송파구 오금로36길 70, 2층 201호 (가락동)","",""
"가가호호A+방문요양센터","C0297783378","(재가노인복지시설) 재가노인복지시설","재가노인복지시설","자치구","1135000000","노원구","서울특별시 노원구 동일로241길 53, 상가동 2층 217호 (상계동)","",""
"성주재가복지센터","C0297796344","(재가노인복지시설) 재가노인복지시설","재가노인복지시설","자치구","1150000000","강서구","서울특별시 강서구 수명로 78, 601-일부호 (내발산동)","",""
"우리재가복지센터","C0297796369","(재가노인복지시설) 재가노인복지시설","재가노인복지시설","자치구","1132000000","도봉구","서울특별시 도봉구 덕릉로60다길 5, 1층 (창동)","",""
"강북방문요양센터","C0297796713","(재가노인복지시설) 재가노인복지시설","재가노인복지시설","자치구","1130500000","강북구","서울특별시 강북구 솔샘로 289-3 (미아동, 101호)","",""
"우리재가복지센터","C0297796956","(재가노인복지시설) 재가노인복지시설","재가노인복지시설","자치구","1156000000","영등포구","서울특별시 영등포구 대방천로8길 3, 101호 (신길동)","",""
"여의도재가복지센터","C0297796961","(재가노인복지시설) 재가노인복지시설","재가노인복지시설","자치구","1156000000","영등포구","서울특별시 영등포구 63로 40, 3층 613호 (여의도동, 라이프오피스텔)","",""
"드림재가복지센터","C0297797150","(재가노인복지시설) 재가노인복지시설","재가노인복지시설","자치구","1121500000","광진구","서울특별시 광진구 자양로13길 107, 2층 (자양동)","",""
"동그라미재가노인복지센터","C0297797335","(재가노인복지시설) 재가노인복지시설","재가노인복지시설","자치구","1165000000","서초구","서울특별시 서초구 강남대로8길 49, 201호 (양재동, 성지빌딩)","",""
"경희데이케어센터","C0297797428","(재가노인복지시설) 재가노인복지시설","재가노인복지시설","자치구","1150000000","강서구","서울특별시 강서구 수명로 74, 7층 701호 (내발산동)","",""
"참터재가복지센터","C0297797613","(재가노인복지시설) 재가노인복지시설","재가노인복지시설","자치구","1111000000","종로구","서울특별시 종로구 창신3길 10, 2층 (창신동)","",""
"송파한사랑재가센터","C0297797761","(재가노인복지시설) 재가노인복지시설","재가노인복지시설","자치구","1171000000","송파구","서울특별시 송파구 오금로36길 70, 2층 201호 (가락동)","",""
"탱고플러스","C0297797772","(재가노인복지시설) 재가노인복지시설","재가노인복지시설","자치구","1171000000","송파구","서울특별시 송파구 양재대로60길 3-17, 6층 (가락동)","",""
"집으로방문요양센터","C0297798239","(재가노인복지시설) 재가노인복지시설","재가노인복지시설","자치구","1162000000","관악구","서울특별시 관악구 쑥고개로 100, 2층 203호 (봉천동)","",""
"정다운재가방문요양센터","C0297798302","(재가노인복지시설) 재가노인복지시설","재가노인복지시설","자치구","1154500000","금천구","서울특별시 금천구 한내로 69-15, 1317동 102호 (독산동)","",""
"소망재가복지센터","C0297798339","(재가노인복지시설) 재가노인복지시설","재가노인복지시설","자치구","1130500000","강북구","서울특별시 강북구 수유로 74, 3층 302호 (수유동)","",""
"늘봄+방문요양센터","C0297798644","(재가노인복지시설) 재가노인복지시설","재가노인복지시설","자치구","1129000000","성북구","서울특별시 성북구 창경궁로35다길 100, 1층 (성북동)","",""
"꽃가람누리 재가복지센터","C0297798690","(재가노인복지시설) 재가노인복지시설","재가노인복지시설","자치구","1126000000","중랑구","서울특별시 중랑구 중랑역로 60-1, 201호 (중화동)","",""
"명성재가복지센터","C0297798785","(재가노인복지시설) 재가노인복지시설","재가노인복지시설","자치구","1174000000","강동구","서울특별시 강동구 양재대로121길 38, 2층 (천호동)","",""
"강동 늘푸른 방문요양센터","C0297798833","(재가노인복지시설) 재가노인복지시설","재가노인복지시설","자치구","1174000000","강동구","서울특별시 강동구 구천면로57길 37 (암사동, 102호)","",""
"1288참사랑실버복지센터","C0297798938","(재가노인복지시설) 재가노인복지시설","재가노인복지시설","자치구","1174000000","강동구","서울특별시 강동구 아리수로 427, 703호 (강일동)","",""
"웃음 더 드림 방문요양센터","C0297798939","(재가노인복지시설) 재가노인복지시설","재가노인복지시설","자치구","1174000000","강동구","서울특별시 강동구 올림픽로58길 23, 102호 (성내동)","",""
"날개재가복지센터","C0297799109","(재가노인복지시설) 재가노인복지시설","재가노인복지시설","자치구","1135000000","노원구","서울특별시 노원구 동일로 1379, 3층 303호 (상계동, 다모아빌딩)","",""
"노원민들레재가복지센터","C0297799130","(재가노인복지시설) 재가노인복지시설","재가노인복지시설","자치구","1135000000","노원구","서울특별시 노원구 공릉로59길 28, B1층 12호 (하계동, 미성아파트)","",""
"엔젤21세기방문요양센터","C0297799212","(재가노인복지시설) 재가노인복지시설","재가노인복지시설","자치구","1162000000","관악구","서울특별시 관악구 남부순환로 1622 (신림동)","",""
"다올재가복지센터","C0297799221","(재가노인복지시설) 재가노인복지시설","재가노인복지시설","자치구","1162000000","관악구","서울특별시 관악구 쑥고개로22길 48, 2층 (봉천동)","",""
"손&강 재가노인복지센터","C0297799228","(재가노인복지시설) 재가노인복지시설","재가노인복지시설","자치구","1156000000","영등포구","서울특별시 영등포구 영등포로37길 23, 301호 (영등포동5가)","",""
"스마일시니어 산들방문요양센터","C0297799374","(재가노인복지시설) 재가노인복지시설","재가노인복지시설","자치구","1132000000","도봉구","서울특별시 도봉구 해등로 118, 110호 (창동, 상아1차아파트 상가)","",""
"명지노인복지센터","C0297799470","(재가노인복지시설) 재가노인복지시설","재가노인복지시설","자치구","1138000000","은평구","서울특별시 은평구 연서로4길 8-6, 1층 (역촌동)","",""
"브니엘재가노인복지센터","C0297799474","(재가노인복지시설) 재가노인복지시설","재가노인복지시설","자치구","1138000000","은평구","서울특별시 은평구 증산서길 88, 1층 1호 (증산동)","",""
"글로리데이케어센터","C0297799495","(재가노인복지시설) 재가노인복지시설","재가노인복지시설","자치구","1162000000","관악구","서울특별시 관악구 난곡로 90-21, 4층 (신림동)","",""
"흑석데이케어센터","C0297800912","(재가노인복지시설) 재가노인복지시설","재가노인복지시설","자치구","1159000000","동작구","서울특별시 동작구 흑석한강로 13 (흑석동)","",""
"효사랑 돌봄 재가방문센터","C0297801316","(재가노인복지시설) 재가노인복지시설","재가노인복지시설","자치구","1168000000","강남구","서울특별시 강남구 봉은사로4길 4, 104호 (역삼동)","",""
"가인노인재가복지센터","C0297803404","(재가노인복지시설) 재가노인복지시설","재가노인복지시설","자치구","1130500000","강북구","서울특별시 강북구 노해로19길 12-11, 1층 (수유동)","",""
"우리데이케어센터","C0297803408","(재가노인복지시설) 재가노인복지시설","재가노인복지시설","자치구","1154500000","금천구","서울특별시 금천구 시흥대로 426, 7층 (독산동)","",""
"미소 재가요양 복지센터","C0297803519","(재가노인복지시설) 재가노인복지시설","재가노인복지시설","자치구","1154500000","금천구","서울특별시 금천구 시흥대로 97, 19동 237호 (시흥동)","",""
"담다노인재가복지센터","C0297803664","(재가노인복지시설) 재가노인복지시설","재가노인복지시설","자치구","1147000000","양천구","서울특별시 양천구 신월로38길 12, 2층 (신정동)","",""
"강북효안심재가복지센터","C0297808349","(재가노인복지시설) 재가노인복지시설","재가노인복지시설","자치구","1130500000","강북구","서울특별시 강북구 노해로33길 24, 1층 (수유동)","",""
"늘봄방문요양센터","C0297808401","(재가노인복지시설) 재가노인복지시설","재가노인복지시설","자치구","1138000000","은평구","서울특별시 은평구 수색로22나길 29 (수색동)","",""
"정다운방문요양센터","C0297808505","(재가노인복지시설) 재가노인복지시설","재가노인복지시설","자치구","1138000000","은평구","서울특별시 은평구 가좌로7길 18 (응암동)","",""
"대한방문요양센터","C0297808506","(재가노인복지시설) 재가노인복지시설","재가노인복지시설","자치구","1126000000","중랑구","서울특별시 중랑구 용마공원로2길 27, 1층 (망우동)","",""
"미소방문요양센터","C0297808530","(재가노인복지시설) 재가노인복지시설","재가노인복지시설","자치구","1162000000","관악구","서울특별시 관악구 난곡로 125 (신림동)","",""
"강동사랑데이케어센터","C0297808723","(재가노인복지시설) 재가노인복지시설","재가노인복지시설","자치구","1174000000","강동구","서울특별시 강동구 천호옛14길 37, 3층 (성내동)","",""
"노원민들레재가복지센터","C0297811775","(재가노인복지시설) 재가노인복지시설","재가노인복지시설","자치구","1135000000","노원구","서울특별시 노원구 공릉로59길 28, B1층 12호 (하계동, 미성상가)","",""
"A+은빛복지센터","C0297812695","(재가노인복지시설) 재가노인복지시설","재가노인복지시설","자치구","1171000000","송파구","서울특별시 송파구 거마로 99, 3,6층 (마천동)","",""
"은빛복지센터","C0297812697","(재가노인복지시설) 재가노인복지시설","재가노인복지시설","자치구","1171000000","송파구","서울특별시 송파구 거마로 99, 1,2층 (마천동)","",""
"온맘재가복지센터","C0297820068","(재가노인복지시설) 재가노인복지시설","재가노인복지시설","자치구","1156000000","영등포구","서울특별시 영등포구 도영로 80, 101동 208-2호 (도림동)","",""
"보은재가복지센터","C0297820311","(재가노인복지시설) 재가노인복지시설","재가노인복지시설","자치구","1130500000","강북구","서울특별시 강북구 수유로 32, 1층 (수유동)","",""
"'올바른노인복지센터","C0297820705","(재가노인복지시설) 재가노인복지시설","재가노인복지시설","자치구","1126000000","중랑구","서울특별시 중랑구 봉화산로3길 80, 1층 (묵동)","",""
"행복사랑재가복지센터","C0297823833","(재가노인복지시설) 재가노인복지시설","재가노인복지시설","자치구","1126000000","중랑구","서울특별시 중랑구 동일로160길 39, 102호 (묵동)","",""
" 나이팅게일노인복지센터","C0297823869","(재가노인복지시설) 재가노인복지시설","재가노인복지시설","자치구","1147000000","양천구","서울특별시 양천구 목동동로12길 23, 상가동 3층 301호 (목동, 목동대림아파트)","",""
"(A)+기쁨드림방문요양센터","C0297823906","(재가노인복지시설) 재가노인복지시설","재가노인복지시설","자치구","1138000000","은평구","서울특별시 은평구 역말로 19-11, 1층 (역촌동)","",""
"강동행복재가센타","C0297824185","(재가노인복지시설) 재가노인복지시설","재가노인복지시설","자치구","1174000000","강동구","서울특별시 강동구 양재대로136길 54, 2층 202호 (명일동)","",""
"늘사랑재가센터","C0297824186","(재가노인복지시설) 재가노인복지시설","재가노인복지시설","자치구","1174000000","강동구","서울특별시 강동구 구천면로62길 19, 1층 (천호동)","",""
"다시봄날 재가복지센터","C0297824218","(재가노인복지시설) 재가노인복지시설","재가노인복지시설","자치구","1121500000","광진구","서울특별시 광진구 뚝섬로32길 8, 102호 (자양동)","",""
"큰아들 재가복지센터","C0297824220","(재가노인복지시설) 재가노인복지시설","재가노인복지시설","자치구","1121500000","광진구","서울특별시 광진구 천호대로136길 64, 1층 (구의동)","",""
"현대메디컬","C0297824222","(재가노인복지시설) 재가노인복지시설","재가노인복지시설","자치구","1135000000","노원구","서울특별시 노원구 중계로14길 10, 203호 (중계동)","",""
"수실버재가센터","C0297824237","(재가노인복지시설) 재가노인복지시설","재가노인복지시설","자치구","1174000000","강동구","서울특별시 강동구 상암로 88-19, 101호 (천호동)","",""
"행복나눔방문요양센터","C0297824259","(재가노인복지시설) 재가노인복지시설","재가노인복지시설","자치구","1135000000","노원구","서울특별시 노원구 덕릉로 804, 208호 (상계동, 대림프라자)","",""
"이레효재가복지센터","C0297824281","(재가노인복지시설) 재가노인복지시설","재가노인복지시설","자치구","1135000000","노원구","서울특별시 노원구 동일로242길 95, 204호 (상계동, 수락현대아파트 상가)","",""
"주식회사 바이엘","C0297824293","(재가노인복지시설) 재가노인복지시설","재가노인복지시설","자치구","1168000000","강남구","서울특별시 강남구 선릉로90길 34, 8층 (대치동)","",""
"바른가족방문요양센터","C0297824295","(재가노인복지시설) 재가노인복지시설","재가노인복지시설","자치구","1168000000","강남구","서울특별시 강남구 개포로88길 6, 2층 3호 (개포동)","",""
"주식회사 도타이파크","C0297824296","(재가노인복지시설) 재가노인복지시설","재가노인복지시설","자치구","1168000000","강남구","서울특별시 강남구 자곡로 204-25, 1층 (자곡동)","",""
"한세재가노인복지센터","C0297824333","(재가노인복지시설) 재가노인복지시설","재가노인복지시설","자치구","1126000000","중랑구","서울특별시 중랑구 신내로 50-5 (신내동)","",""
"'실버랩","C0297824335","(재가노인복지시설) 재가노인복지시설","재가노인복지시설","자치구","1126000000","중랑구","서울특별시 중랑구 용마산로125가길 47, 202호 (신내동)","",""
"주식회사 도타이파크","C0297824341","(재가노인복지시설) 재가노인복지시설","재가노인복지시설","자치구","1168000000","강남구","서울특별시 강남구 자곡로 204-25, L층 (자곡동)","",""
"주식회사 도타이파크","C0297824343","(재가노인복지시설) 재가노인복지시설","재가노인복지시설","자치구","1168000000","강남구","서울특별시 강남구 자곡로 204-25, L층 (자곡동)","",""
"희망재가복지센터","C0297826787","(재가노인복지시설) 재가노인복지시설","재가노인복지시설","자치구","1111000000","종로구","서울특별시 종로구 통일로 150-5, 3층 (교남동)","",""
"A+선담방문요양센터","C0297830774","(재가노인복지시설) 재가노인복지시설","재가노인복지시설","자치구","1129000000","성북구","서울특별시 성북구 보문로 150, 202호 (삼선동5가)","",""
"더그린방문요양복지용구센터","C0297830780","(재가노인복지시설) 재가노인복지시설","재가노인복지시설","자치구","1171000000","송파구","서울특별시 송파구 마천로51길 25, 1층 151 외 4호 (마천동, 한보아파트상가)","",""
"케어로그 재가복지센터","C0297830855","(재가노인복지시설) 재가노인복지시설","재가노인복지시설","자치구","1129000000","성북구","서울특별시 성북구 월곡로5나길 2-1, 1층 (종암동)","",""
"두드림복지재가센터","C0297834000","(재가노인복지시설) 재가노인복지시설","재가노인복지시설","자치구","1147000000","양천구","서울특별시 양천구 남부순환로70길 12, 1층 (신월동)","",""
"엠케어노인재가복지센터","C0297834183","(재가노인복지시설) 재가노인복지시설","재가노인복지시설","자치구","1162000000","관악구","서울특별시 관악구 봉천로 445, 3층 (봉천동)","",""
"홍익인간방문요양센터","C0297850315","(재가노인복지시설) 재가노인복지시설","재가노인복지시설","자치구","1138000000","은평구","서울특별시 은평구 갈현로33길 10-1 (갈현동)","",""
"가온누리 재가복지센터","C0297850417","(재가노인복지시설) 재가노인복지시설","재가노인복지시설","자치구","1174000000","강동구","서울특별시 강동구 상암로15길 18, 1층 (암사동, 흥복빌리지)","",""
"강동어르신가정돌봄센터","C0297850597","(재가노인복지시설) 재가노인복지시설","재가노인복지시설","자치구","1174000000","강동구","서울특별시 강동구 풍성로 136, 110호 (성내동)","",""
"샬롬 재가복지센터","C0297850598","(재가노인복지시설) 재가노인복지시설","재가노인복지시설","자치구","1174000000","강동구","서울특별시 강동구 풍성로56길 42, 103호 (성내동)","",""
"사랑재가복지센터","C0297850615","(재가노인복지시설) 재가노인복지시설","재가노인복지시설","자치구","1135000000","노원구","서울특별시 노원구 덕릉로126길 35 (상계동)","",""
"늘봄재가노인복지센터","C0297856897","(재가노인복지시설) 재가노인복지시설","재가노인복지시설","자치구","1150000000","강서구","서울특별시 강서구 방화대로48길 40, 상가동 305호 (방화동, 도시개발공사아파트)","",""
"가람재가복지센터","C0297857007","(재가노인복지시설) 재가노인복지시설","재가노인복지시설","자치구","1154500000","금천구","서울특별시 금천구 독산로70길 25, 104호 (독산동)","",""
"케어닥 방문요양돌봄센터 상도파트너점","C0297857071","(재가노인복지시설) 재가노인복지시설","재가노인복지시설","자치구","1159000000","동작구","서울특별시 동작구 상도로 407-5 (상도동, 305호)","",""
"동작어르신재가센터","C0297857076","(재가노인복지시설) 재가노인복지시설","재가노인복지시설","자치구","1159000000","동작구","서울특별시 동작구 사당로 282 (사당동, 5층)","",""
"우리어르신재가복지센터","C0297857167","(재가노인복지시설) 재가노인복지시설","재가노인복지시설","자치구","1156000000","영등포구","서울특별시 영등포구 양평로18길 10, 103호 (양평동4가)","",""
"현대재가노인복지센터","C0298013741","(재가노인복지시설) 재가노인복지시설","재가노인복지시설","자치구","1123000000","동대문구","서울특별시 동대문구 한천로 443, 1층 (이문동)","",""
"찐 사랑나눔재가센터","C0298035414","(재가노인복지시설) 재가노인복지시설","재가노인복지시설","자치구","1126000000","중랑구","서울특별시 중랑구 면목로35길 25 (면목동)","",""
"찐 사랑나눔재가센터","C0298221064","(재가노인복지시설) 재가노인복지시설","재가노인복지시설","자치구","1126000000","중랑구","서울특별시 중랑구 면목로35길 25 (면목동)","",""
"동아의료기","C0298229293","(재가노인복지시설) 재가노인복지시설","재가노인복지시설","자치구","1126000000","중랑구","서울특별시 중랑구 동일로 786, 103호 (중화동, 두암빌딩)","",""
"꿈에그린 돌봄통합 재가어르신복지센터","C0298285837","(재가노인복지시설) 재가노인복지시설","재가노인복지시설","자치구","1147000000","양천구","서울특별시 양천구 월정로27길 10, 1층 좌측호 (신월동)","",""
"쉰들러 긴급이동 사회복지센터","C0298531090","(재가노인복지시설) 재가노인복지시설","재가노인복지시설","자치구","1135000000","노원구","서울특별시 노원구 중계로6나길 12-10 (중계동)","",""
"스마일재가복지센터","C0299279442","(재가노인복지시설) 재가노인복지시설","재가노인복지시설","자치구","1156000000","영등포구","서울특별시 영등포구 문래북로 108, B101호 (문래동3가, 문래동 태영 데시앙)","",""
"아라사회복지센터","C0299540847","(재가노인복지시설) 재가노인복지시설","재가노인복지시설","자치구","1171000000","송파구","서울특별시 송파구 마천로 229, 202호 (마천동)","",""
"아라사회복지센터","C0299541121","(재가노인복지시설) 재가노인복지시설","재가노인복지시설","자치구","1171000000","송파구","서울특별시 송파구 마천로 229, 202호 (마천동)","",""
"베들레헴데이케어센터","C0300065207","(재가노인복지시설) 재가노인복지시설","재가노인복지시설","자치구","1132000000","도봉구","서울특별시 도봉구 우이천로45길 22-9 (쌍문동)","",""
"보살핌 재가센터","C0300272065","(재가노인복지시설) 재가노인복지시설","재가노인복지시설","자치구","1168000000","강남구","서울특별시 강남구 테헤란로 151, 8층 816호 (역삼동)","",""
"삼성 재가복지센터","C0300272698","(재가노인복지시설) 재가노인복지시설","재가노인복지시설","자치구","1168000000","강남구","서울특별시 강남구 영동대로106길 23, 4층 (삼성동)","",""
"장솔노인복지센터","C0300489772","(재가노인복지시설) 재가노인복지시설","재가노인복지시설","자치구","1159000000","동작구","서울특별시 동작구 상도로15길 126, 2층 (상도동)","",""
"서울현대방문요양센터","C0301194980","(재가노인복지시설) 재가노인복지시설","재가노인복지시설","자치구","1156000000","영등포구","서울특별시 영등포구 선유로54길 13, 1층 (당산동6가)","",""
"아이레네주야간보호센터","C0301254400","(재가노인복지시설) 재가노인복지시설","재가노인복지시설","자치구","1153000000","구로구","서울특별시 구로구 남부순환로 1291, 8층 (가리봉동, 영진오피스 B동)","",""
"해피움데이케어센","C0301837377","(재가노인복지시설) 재가노인복지시설","재가노인복지시설","자치구","1114000000","중구","서울특별시 중구 충무로 56, 3층 4층 (을지로3가)","",""
"든든재가복지센터","C0302123626","(재가노인복지시설) 재가노인복지시설","재가노인복지시설","자치구","1141000000","서대문구","서울특별시 서대문구 응암로 116-10, 4층 501호 (북가좌동)","",""
"다사랑방문요양센터","C0302440660","(재가노인복지시설) 재가노인복지시설","재가노인복지시설","자치구","1174000000","강동구","서울특별시 강동구 구천면로47길 29-2, 1층 104호 (암사동)","",""
"더함재가복지센터","C0302683182","(재가노인복지시설) 재가노인복지시설","재가노인복지시설","자치구","1111000000","종로구","서울특별시 종로구 지봉로 81, 2층 202호 (창신동, 브라운스톤 창신)","",""
"더함재가복지센터","C0302683365","(재가노인복지시설) 재가노인복지시설","재가노인복지시설","자치구","1111000000","종로구","서울특별시 종로구 지봉로 81, 2층 202호 (창신동, 브라운스톤 창신)","",""
"돌봄플러스센터","C0304052614","(재가노인복지시설) 재가노인복지시설","재가노인복지시설","자치구","1121500000","광진구","서울특별시 광진구 긴고랑로 41, 4층 (중곡동)","",""
"샬롬나눔재가복지","C0304571093","(재가노인복지시설) 재가노인복지시설","재가노인복지시설","자치구","1156000000","영등포구","서울특별시 영등포구 신길로61길 19, 405호 (영등포동)","",""
"이레 재가방문요양센터","C0604926081","(재가노인복지시설) 재가노인복지시설","재가노인복지시설","자치구","1174000000","강동구","서울특별시 강동구 양재대로 1367, B2호 (성내동)","",""
"미소재가복지센터","C0604973337","(재가노인복지시설) 재가노인복지시설","재가노인복지시설","자치구","1162000000","관악구","서울특별시 관악구 인헌길 68, 204호 (봉천동)","",""
"A성북희망데이케어센터","C0605248736","(재가노인복지시설) 재가노인복지시설","재가노인복지시설","자치구","1129000000","성북구","서울특별시 성북구 동소문로 190, 302호, 402호 (돈암동)","",""
"미소재가복지센터","C0605262133","(재가노인복지시설) 재가노인복지시설","재가노인복지시설","자치구","1162000000","관악구","서울특별시 관악구 인헌길 68, 204호 (봉천동)","",""
"한양실버복지센터","C0605398338","(재가노인복지시설) 재가노인복지시설","재가노인복지시설","자치구","1150000000","강서구","서울특별시 강서구 강서로17길 144, 1층 (화곡동)","",""
"천사가족(+)재가센터","C0605410225","(재가노인복지시설) 재가노인복지시설","재가노인복지시설","자치구","1150000000","강서구","서울특별시 강서구 공항대로41길 66, 3층 304호 (등촌동, 세신등촌종합상가)","",""
"가자 하나로 재가복지센터","C0605490585","(재가노인복지시설) 재가노인복지시설","재가노인복지시설","자치구","1147000000","양천구","서울특별시 양천구 은행정로7길 23, 102호 (신정동, 도양빌리지)","",""
"은해재가복지센터","C0605516315","(재가노인복지시설) 재가노인복지시설","재가노인복지시설","자치구","1162000000","관악구","서울특별시 관악구 조원로16길 27, rk동 24호 (신림동)","",""
"돌곶이데이케어센터","C0605776123","(재가노인복지시설) 재가노인복지시설","재가노인복지시설","자치구","1129000000","성북구","서울특별시 성북구 화랑로30길 19 (석관동)","",""
"한마음재가센터","C0605789568","(재가노인복지시설) 재가노인복지시설","재가노인복지시설","자치구","1171000000","송파구","서울특별시 송파구 올림픽로35가길 11, 611호 (신천동, 한신잠실코아)","",""
"이화의료기","C0605859094","(재가노인복지시설) 재가노인복지시설","재가노인복지시설","자치구","1147000000","양천구","서울특별시 양천구 목동동로 431, 103동 (목동)","",""
"우리들재가복지센터","C0606101769","(재가노인복지시설) 재가노인복지시설","재가노인복지시설","자치구","1138000000","은평구","서울특별시 은평구 증산서길 88, 2층 (증산동)","",""
"정다운재가복지센터","C0606437828","(재가노인복지시설) 재가노인복지시설","재가노인복지시설","자치구","1162000000","관악구","서울특별시 관악구 신림로 206, 2층 (신림동, 태영빌딩)","",""
"한마음노인주야간보호센터","C0606697111","(재가노인복지시설) 재가노인복지시설","재가노인복지시설","자치구","1162000000","관악구","서울특별시 관악구 관악로 260, 지하2층 (봉천동, 에스클래스)","",""
"은헤재가복지센터","C0606768601","(재가노인복지시설) 재가노인복지시설","재가노인복지시설","자치구","1135000000","노원구","서울특별시 노원구 공릉로42길 21, 102호 (공릉동)","",""
"행복나눔 재가복지센터","C0607068530","(재가노인복지시설) 재가노인복지시설","재가노인복지시설","자치구","1120000000","성동구","서울특별시 성동구 청계천로 494, 121동 2층 212,213호 (하왕십리동)","",""
"허니재가방문요양센터","C0607380688","(재가노인복지시설) 재가노인복지시설","재가노인복지시설","자치구","1168000000","강남구","서울특별시 강남구 개포로 642, 3층 303호 (일원동)","",""
"영희재가요양센터","C0607386538","(재가노인복지시설) 재가노인복지시설","재가노인복지시설","자치구","1120000000","성동구","서울특별시 성동구 무수막길 54, B01호 (금호동2가)","",""
"좋은아침재가복지센터 노원점","C0607518011","(재가노인복지시설) 재가노인복지시설","재가노인복지시설","자치구","1135000000","노원구","서울특별시 노원구 노원로 331, 301동 108호 (중계동, 시영3단지목련아파트 상가)","",""
"문화촌데이케어센터","C0607592262","(재가노인복지시설) 재가노인복지시설","재가노인복지시설","자치구","1141000000","서대문구","서울특별시 서대문구 세검정로 95, 2층, 3층 (홍제동)","",""
"온누리 재가노인복지센터","C0607661206","(재가노인복지시설) 재가노인복지시설","재가노인복지시설","자치구","1120000000","성동구","서울특별시 성동구 금호산2길 6-1, 102호 (금호동3가)","",""
"미래방문요양센터","C0607681658","(재가노인복지시설) 재가노인복지시설","재가노인복지시설","자치구","1117000000","용산구","서울특별시 용산구 한강대로102길 21 (동자동)","",""
"새빛요양간호재가복지센터","C0607715081","(재가노인복지시설) 재가노인복지시설","재가노인복지시설","자치구","1171000000","송파구","서울특별시 송파구 오금로 191, 201호 (방이동)","",""
"송파365데이케어센터","C0607731274","(재가노인복지시설) 재가노인복지시설","재가노인복지시설","자치구","1171000000","송파구","서울특별시 송파구 거마로 12, 2층 (거여동)","",""
"(주)굿가이버 의료기기","C0607759491","(재가노인복지시설) 재가노인복지시설","재가노인복지시설","자치구","1171000000","송파구","서울특별시 송파구 문정로 7, 2층 (문정동)","",""
"효엔재가복지센터","C0607940262","(재가노인복지시설) 재가노인복지시설","재가노인복지시설","자치구","1130500000","강북구","서울특별시 강북구 삼양로 248, 1층 (미아동)","",""
"비타민재가복지센터","C0607940364","(재가노인복지시설) 재가노인복지시설","재가노인복지시설","자치구","1130500000","강북구","서울특별시 강북구 오현로9길 110 (미아동)","",""
"가온재가복지센터","C0607964445","(재가노인복지시설) 재가노인복지시설","재가노인복지시설","자치구","1126000000","중랑구","서울특별시 중랑구 면목로44마길 2, 1층 (면목동)","",""
"다정방문요양센터","C0607964761","(재가노인복지시설) 재가노인복지시설","재가노인복지시설","자치구","1138000000","은평구","서울특별시 은평구 서오릉로25길 16, 지하층 좌호 (구산동)","",""
"빠른케어 성동사업소","C0607968835","(재가노인복지시설) 재가노인복지시설","재가노인복지시설","자치구","1120000000","성동구","서울특별시 성동구 왕십리로28길 8-1, B1층 (도선동)","",""
"서울주간보호센터","C0607986768","(재가노인복지시설) 재가노인복지시설","재가노인복지시설","자치구","1138000000","은평구","서울특별시 은평구 통일로 641, 2~3층 (녹번동)","",""
"행복한재가노인복지센터","C0607987886","(재가노인복지시설) 재가노인복지시설","재가노인복지시설","자치구","1159000000","동작구","서울특별시 동작구 만양로8길 68, 1층 (노량진동)","",""
"정성재가복지센터","C0608005900","(재가노인복지시설) 재가노인복지시설","재가노인복지시설","자치구","1129000000","성북구","서울특별시 성북구 보문로 40, 605호 (보문동7가)","",""
"한마음재가복지센터","C0608014204","(재가노인복지시설) 재가노인복지시설","재가노인복지시설","자치구","1162000000","관악구","서울특별시 관악구 신사로20길 6, 202호 (신림동)","",""
"금빛재가복지센터","C0608018525","(재가노인복지시설) 재가노인복지시설","재가노인복지시설","자치구","1129000000","성북구","서울특별시 성북구 화랑로11길 26, 상가1층 185호, 186호 (하월곡동, 월곡갑을명가)","",""
"강남드림재가센터","C0608041599","(재가노인복지시설) 재가노인복지시설","재가노인복지시설","자치구","1168000000","강남구","서울특별시 강남구 개포로 516, 208호 (개포동, 주공6단지 상가)","",""
"효신재가복지센터","C0608041941","(재가노인복지시설) 재가노인복지시설","재가노인복지시설","자치구","1129000000","성북구","서울특별시 성북구 돌곶이로15길 27, 102호 (석관동)","",""
"효신재가복지센터","C0608041943","(재가노인복지시설) 재가노인복지시설","재가노인복지시설","자치구","1129000000","성북구","서울특별시 성북구 돌곶이로15길 27, 102호 (석관동)","",""
"효신재가복지센터","C0608041945","(재가노인복지시설) 재가노인복지시설","재가노인복지시설","자치구","1129000000","성북구","서울특별시 성북구 돌곶이로15길 27, 102호 (석관동)","",""
"효신재가복지센터","C0608041948","(재가노인복지시설) 재가노인복지시설","재가노인복지시설","자치구","1129000000","성북구","서울특별시 성북구 돌곶이로15길 27, 103호 (석관동)","",""
"한마음재가복지센터","C0608041949","(재가노인복지시설) 재가노인복지시설","재가노인복지시설","자치구","1129000000","성북구","서울특별시 성북구 돌곶이로22길 41, 1층 (석관동)","",""
"더가온데이케어센터","C0608042057","(재가노인복지시설) 재가노인복지시설","재가노인복지시설","자치구","1174000000","강동구","서울특별시 강동구 천호대로 1203, 6~7층 (길동)","",""
"백세재가복지센터","C0608045656","(재가노인복지시설) 재가노인복지시설","재가노인복지시설","자치구","1174000000","강동구","서울특별시 강동구 성안로9길 16, 201호 (성내동)","",""
"청연재가복지센터","C0608045995","(재가노인복지시설) 재가노인복지시설","재가노인복지시설","자치구","1121500000","광진구","서울특별시 광진구 광나루로 486, 507호 (구의동, 센트럴빌)","",""
"해피나눔 재가복지센터","C0608046007","(재가노인복지시설) 재가노인복지시설","재가노인복지시설","자치구","1121500000","광진구","서울특별시 광진구 구의로 43, 1층 101호 (구의동)","",""
"사랑마을재가복지센터","C0608048192","(재가노인복지시설) 재가노인복지시설","재가노인복지시설","자치구","1132000000","도봉구","서울특별시 도봉구 노해로69길 26, 303호 (창동)","",""
"100세돌봄센터","C0608048264","(재가노인복지시설) 재가노인복지시설","재가노인복지시설","자치구","1126000000","중랑구","서울특별시 중랑구 면목로38나길 22, 1층 (면목동)","",""
"송연재가방문요양센터","C0608048389","(재가노인복지시설) 재가노인복지시설","재가노인복지시설","자치구","1135000000","노원구","서울특별시 노원구 노원로16길 82, 1층 (하계동, 주공9단지 종합2상가 )","",""
"스마일재가노인복지센터","C0608048615","(재가노인복지시설) 재가노인복지시설","재가노인복지시설","자치구","1114000000","중구","서울특별시 중구 다산로 104, 305호 (신당동, 현대빌딩)","",""
"관악진성재가복지센터","C0608048623","(재가노인복지시설) 재가노인복지시설","재가노인복지시설","자치구","1162000000","관악구","서울특별시 관악구 조원로18길 3, 4층 (신림동)","",""
"서울재가노인복지센터","C0608048832","(재가노인복지시설) 재가노인복지시설","재가노인복지시설","자치구","1138000000","은평구","서울특별시 은평구 은평로16나길 3-15 (응암동)","",""
"신복지고향마을재가센터","C0608048833","(재가노인복지시설) 재가노인복지시설","재가노인복지시설","자치구","1138000000","은평구","서울특별시 은평구 서오릉로8길 3, 2층 (대조동, 백마빌딩)","",""
"가인재가복지센터","C0608049081","(재가노인복지시설) 재가노인복지시설","재가노인복지시설","자치구","1156000000","영등포구","서울특별시 영등포구 버드나루로 66, 303호 (영등포동7가, 대일빌딩)","",""
"이도컴퍼니 복지용구 쇼룸","C0608049091","(재가노인복지시설) 재가노인복지시설","재가노인복지시설","자치구","1156000000","영등포구","서울특별시 영등포구 양평로 157, 제지1층 제비106호 (양평동5가)","",""
"다올 재가복지센터","C0608049134","(재가노인복지시설) 재가노인복지시설","재가노인복지시설","자치구","1156000000","영등포구","서울특별시 영등포구 여의대방로 379 (여의도동)","",""
"연세휴데이케어센터","C0608063281","(재가노인복지시설) 재가노인복지시설","재가노인복지시설","자치구","1147000000","양천구","서울특별시 양천구 남부순환로 434, 2층, 3층 일부층 (신월동)","",""
"따뜻한 손길","C0608063320","(재가노인복지시설) 재가노인복지시설","재가노인복지시설","자치구","1147000000","양천구","서울특별시 양천구 오목로30길 27, 1층 (신정동)","",""
"목동효사랑데이케어센터 방문요양센터","C0608063322","(재가노인복지시설) 재가노인복지시설","재가노인복지시설","자치구","1147000000","양천구","서울특별시 양천구 오목로 193, 3층 (신정동)","",""
"따뜻한세상재가복지센터","C0608063363","(재가노인복지시설) 재가노인복지시설","재가노인복지시설","자치구","1153000000","구로구","서울특별시 구로구 새말로 93, 2층 204호 (구로동, 신도림태영타운 제상가2동)","",""
"한결처럼재가복지센터","C0608063572","(재가노인복지시설) 재가노인복지시설","재가노인복지시설","자치구","1129000000","성북구","서울특별시 성북구 정릉로 251, 5층 505호 (정릉동)","",""
"가은재가센터","C0608063633","(재가노인복지시설) 재가노인복지시설","재가노인복지시설","자치구","1130500000","강북구","서울특별시 강북구 삼양로97길 5, 1층 (수유동)","",""
"더편한실버센터","C0608064123","(재가노인복지시설) 재가노인복지시설","재가노인복지시설","자치구","1153000000","구로구","서울특별시 구로구 경인로 236, 103동 802호 (오류동)","",""
"보드미재가복지센터","C0608070189","(재가노인복지시설) 재가노인복지시설","재가노인복지시설","자치구","1117000000","용산구","서울특별시 용산구 효창원로37다길 1 (용문동, 2층)","",""
"보드미재가복지센터","C0608070239","(재가노인복지시설) 재가노인복지시설","재가노인복지시설","자치구","1117000000","용산구","서울특별시 용산구 원효로 68, 3층 301-2호 (원효로4가)","",""
"서울덕수재가복지센터","C0608070319","(재가노인복지시설) 재가노인복지시설","재가노인복지시설","자치구","1156000000","영등포구","서울특별시 영등포구 당산로 84, 4층 (당산동1가)","",""
"맑은샘복지센터","C0608070522","(재가노인복지시설) 재가노인복지시설","재가노인복지시설","자치구","1129000000","성북구","서울특별시 성북구 화랑로40길 22-23 (석관동)","",""
"참사랑 재가복지센터","C0608070673","(재가노인복지시설) 재가노인복지시설","재가노인복지시설","자치구","1126000000","중랑구","서울특별시 중랑구 겸재로30길 15, 1층 (면목동)","",""
"다사랑노인재가센터","C0608070832","(재가노인복지시설) 재가노인복지시설","재가노인복지시설","자치구","1129000000","성북구","서울특별시 성북구 돌곶이로8가길 29 (석관동)","",""
"노원효사랑 재가복지센터","C0608070941","(재가노인복지시설) 재가노인복지시설","재가노인복지시설","자치구","1135000000","노원구","서울특별시 노원구 동일로182길 47-7, 101호 (공릉동)","",""
"모니카 복지용구센터","C0608070950","(재가노인복지시설) 재가노인복지시설","재가노인복지시설","자치구","1135000000","노원구","서울특별시 노원구 한글비석로 396, 108동 211호 (상계동, 벽산아파트)","",""
"한세데이케어센터","C0608070964","(재가노인복지시설) 재가노인복지시설","재가노인복지시설","자치구","1135000000","노원구","서울특별시 노원구 덕릉로126다길 7-7, 1층 (상계동)","",""
"주맘방문요양센터","C0608070976","(재가노인복지시설) 재가노인복지시설","재가노인복지시설","자치구","1135000000","노원구","서울특별시 노원구 한글비석로 422, 5층 (상계동)","",""
"실버벨방문요양센터","C0608071131","(재가노인복지시설) 재가노인복지시설","재가노인복지시설","자치구","1138000000","은평구","서울특별시 은평구 수색로 260, 3층 (수색동)","",""
"보아드림노인복지센터","C0608071142","(재가노인복지시설) 재가노인복지시설","재가노인복지시설","자치구","1138000000","은평구","서울특별시 은평구 통일로 780, 상가동 3층 4호 (불광동, 미성아파트)","",""
"스마일시니어 가온재가복지센터","C0608071149","(재가노인복지시설) 재가노인복지시설","재가노인복지시설","자치구","1138000000","은평구","서울특별시 은평구 은평로11길 5, 2층 좌측호 (응암동)","",""
"참돌봄 재가노인복지센터","C0608074198","(재가노인복지시설) 재가노인복지시설","재가노인복지시설","자치구","1159000000","동작구","서울특별시 동작구 사당로17길 8 (사당동, 223호, 226호)","",""
"온유재가복지센터","C0608074332","(재가노인복지시설) 재가노인복지시설","재가노인복지시설","자치구","1141000000","서대문구","서울특별시 서대문구 통일로34길 35, 1동 2층 15-16호호 (홍제동)","",""
"한소망방문요양복지센터","C0608074432","(재가노인복지시설) 재가노인복지시설","재가노인복지시설","자치구","1154500000","금천구","서울특별시 금천구 독산로 45, 1층 (시흥동)","",""
"아리아케어 방문요양 도봉 쌍문센터","C0608074813","(재가노인복지시설) 재가노인복지시설","재가노인복지시설","자치구","1132000000","도봉구","서울특별시 도봉구 노해로 137, 4층 (쌍문동)","",""
"우리동네 방문요양센터","C0608074988","(재가노인복지시설) 재가노인복지시설","재가노인복지시설","자치구","1132000000","도봉구","서울특별시 도봉구 시루봉로 56, 1층 108호 (쌍문동)","",""
"미래다나재가복지센터","C0608078231","(재가노인복지시설) 재가노인복지시설","재가노인복지시설","자치구","1153000000","구로구","서울특별시 구로구 구로중앙로7길 35-2 (구로동)","",""
"희망샘복지센터","C0608078477","(재가노인복지시설) 재가노인복지시설","재가노인복지시설","자치구","1126000000","중랑구","서울특별시 중랑구 봉화산로27길 32, 상가동 203호 (중화동, 극동아파트)","",""
"성산방문요양센터","C0608078485","(재가노인복지시설) 재가노인복지시설","재가노인복지시설","자치구","1144000000","마포구","서울특별시 마포구 월드컵로 161, 4층 (망원동)","",""
"사랑가득 재가복지센터","C0608078492","(재가노인복지시설) 재가노인복지시설","재가노인복지시설","자치구","1147000000","양천구","서울특별시 양천구 신월동 439번지 18호 4호","",""
"더나은노인재가복지센터","C0608078513","(재가노인복지시설) 재가노인복지시설","재가노인복지시설","자치구","1147000000","양천구","서울특별시 양천구 목동로23길 25, 1층 101호 (신정동)","",""
"사랑재가방문요양센터","C0608078514","(재가노인복지시설) 재가노인복지시설","재가노인복지시설","자치구","1130500000","강북구","서울특별시 강북구 한천로109가길 37, 3층 (번동)","",""
"참사랑전문케어","C0608078765","(재가노인복지시설) 재가노인복지시설","재가노인복지시설","자치구","1156000000","영등포구","서울특별시 영등포구 대림로 167, 4층 401호 (대림동)","",""
"(A+)성산방문요양센터","C0608078791","(재가노인복지시설) 재가노인복지시설","재가노인복지시설","자치구","1144000000","마포구","서울특별시 마포구 월드컵로 161, 4층 (망원동, 금풍빌딩)","",""
"마포어르신방문재가센터","C0608078794","(재가노인복지시설) 재가노인복지시설","재가노인복지시설","자치구","1144000000","마포구","서울특별시 마포구 월드컵북로 233, 208-1호 (성산동, 제1상가동)","",""
"강남고운재가노인복지센터","C0608078868","(재가노인복지시설) 재가노인복지시설","재가노인복지시설","자치구","1168000000","강남구","서울특별시 강남구 언주로 3 (개포동, 개포6차우성아파트상가 201호)","",""
"청신호 방문요양센터","C0608079049","(재가노인복지시설) 재가노인복지시설","재가노인복지시설","자치구","1168000000","강남구","서울특별시 강남구 자곡로3길 21, 502동 1134호 (자곡동, 엘에이치강남힐스테이트)","",""
"구립연희안산데이케어센터","C0608082290","(재가노인복지시설) 재가노인복지시설","재가노인복지시설","자치구","1141000000","서대문구","서울특별시 서대문구 연희로29길 5 (연희동)","",""
"은희재가복지센터","C0608082350","(재가노인복지시설) 재가노인복지시설","재가노인복지시설","자치구","1150000000","강서구","서울특별시 강서구 공항대로 351-21, 상가동 205호 (등촌동, 진로아파트)","",""
"다온복지용구","C0608082509","(재가노인복지시설) 재가노인복지시설","재가노인복지시설","자치구","1114000000","중구","서울특별시 중구 소공로 116, 6층 605호 (소공동)","",""
"다온 복지용구","C0608082854","(재가노인복지시설) 재가노인복지시설","재가노인복지시설","자치구","1114000000","중구","서울특별시 중구 소공로 116, 6층 605호 (소공동)","",""
"목동재가노인복지센터","C0608087349","(재가노인복지시설) 재가노인복지시설","재가노인복지시설","자치구","1147000000","양천구","서울특별시 양천구 목동중앙북로 57, 103호 (목동, 나사렛성결회 총회본부 )","",""
"양천효사랑재가복지센터","C0608087356","(재가노인복지시설) 재가노인복지시설","재가노인복지시설","자치구","1147000000","양천구","서울특별시 양천구 신월로 255, 4층 (신월동, 가인빌딩)","",""
"해솔 메디칼","C0608087542","(재가노인복지시설) 재가노인복지시설","재가노인복지시설","자치구","1123000000","동대문구","서울특별시 동대문구 약령시로17길 59-18, 1층 (제기동)","",""
"효누리재가복지센터","C0608087676","(재가노인복지시설) 재가노인복지시설","재가노인복지시설","자치구","1138000000","은평구","서울특별시 은평구 갈현로23길 15, 202호 (갈현동, 데미안빌)","",""
"또바기재가복지센터","C0608087680","(재가노인복지시설) 재가노인복지시설","재가노인복지시설","자치구","1138000000","은평구","서울특별시 은평구 통일로72길 13, 1층 (불광동)","",""
"해담방문요양재가센터","C0608087748","(재가노인복지시설) 재가노인복지시설","재가노인복지시설","자치구","1135000000","노원구","서울특별시 노원구 공릉로34길 62, 1층 103호 (공릉동, 태강아파트 제상가동)","",""
"예스재가복지센터","C0608087913","(재가노인복지시설) 재가노인복지시설","재가노인복지시설","자치구","1162000000","관악구","서울특별시 관악구 청룡길 102, 103호 (봉천동)","",""
"라온데이케어센터","C0608088064","(재가노인복지시설) 재가노인복지시설","재가노인복지시설","자치구","1156000000","영등포구","서울특별시 영등포구 디지털로51길 10, 2,3,4층 (대림동)","",""
"우리집방문요양센터","C0608091356","(재가노인복지시설) 재가노인복지시설","재가노인복지시설","자치구","1171000000","송파구","서울특별시 송파구 마천로51길 37, 2층 (마천동)","",""
"브니엘 복지센터","C0608091364","(재가노인복지시설) 재가노인복지시설","재가노인복지시설","자치구","1171000000","송파구","서울특별시 송파구 송파대로24길 12, 305호 (가락동, 가락한신상가)","",""
"건강한 재가복지센터","C0608092038","(재가노인복지시설) 재가노인복지시설","재가노인복지시설","자치구","1141000000","서대문구","서울특별시 서대문구 통일로39길 43, 1층 (홍제동)","",""
"효마을 중랑주간센터","C0608095169","(재가노인복지시설) 재가노인복지시설","재가노인복지시설","자치구","1126000000","중랑구","서울특별시 중랑구 용마공원로3길 24-10, 지층 (망우동)","",""
"아리아케어 방문요양 동작상도센터","C0608095193","(재가노인복지시설) 재가노인복지시설","재가노인복지시설","자치구","1159000000","동작구","서울특별시 동작구 상도로 143 (상도동, 3층)","",""
"새날재가복지센터","C0608095348","(재가노인복지시설) 재가노인복지시설","재가노인복지시설","자치구","1153000000","구로구","서울특별시 구로구 중앙로15길 73, 1층 (고척동)","",""
"가가케어재가노인복지센터","C0608095353","(재가노인복지시설) 재가노인복지시설","재가노인복지시설","자치구","1153000000","구로구","서울특별시 구로구 경인로38길 12, 105호 (개봉동)","",""
"큰사랑나눔방문요양센터","C0608095662","(재가노인복지시설) 재가노인복지시설","재가노인복지시설","자치구","1144000000","마포구","서울특별시 마포구 토정로32길 11, 404호 (토정동, 한강삼성아파트구매시설동)","",""
"미노메딕스","C0608095878","(재가노인복지시설) 재가노인복지시설","재가노인복지시설","자치구","1162000000","관악구","서울특별시 관악구 난곡로24길 18, 101호 (신림동)","",""
"참사랑의료기","C0608095895","(재가노인복지시설) 재가노인복지시설","재가노인복지시설","자치구","1153000000","구로구","서울특별시 구로구 개봉로12길 27, 1층 (개봉동)","",""
"수석데이케어센터","C0608095921","(재가노인복지시설) 재가노인복지시설","재가노인복지시설","자치구","1111000000","종로구","서울특별시 종로구 지봉로 82, 2층 (숭인동)","",""
"A+굿뉴스 재가복지센터","C0608098206","(재가노인복지시설) 재가노인복지시설","재가노인복지시설","자치구","1147000000","양천구","서울특별시 양천구 목동중앙북로20길 19 (목동)","",""
"온누리재가복지센터","C0608098210","(재가노인복지시설) 재가노인복지시설","재가노인복지시설","자치구","1147000000","양천구","서울특별시 양천구 목동중앙남로16마길 60, 101호 (목동, 하늘채)","",""
"가나재가복지센터","C0608098433","(재가노인복지시설) 재가노인복지시설","재가노인복지시설","자치구","1135000000","노원구","서울특별시 노원구 상계로12길 35-5, 1층 (상계동)","",""
"(주)사랑케어","C0608098490","(재가노인복지시설) 재가노인복지시설","재가노인복지시설","자치구","1132000000","도봉구","서울특별시 도봉구 노해로66길 107, 2층 (창동)","",""
"서리풀데이케어","C0608098565","(재가노인복지시설) 재가노인복지시설","재가노인복지시설","자치구","1165000000","서초구","서울특별시 서초구 서초대로34길 18, 1,2,5,6층 (방배동)","",""
"상일데이케어센터","C0608098922","(재가노인복지시설) 재가노인복지시설","재가노인복지시설","자치구","1121500000","광진구","서울특별시 광진구 자양로 42, 지하1층,2,5층 (자양동)","",""
"오월방문요양센터","C0608099130","(재가노인복지시설) 재가노인복지시설","재가노인복지시설","자치구","1138000000","은평구","서울특별시 은평구 응암로16길 20-34, 1층 (응암동)","",""
"오월방문요양센터","C0608099135","(재가노인복지시설) 재가노인복지시설","재가노인복지시설","자치구","1138000000","은평구","서울특별시 은평구 응암로14길 14, 1층 1호,2호 (응암동)","",""
"동행재가노인복지센터","C0608104256","(재가노인복지시설) 재가노인복지시설","재가노인복지시설","자치구","1150000000","강서구","서울특별시 강서구 금낭화로 287-19, 상가1동 201호 (방화동)","",""
"강서온마음재가센터","C0608104262","(재가노인복지시설) 재가노인복지시설","재가노인복지시설","자치구","1150000000","강서구","서울특별시 강서구 가로공원로76길 43, 2층 (화곡동)","",""
"서울의료복지사회적협동조합 우리네 노인복지센터","C0608104368","(재가노인복지시설) 재가노인복지시설","재가노인복지시설","자치구","1156000000","영등포구","서울특별시 영등포구 대림로 76, 301호 (대림동, 동화빌딩)","",""
"연세재가방문요양센터","C0608104584","(재가노인복지시설) 재가노인복지시설","재가노인복지시설","자치구","1171000000","송파구","서울특별시 송파구 오금로36길 29, 301호 (가락동, 광명빌딩)","",""
"행복재가노인복지센터","C0608104585","(재가노인복지시설) 재가노인복지시설","재가노인복지시설","자치구","1171000000","송파구","서울특별시 송파구 송이로23길 46-33, 1층 (가락동)","",""
"한백메드","C0608104597","(재가노인복지시설) 재가노인복지시설","재가노인복지시설","자치구","1171000000","송파구","서울특별시 송파구 송이로 79, 101호 (가락동, 진성빌딩)","",""
"원케어 재가복지센터","C0608104976","(재가노인복지시설) 재가노인복지시설","재가노인복지시설","자치구","1159000000","동작구","서울특별시 동작구 알마타길 37 (대방동, 대방1차e-편한세상 ,상가동 104호)","",""
"고은빛 방문요양 노인복지센터","C0608104978","(재가노인복지시설) 재가노인복지시설","재가노인복지시설","자치구","1159000000","동작구","서울특별시 동작구 사당로17길 8 (사당동, 125호)","",""
"효심방문요양센터","C0608109606","(재가노인복지시설) 재가노인복지시설","재가노인복지시설","자치구","1126000000","중랑구","서울특별시 중랑구 겸재로50길 33, 1층 (면목동)","",""
"보배재가복지센터","C0608109607","(재가노인복지시설) 재가노인복지시설","재가노인복지시설","자치구","1126000000","중랑구","서울특별시 중랑구 봉우재로70길 103, 1층 (망우동)","",""
"예담","C0608109609","(재가노인복지시설) 재가노인복지시설","재가노인복지시설","자치구","1126000000","중랑구","서울특별시 중랑구 상봉중앙로 44-1, 1호 (상봉동)","",""
"생생재가복지센터","C0608109611","(재가노인복지시설) 재가노인복지시설","재가노인복지시설","자치구","1126000000","중랑구","서울특별시 중랑구 동일로123길 14, 1층 (중화동)","",""
"세반주간보호센터","C0608109876","(재가노인복지시설) 재가노인복지시설","재가노인복지시설","자치구","1150000000","강서구","서울특별시 강서구 강서로74길 36, 4층 (가양동)","",""
"늘봄재가센터","C0608109931","(재가노인복지시설) 재가노인복지시설","재가노인복지시설","자치구","1153000000","구로구","서울특별시 구로구 고척로 201, 4층 (고척동)","",""
"금천둥지방문요양센터","C0608110053","(재가노인복지시설) 재가노인복지시설","재가노인복지시설","자치구","1154500000","금천구","서울특별시 금천구 독산로 64, 2층 201호 (시흥동)","",""
"가가월드재가센터","C0608110058","(재가노인복지시설) 재가노인복지시설","재가노인복지시설","자치구","1154500000","금천구","서울특별시 금천구 시흥대로64길 27, 301호 (시흥동, 우림메르디앙)","",""
"라파노인복지방문센터","C0608114206","(재가노인복지시설) 재가노인복지시설","재가노인복지시설","자치구","1162000000","관악구","서울특별시 관악구 난우10길 18 (신림동)","",""
"미소재가복지센터","C0608114225","(재가노인복지시설) 재가노인복지시설","재가노인복지시설","자치구","1153000000","구로구","서울특별시 구로구 구일로8길 92, 105호 (구로동, 중앙구로하이츠)","",""
"케어닥 재가방문요양돌봄센터 방배파트너점","C0608114253","(재가노인복지시설) 재가노인복지시설","재가노인복지시설","자치구","1165000000","서초구","서울특별시 서초구 방배로 227, 409호 (방배동, 영춘빌딩 )","",""
"섬김재가복지센터","C0608115013","(재가노인복지시설) 재가노인복지시설","재가노인복지시설","자치구","1132000000","도봉구","서울특별시 도봉구 시루봉로17길 28, 1층 (방학동)","",""
"도우누리복지용구","C0608118153","(재가노인복지시설) 재가노인복지시설","재가노인복지시설","자치구","1121500000","광진구","서울특별시 광진구 능동로48길 18, 1층 (중곡동, 도우누리복지용구)","",""
" 반짝반짝재가방문복지센터","C0608118178","(재가노인복지시설) 재가노인복지시설","재가노인복지시설","자치구","1138000000","은평구","서울특별시 은평구 불광로2길 7, 상가동 213호 (불광동, 북한산현대홈타운아파트)","",""
"늘푸른재가복지센터","C0608118507","(재가노인복지시설) 재가노인복지시설","재가노인복지시설","자치구","1147000000","양천구","서울특별시 양천구 목동남로4길 6-23, 1층 102호 (신정동, 목동2차우성 A상가)","",""
"초롱이 방문요양센터","C0608118542","(재가노인복지시설) 재가노인복지시설","재가노인복지시설","자치구","1147000000","양천구","서울특별시 양천구 신목로5길 14 (신정동)","",""
"한마음데이케어센터","C0608118564","(재가노인복지시설) 재가노인복지시설","재가노인복지시설","자치구","1123000000","동대문구","서울특별시 동대문구 답십리로 255, 2,3층 (장안동)","",""
"기쁨데이케어센터","C0608119030","(재가노인복지시설) 재가노인복지시설","재가노인복지시설","자치구","1132000000","도봉구","서울특별시 도봉구 방학로 102, 2층 (방학동)","",""
"케어닥 재가방문요양돌봄센터 명일파트너점","C0608119051","(재가노인복지시설) 재가노인복지시설","재가노인복지시설","자치구","1174000000","강동구","서울특별시 강동구 구천면로 389-1, 201호 (명일동)","",""
"기대재가노인복지센터","C0608119074","(재가노인복지시설) 재가노인복지시설","재가노인복지시설","자치구","1156000000","영등포구","서울특별시 영등포구 도림로61길 15-1, 1층 (대림동)","",""
"든든재가방문요양센터","C0608119116","(재가노인복지시설) 재가노인복지시설","재가노인복지시설","자치구","1150000000","강서구","서울특별시 강서구 강서로45길 92-32, 1층 (내발산동)","",""
"동작조아 재가노인복지센터","C0608119283","(재가노인복지시설) 재가노인복지시설","재가노인복지시설","자치구","1159000000","동작구","서울특별시 동작구 성대로1길 17-2 (상도동)","",""
"양지방문요양센터","C0608119389","(재가노인복지시설) 재가노인복지시설","재가노인복지시설","자치구","1129000000","성북구","서울특별시 성북구 동소문로23길 16-22 (동선동4가)","",""
"샤인재가복지센터","C0608119416","(재가노인복지시설) 재가노인복지시설","재가노인복지시설","자치구","1156000000","영등포구","서울특별시 영등포구 도신로40길 11, B01호 (신길동)","",""
"가운재가복지센터","C0608119482","(재가노인복지시설) 재가노인복지시설","재가노인복지시설","자치구","1123000000","동대문구","서울특별시 동대문구 제기로2가길 7, 2층 (제기동)","",""
"퍼스트복지용구","C0608119514","(재가노인복지시설) 재가노인복지시설","재가노인복지시설","자치구","1123000000","동대문구","서울특별시 동대문구 고산자로 410, 403호 (용두동)","",""
"좋은친구 재가복지센터","C0608119826","(재가노인복지시설) 재가노인복지시설","재가노인복지시설","자치구","1130500000","강북구","서울특별시 강북구 미아동 258번지 179호","",""
"라파엘방문요양센터","C0608119957","(재가노인복지시설) 재가노인복지시설","재가노인복지시설","자치구","1153000000","구로구","서울특별시 구로구 신도림로11길 9-34, 1층 (신도림동)","",""
"성북힐 병설 데이케어","C0608120040","(재가노인복지시설) 재가노인복지시설","재가노인복지시설","자치구","1129000000","성북구","서울특별시 성북구 성북로31가길 21 (성북동)","",""
"(사)미션앤컬처 재가노인지원센터","C0608122223","(재가노인복지시설) 재가노인복지시설","재가노인복지시설","자치구","1162000000","관악구","서울특별시 관악구 관천로 93, 2층 (신림동)","",""
"서초한결데이케어센터","C0608122241","(재가노인복지시설) 재가노인복지시설","재가노인복지시설","자치구","1165000000","서초구","서울특별시 서초구 동작대로 220, 3~5층 (방배동)","",""
"성북희망데이케어센터","C0608122527","(재가노인복지시설) 재가노인복지시설","재가노인복지시설","자치구","1129000000","성북구","서울특별시 성북구 동소문로 190, 302,402호 (돈암동)","",""
"실버도움재가복지센터","C0608129303","(재가노인복지시설) 재가노인복지시설","재가노인복지시설","자치구","1138000000","은평구","서울특별시 은평구 연서로18길 3, 3층 301호 (대조동)","",""
"헤븐리재가노인복지센터","C0608129317","(재가노인복지시설) 재가노인복지시설","재가노인복지시설","자치구","1114000000","중구","서울특별시 중구 수표로 28, 302호 (저동2가)","",""
"건강과행복 방문요양센터","C0608129363","(재가노인복지시설) 재가노인복지시설","재가노인복지시설","자치구","1135000000","노원구","서울특별시 노원구 한글비석로48길 6, 상가동 111호,112호 (상계동, 한신아파트)","",""
"해바라기방문간호복지센터","C0608129383","(재가노인복지시설) 재가노인복지시설","재가노인복지시설","자치구","1132000000","도봉구","서울특별시 도봉구 마들로 724, 241호 (도봉동, 도봉한양수자인)","",""
"(A+)다연 재가복지센터","C0608129441","(재가노인복지시설) 재가노인복지시설","재가노인복지시설","자치구","1132000000","도봉구","서울특별시 도봉구 덕릉로 398, 205호 (창동)","",""
"포시즌재가복지센터","C0608129492","(재가노인복지시설) 재가노인복지시설","재가노인복지시설","자치구","1114000000","중구","서울특별시 중구 퇴계로 459, 306호 (황학동)","",""
"브라보시니어케어 통합센터","C0608129946","(재가노인복지시설) 재가노인복지시설","재가노인복지시설","자치구","1168000000","강남구","서울특별시 강남구 선릉로90길 34, 8층 (대치동, 우진빌딩)","",""
"라엘재가노인복지센터","C0608134444","(재가노인복지시설) 재가노인복지시설","재가노인복지시설","자치구","1159000000","동작구","서울특별시 동작구 장승배기로20가길 4 (노량진동)","",""
"봄날패밀리재가복지센터","C0608134449","(재가노인복지시설) 재가노인복지시설","재가노인복지시설","자치구","1159000000","동작구","서울특별시 서초구 전원말2길 23 (방배동)","",""
"(주)대교뉴이프 방문요양센터 보라매센터","C0608134713","(재가노인복지시설) 재가노인복지시설","재가노인복지시설","자치구","1162000000","관악구","서울특별시 관악구 보라매로3길 23 (봉천동)","",""
"서울조은주간보호센터","C0608134763","(재가노인복지시설) 재가노인복지시설","재가노인복지시설","자치구","1154500000","금천구","서울특별시 금천구 시흥대로152길 11-43, 2층 (독산동)","",""
"가나방문요양센터","C0608135002","(재가노인복지시설) 재가노인복지시설","재가노인복지시설","자치구","1126000000","중랑구","서울특별시 중랑구 면목로35길 25, 1층 (면목동)","",""
"예사랑방문요양센터","C0608135016","(재가노인복지시설) 재가노인복지시설","재가노인복지시설","자치구","1126000000","중랑구","서울특별시 중랑구 용마산로115가길 24, 1층 (망우동)","",""
"상일 데이케어센터","C0608135103","(재가노인복지시설) 재가노인복지시설","재가노인복지시설","자치구","1121500000","광진구","서울특별시 광진구 자양로 42, 지하1,2,5층 (자양동)","",""
"가드림방문간호요양복지센터","C0608138543","(재가노인복지시설) 재가노인복지시설","재가노인복지시설","자치구","1153000000","구로구","서울특별시 구로구 도림천로 380, 지층 (구로동)","",""
"가가호호노인요양센터","C0608138592","(재가노인복지시설) 재가노인복지시설","재가노인복지시설","자치구","1153000000","구로구","서울특별시 구로구 신도림로11가길 36, 상가동 205호 (신도림동, 미성아파트)","",""
"돌봄방문요양센터","C0608140323","(재가노인복지시설) 재가노인복지시설","재가노인복지시설","자치구","1132000000","도봉구","서울특별시 도봉구 방학로 193, 206호 (방학동, 신동아아파트)","",""
"천사재가방문요양센터","C0608140421","(재가노인복지시설) 재가노인복지시설","재가노인복지시설","자치구","1130500000","강북구","서울특별시 강북구 도봉로65길 12, 2층 (미아동)","",""
"(주)케어링방문요양센터서울도봉점","C0608140494","(재가노인복지시설) 재가노인복지시설","재가노인복지시설","자치구","1132000000","도봉구","서울특별시 도봉구 마들로 676-1, 2층 (도봉동)","",""
"나로재가복지센터","C0608140519","(재가노인복지시설) 재가노인복지시설","재가노인복지시설","자치구","1111000000","종로구","서울특별시 종로구 통일로 266, 1층 105호 (무악동)","",""
"아리아케어 강서화곡 재가노인복지센터","C0608140591","(재가노인복지시설) 재가노인복지시설","재가노인복지시설","자치구","1150000000","강서구","서울특별시 강서구 까치산로 106, 605호 (화곡동)","",""
"가족처럼 방문복지센터","C0608140856","(재가노인복지시설) 재가노인복지시설","재가노인복지시설","자치구","1132000000","도봉구","서울특별시 도봉구 노해로48길 75, 102호 (쌍문동, 리치빌)","",""
"(주)실버웨이복지법인 도봉데이케어센터","C0608140879","(재가노인복지시설) 재가노인복지시설","재가노인복지시설","자치구","1132000000","도봉구","서울특별시 도봉구 도봉로 523, 2,3층 (쌍문동, 하이준빌딩)","",""
"(주)대교뉴이프 방문요양센터 은평센터","C0608140939","(재가노인복지시설) 재가노인복지시설","재가노인복지시설","자치구","1138000000","은평구","서울특별시 은평구 연서로 72, 103호 (역촌동)","",""
"밝은샘주간보호센터","C0608140966","(재가노인복지시설) 재가노인복지시설","재가노인복지시설","자치구","1147000000","양천구","서울특별시 양천구 지양로 22, 5~4층 (신월동)","",""
"우리동네재가복지센터","C0608140968","(재가노인복지시설) 재가노인복지시설","재가노인복지시설","자치구","1147000000","양천구","서울특별시 양천구 남부순환로77길 7-1, B01호 (신월동)","",""
"대한재가복지센터","C0608140969","(재가노인복지시설) 재가노인복지시설","재가노인복지시설","자치구","1147000000","양천구","서울특별시 양천구 오목로 209, 207호 (신정동)","",""
"다솜재가복지센터","C0608140972","(재가노인복지시설) 재가노인복지시설","재가노인복지시설","자치구","1147000000","양천구","서울특별시 양천구 목동중앙로13가길 11, 103호 (목동)","",""
"(A)정원재가복지센터","C0608140999","(재가노인복지시설) 재가노인복지시설","재가노인복지시설","자치구","1135000000","노원구","서울특별시 노원구 상계로 193-14, 2층 205호 (상계동, 상계대림아파트)","",""
"가연 재가복지센터","C0608141099","(재가노인복지시설) 재가노인복지시설","재가노인복지시설","자치구","1135000000","노원구","서울특별시 노원구 상계로12길 35-9 (상계동)","",""
"구립송정동데이케어센터","C0608142597","(재가노인복지시설) 재가노인복지시설","재가노인복지시설","자치구","1120000000","성동구","서울특별시 성동구 송정동 72번지 117호 송정동복합청사 3층","",""
"효사랑재가복지센터","C0608142702","(재가노인복지시설) 재가노인복지시설","재가노인복지시설","자치구","1144000000","마포구","서울특별시 마포구 망원로7길 17, 501호 (망원동)","",""
"여러분의 재가복지센터","C0608142708","(재가노인복지시설) 재가노인복지시설","재가노인복지시설","자치구","1144000000","마포구","서울특별시 마포구 성암로1길 17, 101호 (성산동)","",""
"시립강동실버케어센터 병설 데이케어센터","C0608142734","(재가노인복지시설) 재가노인복지시설","재가노인복지시설","자치구","1174000000","강동구","서울특별시 강동구 고덕로 185 (고덕동)","",""
"(A+)하모니 주야간보호센터 천호점","C0608142738","(재가노인복지시설) 재가노인복지시설","재가노인복지시설","자치구","1174000000","강동구","서울특별시 강동구 올림픽로 698 (천호동, 3층, 6~7층)","",""
"e-한나데이케어센터","C0608142740","(재가노인복지시설) 재가노인복지시설","재가노인복지시설","자치구","1174000000","강동구","서울특별시 강동구 고덕로 40, 2~3층 (암사동)","",""
"휘경데이케어센터","C0608144559","(재가노인복지시설) 재가노인복지시설","재가노인복지시설","자치구","1123000000","동대문구","서울특별시 동대문구 답십리로 172, 3,4층 (답십리동)","",""
"봄빛재가복지노인센터","C0608144602","(재가노인복지시설) 재가노인복지시설","재가노인복지시설","자치구","1120000000","성동구","서울특별시 성동구 행당로 84, 201-4호 (행당동, 한진타운상가)","",""
"효벗재가요양센터","C0608144951","(재가노인복지시설) 재가노인복지시설","재가노인복지시설","자치구","1156000000","영등포구","서울특별시 영등포구 도림로 462, 2층 6호 (문래동3가, 국화상가)","",""
"큰딸방문요양센터","C0608145003","(재가노인복지시설) 재가노인복지시설","재가노인복지시설","자치구","1153000000","구로구","서울특별시 구로구 중앙로15길 29, 302호 (고척동)","",""
"상록수방문요양센터","C0608145051","(재가노인복지시설) 재가노인복지시설","재가노인복지시설","자치구","1129000000","성북구","서울특별시 성북구 종암로36길 41-13, 1층 다호 (하월곡동)","",""
"이룸방문요양센터","C0608145053","(재가노인복지시설) 재가노인복지시설","재가노인복지시설","자치구","1129000000","성북구","서울특별시 성북구 동소문로11길 44, 1층 102호 (동소문동4가)","",""
"서울복십자의원 병설 재가노인복지센터","C0608145118","(재가노인복지시설) 재가노인복지시설","재가노인복지시설","자치구","1162000000","관악구","서울특별시 관악구 남부순환로 1533, 7층 (신림동)","",""
"간호사가여는 올래방문요양센터","C0608149883","(재가노인복지시설) 재가노인복지시설","재가노인복지시설","자치구","1141000000","서대문구","서울특별시 서대문구 세검정로1길 93 (홍은동, 홍은동벽산아파트 상가 에이동 213호)","",""
"행복드림노인복지센터","C0608149886","(재가노인복지시설) 재가노인복지시설","재가노인복지시설","자치구","1141000000","서대문구","서울특별시 서대문구 거북골로14길 5, 203호 (북가좌동)","",""
"번동참조은 재가노인복지센터","C0608164151","(재가노인복지시설) 재가노인복지시설","재가노인복지시설","자치구","1130500000","강북구","","",""
"서래복지용구","C0608164156","(재가노인복지시설) 재가노인복지시설","재가노인복지시설","자치구","1130500000","강북구","","",""
"로뎀홈케어","C0608166495","(재가노인복지시설) 재가노인복지시설","재가노인복지시설","자치구","1138000000","은평구","서울특별시 은평구 녹번로7길 32-1, 1층 (녹번동)","",""
"강남효원재가복지센터","C0608166667","(재가노인복지시설) 재가노인복지시설","재가노인복지시설","자치구","1168000000","강남구","서울특별시 강남구 도산대로26길 13, 205호 (논현동, YH빌딩)","",""
"두리가치재가노인복지센터","C0608166937","(재가노인복지시설) 재가노인복지시설","재가노인복지시설","자치구","1117000000","용산구","서울특별시 용산구 두텁바위로1길 103-6 (후암동, 1층)","",""
"순수재가복지센터","C0608166942","(재가노인복지시설) 재가노인복지시설","재가노인복지시설","자치구","1135000000","노원구","서울특별시 노원구 동일로187길 18, 1층 102호 (공릉동)","",""
"실버소망복지센터","C0608167006","(재가노인복지시설) 재가노인복지시설","재가노인복지시설","자치구","1171000000","송파구","서울특별시 송파구 성내천로6길 1-8, 1층 (오금동)","",""
"바름재가방문요양센터","C0608167017","(재가노인복지시설) 재가노인복지시설","재가노인복지시설","자치구","1171000000","송파구","서울특별시 송파구 오금로 474, 1층 (거여동)","",""
"메모리실버","C0608167023","(재가노인복지시설) 재가노인복지시설","재가노인복지시설","자치구","1171000000","송파구","서울특별시 송파구 가락로 42, 102호 (석촌동)","",""
"다온재가복지센터","C0608167038","(재가노인복지시설) 재가노인복지시설","재가노인복지시설","자치구","1162000000","관악구","서울특별시 관악구 남부순환로198길 10, 101호 (신림동)","",""
"백세방문요양센터","C0608169226","(재가노인복지시설) 재가노인복지시설","재가노인복지시설","자치구","1171000000","송파구","서울특별시 송파구 양산로 12, 205호 (거여동)","",""
"늘푸른방문요양센터","C0608169245","(재가노인복지시설) 재가노인복지시설","재가노인복지시설","자치구","1171000000","송파구","서울특별시 송파구 충민로 52, B1층 1082-1호 (문정동, 가든파이브웍스)","",""
"토브재가복지센터","C0608170025","(재가노인복지시설) 재가노인복지시설","재가노인복지시설","자치구","1114000000","중구","서울특별시 중구 동호로 201, 3층 (신당동)","",""
"스마일시니어 데이케어센터","C0608172161","(재가노인복지시설) 재가노인복지시설","재가노인복지시설","자치구","1126000000","중랑구","서울특별시 중랑구 용마산로 434, 2층 (면목동)","",""
"중랑제일주야간보호센터","C0608172163","(재가노인복지시설) 재가노인복지시설","재가노인복지시설","자치구","1126000000","중랑구","서울특별시 중랑구 용마산로112길 90, 2층 (망우동)","",""
"강동 프라임 데이케어센터","C0608172171","(재가노인복지시설) 재가노인복지시설","재가노인복지시설","자치구","1174000000","강동구","서울특별시 강동구 성안로 61, 4층 (성내동)","",""
"상봉은혜단기보호","C0608172173","(재가노인복지시설) 재가노인복지시설","재가노인복지시설","자치구","1126000000","중랑구","서울특별시 중랑구 망우로 262, 2층 (상봉동)","",""
"다솜재가복지센터","C0608172178","(재가노인복지시설) 재가노인복지시설","재가노인복지시설","자치구","1126000000","중랑구","서울특별시 중랑구 봉화산로 144, 상가동 202호 (상봉동)","",""
" 개나리방문요양센터","C0608172189","(재가노인복지시설) 재가노인복지시설","재가노인복지시설","자치구","1126000000","중랑구","서울특별시 중랑구 면목로44가길 50, 1층 (면목동)","",""
"하나방문요양센터","C0608172203","(재가노인복지시설) 재가노인복지시설","재가노인복지시설","자치구","1126000000","중랑구","서울특별시 중랑구 용마산로70길 8, 103호 (면목동)","",""
"가디언엔젤스 재가복지센터","C0608172210","(재가노인복지시설) 재가노인복지시설","재가노인복지시설","자치구","1126000000","중랑구","서울특별시 중랑구 동일로152길 8, 102호 (묵동)","",""
"천호재가복지센터","C0608172229","(재가노인복지시설) 재가노인복지시설","재가노인복지시설","자치구","1174000000","강동구","서울특별시 강동구 천중로16길 44, 103호 (천호동)","",""
"천호재가복지센터","C0608172233","(재가노인복지시설) 재가노인복지시설","재가노인복지시설","자치구","1174000000","강동구","서울특별시 강동구 천중로16길 44, 103호 (천호동)","",""
"구로요양방문노인복지센터","C0608172365","(재가노인복지시설) 재가노인복지시설","재가노인복지시설","자치구","1153000000","구로구","서울특별시 구로구 구로중앙로31길 34, 606호 (구로동)","",""
"우리의료기","C0608172532","(재가노인복지시설) 재가노인복지시설","재가노인복지시설","자치구","1120000000","성동구","서울특별시 성동구 무학봉길 93-1, 3층 (하왕십리동)","",""
"강서해드림재가복지센터","C0608175283","(재가노인복지시설) 재가노인복지시설","재가노인복지시설","자치구","1150000000","강서구","서울특별시 강서구 개화동로25길 68, 102호 (방화동)","",""
"'(A+)우리방문요양센터","C0608175744","(재가노인복지시설) 재가노인복지시설","재가노인복지시설","자치구","1120000000","성동구","서울특별시 성동구 무학봉길 93-1, 3층 (하왕십리동)","",""
"맑은재가노인복지센터","C0608175848","(재가노인복지시설) 재가노인복지시설","재가노인복지시설","자치구","1150000000","강서구","서울특별시 강서구 강서로 466, 503호 (등촌동)","",""
"등불재가복지센터","C0608176071","(재가노인복지시설) 재가노인복지시설","재가노인복지시설","자치구","1138000000","은평구","서울특별시 은평구 수색로 200, 제판매시설동 2층 227호 (증산동, DMC센트럴자이)","",""
"바른재가노인복지센터","C0608176140","(재가노인복지시설) 재가노인복지시설","재가노인복지시설","자치구","1132000000","도봉구","서울특별시 도봉구 방학로 135, 3층 (방학동)","",""
"은하재가노인복지센터","C0608176149","(재가노인복지시설) 재가노인복지시설","재가노인복지시설","자치구","1138000000","은평구","서울특별시 은평구 진관3로 77, 916동 112호 (진관동, 은평뉴타운 구파발)","",""
"디딤돌 복지센터","C0608179171","(재가노인복지시설) 재가노인복지시설","재가노인복지시설","자치구","1132000000","도봉구","서울특별시 도봉구 마들로 735-8, 101동 10호 (도봉동, 현대성우아파트)","",""
"누리방문요양센터","C0608179175","(재가노인복지시설) 재가노인복지시설","재가노인복지시설","자치구","1132000000","도봉구","서울특별시 도봉구 노해로63다길 29, 2층 (창동)","",""
"단비재가복지센터","C0608179470","(재가노인복지시설) 재가노인복지시설","재가노인복지시설","자치구","1130500000","강북구","서울특별시 강북구 삼양로27길 52 (미아동)","",""
"더사랑데이케어센터","C0608179614","(재가노인복지시설) 재가노인복지시설","재가노인복지시설","자치구","1132000000","도봉구","서울특별시 도봉구 도봉로 601, 202, 302호 (쌍문동, 시그마팰리스)","",""
"효도랑재가방문요양센터","C0608179713","(재가노인복지시설) 재가노인복지시설","재가노인복지시설","자치구","1147000000","양천구","서울특별시 양천구 곰달래로6길 21, 2층 202호 (신월동)","",""
"해오름노인복지센터","C0608179730","(재가노인복지시설) 재가노인복지시설","재가노인복지시설","자치구","1147000000","양천구","서울특별시 양천구 화곡로3가길 9, 103호 (신월동)","",""
"한마음방문요양센터","C0608179772","(재가노인복지시설) 재가노인복지시설","재가노인복지시설","자치구","1121500000","광진구","서울특별시 광진구 자양로43길 149, 1층 101호 (중곡동)","",""
"해가든재가노인복지센터","C0608179905","(재가노인복지시설) 재가노인복지시설","재가노인복지시설","자치구","1150000000","강서구","서울특별시 강서구 송정로 38, 1층 106호 (공항동)","",""
"가나방문요양센터","C0608180102","(재가노인복지시설) 재가노인복지시설","재가노인복지시설","자치구","1135000000","노원구","서울특별시 노원구 동일로232길 27, 102호 (상계동)","",""
"스마일시니어참사랑재가복지센터","C0608180107","(재가노인복지시설) 재가노인복지시설","재가노인복지시설","자치구","1135000000","노원구","서울특별시 노원구 상계로23다길 47-3, 101호 (상계동)","",""
"예사랑돌봄재활주야간보호센터","C0608180108","(재가노인복지시설) 재가노인복지시설","재가노인복지시설","자치구","1132000000","도봉구","서울특별시 도봉구 도봉로125길 94, 3층 (쌍문동)","",""
"더사랑데이케어센터","C0608180111","(재가노인복지시설) 재가노인복지시설","재가노인복지시설","자치구","1132000000","도봉구","서울특별시 도봉구 도봉로 601, 2,3층 (쌍문동, 시그마팰리스)","",""
"(주)대교뉴이프데이케어센터 목동센터","C0608180144","(재가노인복지시설) 재가노인복지시설","재가노인복지시설","자치구","1147000000","양천구","서울특별시 양천구 신목로 34, 5층 (신정동)","",""
"강원전자주식회사 복지용구센터 더돌봄","C0608186297","(재가노인복지시설) 재가노인복지시설","재가노인복지시설","자치구","1117000000","용산구","서울특별시 용산구 원효로 153, 3층 301호 (원효로3가)","",""
"나눔방문요양센터","C0608186645","(재가노인복지시설) 재가노인복지시설","재가노인복지시설","자치구","1126000000","중랑구","서울특별시 중랑구 겸재로15길 21, 1층 (면목동)","",""
"우리동네재가센터","C0608186654","(재가노인복지시설) 재가노인복지시설","재가노인복지시설","자치구","1126000000","중랑구","서울특별시 중랑구 겸재로61길 50 (망우동)","",""
"한기묘복지센터","C0608186658","(재가노인복지시설) 재가노인복지시설","재가노인복지시설","자치구","1126000000","중랑구","서울특별시 중랑구 용마산로 443-7 (망우동)","",""
"굿데이케어센터","C0608186704","(재가노인복지시설) 재가노인복지시설","재가노인복지시설","자치구","1121500000","광진구","서울특별시 광진구 용마산로 106, 지하1층, 2층 (중곡동)","",""
"뉴케어 재가요양센터","C0608186945","(재가노인복지시설) 재가노인복지시설","재가노인복지시설","자치구","1168000000","강남구","서울특별시 강남구 영동대로 210, B1층 33호 (대치동, 쌍용종합상가)","",""
"돌봄대장재가노인복지센터","C0608187146","(재가노인복지시설) 재가노인복지시설","재가노인복지시설","자치구","1123000000","동대문구","서울특별시 동대문구 망우로21길 26, 101동 202호 (휘경동)","",""
"더드림데이케어센터","C0608187149","(재가노인복지시설) 재가노인복지시설","재가노인복지시설","자치구","1123000000","동대문구","서울특별시 동대문구 한빛로 12, 6층 (신설동)","",""
"동대문구방문요양센터","C0608190150","(재가노인복지시설) 재가노인복지시설","재가노인복지시설","자치구","1123000000","동대문구","서울특별시 동대문구 답십리로68길 97, 1층 (장안동)","",""
"연세에이스 재가복지센터","C0608190222","(재가노인복지시설) 재가노인복지시설","재가노인복지시설","자치구","1168000000","강남구","서울특별시 강남구 강남대로128길 38, 301호 (논현동)","",""
"우성재가복지센터","C0608190855","(재가노인복지시설) 재가노인복지시설","재가노인복지시설","자치구","1132000000","도봉구","서울특별시 도봉구 도봉로 481, 3층 (쌍문동)","",""
"동행재가복지센터","C0608190938","(재가노인복지시설) 재가노인복지시설","재가노인복지시설","자치구","1132000000","도봉구","서울특별시 도봉구 삼양로144길 3-10, 102호 (쌍문동)","",""
"하하재가복지센터","C0608191148","(재가노인복지시설) 재가노인복지시설","재가노인복지시설","자치구","1132000000","도봉구","서울특별시 도봉구 노해로41길 28, 1층 (쌍문동)","",""
"가왕(家王)재가복지센터","C0608194157","(재가노인복지시설) 재가노인복지시설","재가노인복지시설","자치구","1121500000","광진구","서울특별시 광진구 뚝섬로49길 31, 1층 (자양동)","",""
"푸른재가복지센터","C0608194187","(재가노인복지시설) 재가노인복지시설","재가노인복지시설","자치구","1132000000","도봉구","서울특별시 도봉구 방학로 130-6, 1층 101호 (방학동)","",""
"우리재가복지센터","C0608194306","(재가노인복지시설) 재가노인복지시설","재가노인복지시설","자치구","1111000000","종로구","서울특별시 종로구 지봉로5길 47, 104호 (창신동, 연화빌)","",""
"현대복지센터","C0608194313","(재가노인복지시설) 재가노인복지시설","재가노인복지시설","자치구","1162000000","관악구","서울특별시 관악구 난곡로 189, 3층 (신림동, 명성빌딩)","",""
"이음재가복지센터","C0608194325","(재가노인복지시설) 재가노인복지시설","재가노인복지시설","자치구","1162000000","관악구","서울특별시 관악구 쑥고개로 43-1, 102호 (봉천동, 그린오피스)","",""
"희망재가요양센터","C0608194330","(재가노인복지시설) 재가노인복지시설","재가노인복지시설","자치구","1162000000","관악구","서울특별시 관악구 남부순환로143나길 34, 301호 (신림동)","",""
"바른케어재가복지센터","C0608194388","(재가노인복지시설) 재가노인복지시설","재가노인복지시설","자치구","1138000000","은평구","서울특별시 은평구 진관3로 77, 916동 상가112호 (진관동, 은평뉴타운 구파발)","",""
"올사랑재가방문복지센터","C0608194390","(재가노인복지시설) 재가노인복지시설","재가노인복지시설","자치구","1138000000","은평구","서울특별시 은평구 갈현로 326-1, 1층 (갈현동)","",""
"다사랑섬김재가복지센터","C0608194394","(재가노인복지시설) 재가노인복지시설","재가노인복지시설","자치구","1138000000","은평구","서울특별시 은평구 녹번로3길 16-20, 지층 101호 (녹번동)","",""
"재가나눔복지용구센터","C0608194398","(재가노인복지시설) 재가노인복지시설","재가노인복지시설","자치구","1138000000","은평구","서울특별시 은평구 불광로 20, 15층 제에이-016호 (대조동, 팜스퀘어)","",""
"행복플러스재가센터","C0608194807","(재가노인복지시설) 재가노인복지시설","재가노인복지시설","자치구","1135000000","노원구","서울특별시 노원구 공릉로46길 28, B층 105호 (공릉동, 삼익아파트상가)","",""
"참사랑재가복지센터","C0608194834","(재가노인복지시설) 재가노인복지시설","재가노인복지시설","자치구","1135000000","노원구","","",""
"브라보 시니어케어 광역센터","C0608196234","(재가노인복지시설) 재가노인복지시설","재가노인복지시설","자치구","1171000000","송파구","서울특별시 송파구 가락로 99, 4층 1호 (석촌동)","",""
"굿케어","C0608196264","(재가노인복지시설) 재가노인복지시설","재가노인복지시설","자치구","1154500000","금천구","서울특별시 금천구 시흥대로 328 (독산동, 2층 202호)","",""
"한결방문요양센터","C0608196265","(재가노인복지시설) 재가노인복지시설","재가노인복지시설","자치구","1154500000","금천구","서울특별시 금천구 독산로 294 (독산동, 1층)","",""
"다사랑방문요양센터","C0608196266","(재가노인복지시설) 재가노인복지시설","재가노인복지시설","자치구","1154500000","금천구","서울특별시 금천구 독산로 162 (시흥동, 지층)","",""
"금천재활노인복지센터","C0608196267","(재가노인복지시설) 재가노인복지시설","재가노인복지시설","자치구","1154500000","금천구","서울특별시 금천구 범안로 1256 (독산동, 5층)","",""
"진심간호요양센터","C0608196961","(재가노인복지시설) 재가노인복지시설","재가노인복지시설","자치구","1171000000","송파구","서울특별시 송파구 문정로11길 12, 203호 (가락동)","",""
"중랑재가복지센터","C0608200226","(재가노인복지시설) 재가노인복지시설","재가노인복지시설","자치구","1126000000","중랑구","서울특별시 중랑구 봉우재로14길 13, 2층 (면목동)","",""
"가연복지센터","C0608200233","(재가노인복지시설) 재가노인복지시설","재가노인복지시설","자치구","1126000000","중랑구","서울특별시 중랑구 동일로149길 15, 3동 107-2호 (묵동)","",""
"케어더봄복지용구","C0608200292","(재가노인복지시설) 재가노인복지시설","재가노인복지시설","자치구","1165000000","서초구","서울특별시 서초구 동작대로 38, 501호 (방배동)","",""
"케어더봄 재가복지센터","C0608200294","(재가노인복지시설) 재가노인복지시설","재가노인복지시설","자치구","1165000000","서초구","서울특별시 서초구 동작대로 38, 502호 (방배동)","",""
"지우데이케어센터","C0608200360","(재가노인복지시설) 재가노인복지시설","재가노인복지시설","자치구","1150000000","강서구","서울특별시 강서구 허준로 176, 1층 (가양동, 가양도시개발공사아파트)","",""
"가나방문요양센터","C0608200364","(재가노인복지시설) 재가노인복지시설","재가노인복지시설","자치구","1174000000","강동구","서울특별시 강동구 풍성로37가길 12, 102호 (성내동)","",""
"참사랑 재가복지센터","C0608200366","(재가노인복지시설) 재가노인복지시설","재가노인복지시설","자치구","1174000000","강동구","서울특별시 강동구 올림픽로 722, 302호 (천호동)","",""
"방문요양바른복지센터","C0608200378","(재가노인복지시설) 재가노인복지시설","재가노인복지시설","자치구","1174000000","강동구","서울특별시 강동구 양재대로 1520, 701-2호 (길동)","",""
"강서올리사랑재가복지센터","C0608200500","(재가노인복지시설) 재가노인복지시설","재가노인복지시설","자치구","1150000000","강서구","서울특별시 강서구 강서로 322, 3층 (내발산동)","",""
"성북천사 방문재가복지센터","C0608200808","(재가노인복지시설) 재가노인복지시설","재가노인복지시설","자치구","1129000000","성북구","서울특별시 성북구 솔샘로6길 41, 2층 1호 (정릉동)","",""
"덕수재가복지센터","C0608200984","(재가노인복지시설) 재가노인복지시설","재가노인복지시설","자치구","1111000000","종로구","서울특별시 종로구 통일로12길 27, 1층 (무악동)","",""
"(+A)그린재가복지센터","C0608206227","(재가노인복지시설) 재가노인복지시설","재가노인복지시설","자치구","1123000000","동대문구","서울특별시 동대문구 서울특별시립대로4길 5, 4층 (전농동)","",""
"A+가득한재가복지센터","C0608206504","(재가노인복지시설) 재가노인복지시설","재가노인복지시설","자치구","1138000000","은평구","서울특별시 은평구 진관4로 17, 818동 상가 104호 (진관동, 은평뉴타운 상림마을)","",""
"사랑복지센터","C0608206826","(재가노인복지시설) 재가노인복지시설","재가노인복지시설","자치구","1141000000","서대문구","서울특별시 서대문구 모래내로 323, 지층 3호 (홍은동)","",""
"가나안재가복지센터","C0608206833","(재가노인복지시설) 재가노인복지시설","재가노인복지시설","자치구","1141000000","서대문구","서울특별시 서대문구 수색로 43, 2층 5호 (남가좌동)","",""
"미소데이케어","C0608206842","(재가노인복지시설) 재가노인복지시설","재가노인복지시설","자치구","1141000000","서대문구","서울특별시 서대문구 응암로 145, 2층 (북가좌동)","",""
" 가나방문요양","C0608207128","(재가노인복지시설) 재가노인복지시설","재가노인복지시설","자치구","1135000000","노원구","서울특별시 노원구 초안산로 7, 205호 (월계동, 월계2단지주공아파트)","",""
"치현재가복지센터","C0608208492","(재가노인복지시설) 재가노인복지시설","재가노인복지시설","자치구","1150000000","강서구","서울특별시 강서구 초록마을로 156-1 (화곡동)","",""
"은총노인방문요양센터","C0608208742","(재가노인복지시설) 재가노인복지시설","재가노인복지시설","자치구","1123000000","동대문구","서울특별시 동대문구 전농로29길 104, 1층 (전농동)","",""
"더편한요양센터","C0608208826","(재가노인복지시설) 재가노인복지시설","재가노인복지시설","자치구","1171000000","송파구","서울특별시 송파구 마천로39길 17, 1호 (마천동)","",""
"브라보 데이케어 송파라운지","C0608208832","(재가노인복지시설) 재가노인복지시설","재가노인복지시설","자치구","1171000000","송파구","서울특별시 송파구 가락로 99, 4, 5층 (석촌동)","",""
"영주재가복지센터","C0608209020","(재가노인복지시설) 재가노인복지시설","재가노인복지시설","자치구","1147000000","양천구","서울특별시 양천구 남부순환로40가길 9-1, 1층 (신월동)","",""
"시니어사랑 재가복지센터","C0608209021","(재가노인복지시설) 재가노인복지시설","재가노인복지시설","자치구","1147000000","양천구","서울특별시 양천구 목동중앙남로10길 16, 1층 (목동)","",""
"벧엘데이케어센터 ","C0608209117","(재가노인복지시설) 재가노인복지시설","재가노인복지시설","자치구","1162000000","관악구","서울특별시 관악구 문성로 96, 4층 501호 (신림동)","",""
"현대복지센터","C0608211473","(재가노인복지시설) 재가노인복지시설","재가노인복지시설","자치구","1162000000","관악구","서울특별시 관악구 난곡로 189, 3층 (신림동)","",""
"굿모닝노인복지센터","C0608211555","(재가노인복지시설) 재가노인복지시설","재가노인복지시설","자치구","1126000000","중랑구","서울특별시 중랑구 신내로 112, A동 203호 (신내동)","",""
"'오케이'방문요양센터","C0608211581","(재가노인복지시설) 재가노인복지시설","재가노인복지시설","자치구","1126000000","중랑구","서울특별시 중랑구 겸재로54길 22, 1층 (면목동)","",""
"나래복지용구","C0608211585","(재가노인복지시설) 재가노인복지시설","재가노인복지시설","자치구","1126000000","중랑구","서울특별시 중랑구 면목로73가길 28, 103호 (면목동, 아이쉐르빌 아파트)","",""
"(心)심 방문요양센터","C0608211648","(재가노인복지시설) 재가노인복지시설","재가노인복지시설","자치구","1174000000","강동구","서울특별시 강동구 올림픽로71길 18-20 (천호동)","",""
"하늘빛재가방문요양","C0608211649","(재가노인복지시설) 재가노인복지시설","재가노인복지시설","자치구","1174000000","강동구","서울특별시 강동구 성안로 143, 310호 (천호동)","",""
"행복동행복지센터","C0608211882","(재가노인복지시설) 재가노인복지시설","재가노인복지시설","자치구","1121500000","광진구","서울특별시 광진구 자양로28길 90, 102호 (구의동)","",""
"(A)비지팅엔젤스 동대문방문요양지점","C0608215325","(재가노인복지시설) 재가노인복지시설","재가노인복지시설","자치구","1123000000","동대문구","서울특별시 동대문구 고산자로34길 70, 501호 (용두동)","",""
"엔젤방문요양센터","C0608215349","(재가노인복지시설) 재가노인복지시설","재가노인복지시설","자치구","1162000000","관악구","서울특별시 관악구 호암로 417, 상가동 308?311호 (신림동, 국제산장아파트)","",""
"강남동산 재가노인복지센터","C0608215826","(재가노인복지시설) 재가노인복지시설","재가노인복지시설","자치구","1168000000","강남구","서울특별시 강남구 논현로16길 20-8, 201호 (개포동)","",""
"삼혜재가복지센터","C0608275187","(재가노인복지시설) 재가노인복지시설","재가노인복지시설","자치구","1129000000","성북구","서울특별시 성북구 화랑로32길 127 (석관동)","",""
"치유재가방문요양센터","C0608275402","(재가노인복지시설) 재가노인복지시설","재가노인복지시설","자치구","1174000000","강동구","서울특별시 강동구 양재대로102길 4, 202호 (둔촌동, 제이디파크빌)","",""
"A+광진데이케어센터","C0608276087","(재가노인복지시설) 재가노인복지시설","재가노인복지시설","자치구","1121500000","광진구","서울특별시 광진구 광나루로 562 (구의동, 경우빌딩 1관 3,4,5층)","",""
"(주)시니어텍 솔루션 송파지점","C0608303746","(재가노인복지시설) 재가노인복지시설","재가노인복지시설","자치구","1171000000","송파구","서울특별시 송파구 오금로11길 47-16, 2층 204호 (방이동, 에비뉴잠실)","",""
"자혜연힐링케어복지센터","C0608303753","(재가노인복지시설) 재가노인복지시설","재가노인복지시설","자치구","1171000000","송파구","서울특별시 송파구 오금로 484, 203호 (거여동)","",""
"잠실힐링데이케어","C0608303765","(재가노인복지시설) 재가노인복지시설","재가노인복지시설","자치구","1171000000","송파구","서울특별시 송파구 백제고분로 187, 2층, 3층 (잠실동, 파크인-수)","",""
"재가복지센터 선택","C0608304110","(재가노인복지시설) 재가노인복지시설","재가노인복지시설","자치구","1154500000","금천구","서울특별시 금천구 독산로36길 10, 1층 (시흥동)","",""
"한양 간호요양센터","C0608304113","(재가노인복지시설) 재가노인복지시설","재가노인복지시설","자치구","1154500000","금천구","서울특별시 금천구 시흥대로 315, 960동 108호 (독산동)","",""
"강북희망데이케어센터","C0608328224","(재가노인복지시설) 재가노인복지시설","재가노인복지시설","자치구","1130500000","강북구","서울특별시 강북구 삼양로 412, 2층 (수유동)","",""
"강남은혜재가요양센터","C0608328247","(재가노인복지시설) 재가노인복지시설","재가노인복지시설","자치구","1153000000","구로구","서울특별시 구로구 오류로8길 93 (오류동)","",""
"이원건강의료기","C0608328252","(재가노인복지시설) 재가노인복지시설","재가노인복지시설","자치구","1174000000","강동구","서울특별시 강동구 성안로 156, 106호 (길동)","",""
"케어링 방문요양센터 서울 관악점","C0608328498","(재가노인복지시설) 재가노인복지시설","재가노인복지시설","자치구","1162000000","관악구","서울특별시 관악구 봉천로 295-1, 1층 (봉천동)","",""
"모자방문요양센터","C0608328504","(재가노인복지시설) 재가노인복지시설","재가노인복지시설","자치구","1132000000","도봉구","서울특별시 도봉구 도봉로 851, 106동 213호 (도봉동)","",""
"장수재가복지센터","C0608328557","(재가노인복지시설) 재가노인복지시설","재가노인복지시설","자치구","1147000000","양천구","서울특별시 양천구 지양로14길 11, 102호 (신월동)","",""
"좋은사람들재가요양복지센터","C0608328612","(재가노인복지시설) 재가노인복지시설","재가노인복지시설","자치구","1147000000","양천구","서울특별시 양천구 목동남로4길 22, 2층 201호 (신정동)","",""
"엠마오방문요양센터","C0608328625","(재가노인복지시설) 재가노인복지시설","재가노인복지시설","자치구","1126000000","중랑구","서울특별시 중랑구 동일로 720, 2층 (상봉동)","",""
"하나재가노인복지센터","C0608328627","(재가노인복지시설) 재가노인복지시설","재가노인복지시설","자치구","1126000000","중랑구","서울특별시 중랑구 중랑역로 233, 1층 (묵동)","",""
"사랑과섬김요양원단기보호","C0608328629","(재가노인복지시설) 재가노인복지시설","재가노인복지시설","자치구","1126000000","중랑구","서울특별시 중랑구 동일로 905, 2층 (묵동)","",""
"효다함재가노인복지센터","C0608328719","(재가노인복지시설) 재가노인복지시설","재가노인복지시설","자치구","1153000000","구로구","서울특별시 구로구 경인로20가길 5, 601-1호 (오류동)","",""
"가치돌봄방문요양센터","C0608328736","(재가노인복지시설) 재가노인복지시설","재가노인복지시설","자치구","1153000000","구로구","서울특별시 구로구 도림로3길 19, 102호 (구로동, 아트빌라6동)","",""
"천우재가복지센터","C0608328900","(재가노인복지시설) 재가노인복지시설","재가노인복지시설","자치구","1150000000","강서구","서울특별시 강서구 허준로 176, 2층 205호 (가양동, 가양도시개발공사아파트)","",""
"서울큰나무재가복지센터","C0608328905","(재가노인복지시설) 재가노인복지시설","재가노인복지시설","자치구","1150000000","강서구","서울특별시 강서구 화곡로31길 90, 3층 (화곡동)","",""
"방글재가방문요양센터","C0608329104","(재가노인복지시설) 재가노인복지시설","재가노인복지시설","자치구","1156000000","영등포구","서울특별시 영등포구 가마산로71길 9, 1층 (신길동)","",""
"광진재활데이케어센터","C0608335217","(재가노인복지시설) 재가노인복지시설","재가노인복지시설","자치구","1121500000","광진구","서울특별시 광진구 용마산로 10, 2층 (중곡동)","",""
"지성재가복지센터","C0608335259","(재가노인복지시설) 재가노인복지시설","재가노인복지시설","자치구","1144000000","마포구","서울특별시 마포구 큰우물로 75, 702호 (도화동, 성지빌딩)","",""
"복지플러스요양센터","C0608335631","(재가노인복지시설) 재가노인복지시설","재가노인복지시설","자치구","1130500000","강북구","서울특별시 강북구 솔샘로 251, 지하1층 (미아동)","",""
"A+그린실버복지센터","C0608335890","(재가노인복지시설) 재가노인복지시설","재가노인복지시설","자치구","1129000000","성북구","서울특별시 성북구 종암로 89, 1층 4호 (종암동)","",""
"선한이웃방문요양센터","C0608335895","(재가노인복지시설) 재가노인복지시설","재가노인복지시설","자치구","1129000000","성북구","서울특별시 성북구 안암로9길 47, 1층 (안암동3가)","",""
"진방문요양센터","C0608335898","(재가노인복지시설) 재가노인복지시설","재가노인복지시설","자치구","1135000000","노원구","서울특별시 노원구 상계로23길 40, 1층 좌측호 (상계동)","",""
"행복동행 방문요양센터","C0608335933","(재가노인복지시설) 재가노인복지시설","재가노인복지시설","자치구","1135000000","노원구","서울특별시 노원구 동일로245가길 41, 2층 201호 (상계동, 은빛아파트 상가동)","",""
"명지재가노인복지센터","C0608336023","(재가노인복지시설) 재가노인복지시설","재가노인복지시설","자치구","1141000000","서대문구","서울특별시 서대문구 명지길 85, 202호 (홍은동, 샤르망메종)","",""
"캥거루방문요양센터","C0608336028","(재가노인복지시설) 재가노인복지시설","재가노인복지시설","자치구","1141000000","서대문구","서울특별시 서대문구 증가로20가길 80, 1층 (북가좌동)","",""
"서대문재가복지센터","C0608336032","(재가노인복지시설) 재가노인복지시설","재가노인복지시설","자치구","1141000000","서대문구","서울특별시 서대문구 통일로 430, 2층 (홍제동)","",""
"우리들데이케어센터","C0608336140","(재가노인복지시설) 재가노인복지시설","재가노인복지시설","자치구","1159000000","동작구","서울특별시 동작구 장승배기로 41 (상도동, 문민빌딩 2층 전체 )","",""
"가나안재가복지센터","C0608337186","(재가노인복지시설) 재가노인복지시설","재가노인복지시설","자치구","1135000000","노원구","서울특별시 노원구 덕릉로 777, 1층 (상계동)","",""
"행복동행 방문요양센터","C0608337193","(재가노인복지시설) 재가노인복지시설","재가노인복지시설","자치구","1135000000","노원구","서울특별시 노원구 한글비석로44길 13, B01호 (상계동, 우측 일부)","",""
"노원마을재가복지센터","C0608338356","(재가노인복지시설) 재가노인복지시설","재가노인복지시설","자치구","1135000000","노원구","서울특별시 노원구 노원로 540, 1층 111호 (상계동, 상계주공아파트9단지종합상가)","",""
"은평시민데이케어센터","C0608338564","(재가노인복지시설) 재가노인복지시설","재가노인복지시설","자치구","1138000000","은평구","서울특별시 은평구 연서로 209 (갈현동, 보성빌딩 5층 )","",""
"은평복지용구","C0608338569","(재가노인복지시설) 재가노인복지시설","재가노인복지시설","자치구","1138000000","은평구","서울특별시 은평구 응암로 175-1, 3층 (응암동)","",""
"다온사랑재가복지센터","C0608350820","(재가노인복지시설) 재가노인복지시설","재가노인복지시설","자치구","1129000000","성북구","서울특별시 성북구 돌곶이로14길 11, 1층 (석관동)","",""
"정함효센터","C0608350834","(재가노인복지시설) 재가노인복지시설","재가노인복지시설","자치구","1121500000","광진구","서울특별시 광진구 능동로 358, 1층 (중곡동)","",""
"가구마다재가요양센터","C0608356175","(재가노인복지시설) 재가노인복지시설","재가노인복지시설","자치구","1156000000","영등포구","서울특별시 영등포구 영등포로 26, 1층 (양평동2가)","",""
"파인케어재가방문요양센터","C0608356176","(재가노인복지시설) 재가노인복지시설","재가노인복지시설","자치구","1156000000","영등포구","서울특별시 영등포구 버드나루로 135, 3층 301-2호 (당산동)","",""
"만사형통재가복지센터","C0608356179","(재가노인복지시설) 재가노인복지시설","재가노인복지시설","자치구","1156000000","영등포구","서울특별시 영등포구 문래로 98, 2층 204호 (문래동3가)","",""
"여명재가복지센터","C0608358179","(재가노인복지시설) 재가노인복지시설","재가노인복지시설","자치구","1126000000","중랑구","서울특별시 중랑구 겸재로 78, 2층 (면목동)","",""
"드림재가복지센터","C0608358231","(재가노인복지시설) 재가노인복지시설","재가노인복지시설","자치구","1132000000","도봉구","서울특별시 도봉구 방학로2길 35, 2층 (방학동)","",""
"방학재가노인방문요양센터","C0608358235","(재가노인복지시설) 재가노인복지시설","재가노인복지시설","자치구","1132000000","도봉구","서울특별시 도봉구 방학로 183, 401호 (방학동, 거구빌딩)","",""
"언약정원재가복지센터","C0608358237","(재가노인복지시설) 재가노인복지시설","재가노인복지시설","자치구","1132000000","도봉구","서울특별시 도봉구 도봉로180나길 41, 상가1동 335호 (도봉동)","",""
"'(A)비지팅엔젤스 도봉창동방문요양지점","C0608358241","(재가노인복지시설) 재가노인복지시설","재가노인복지시설","자치구","1132000000","도봉구","서울특별시 도봉구 덕릉로62길 8, 1층 (창동)","",""
"샤론재가복지센터","C0608358279","(재가노인복지시설) 재가노인복지시설","재가노인복지시설","자치구","1126000000","중랑구","서울특별시 중랑구 망우로71길 60, 201호 (망우동)","",""
"다연재가노인복지센터","C0608360715","(재가노인복지시설) 재가노인복지시설","재가노인복지시설","자치구","1130500000","강북구","서울특별시 강북구 한천로155길 43, A동 114호 (수유동)","",""
"강동 방문간호재가요양센터","C0608360865","(재가노인복지시설) 재가노인복지시설","재가노인복지시설","자치구","1174000000","강동구","서울특별시 강동구 상암로 41, 311호 (암사동, 암사동양덱스빌)","",""
"모나미 노인통합지원센터","C0608365715","(재가노인복지시설) 재가노인복지시설","재가노인복지시설","자치구","1132000000","도봉구","서울특별시 도봉구 도봉로 851, 302호 (도봉동)","",""
"(주)대교뉴이프 방문요양센터 도봉센터 ","C0608365720","(재가노인복지시설) 재가노인복지시설","재가노인복지시설","자치구","1132000000","도봉구","서울특별시 도봉구 도봉로 602, 1층 (창동)","",""
"청송재가복지센터","C0608365724","(재가노인복지시설) 재가노인복지시설","재가노인복지시설","자치구","1132000000","도봉구","서울특별시 도봉구 우이천로48길 4, 1층 (쌍문동)","",""
"카네이션방문요양센터","C0608365725","(재가노인복지시설) 재가노인복지시설","재가노인복지시설","자치구","1132000000","도봉구","서울특별시 도봉구 도봉로 517, 202호 (쌍문동)","",""
"꽃길재가복지센터","C0608365788","(재가노인복지시설) 재가노인복지시설","재가노인복지시설","자치구","1138000000","은평구","서울특별시 은평구 연서로32길 5, 2층 (불광동)","",""
"그레이스방문요양센터","C0608365789","(재가노인복지시설) 재가노인복지시설","재가노인복지시설","자치구","1138000000","은평구","서울특별시 은평구 갈현로33길 16, 2층 (갈현동)","",""
"해피케어","C0608365792","(재가노인복지시설) 재가노인복지시설","재가노인복지시설","자치구","1138000000","은평구","서울특별시 은평구 통일로83길 7 (갈현동)","",""
"(A+)시니어스힐링재가요양센터","C0608365796","(재가노인복지시설) 재가노인복지시설","재가노인복지시설","자치구","1138000000","은평구","서울특별시 은평구 증산로5길 15, 402호 (증산동)","",""
"정겨운재가복지센터","C0608365924","(재가노인복지시설) 재가노인복지시설","재가노인복지시설","자치구","1130500000","강북구","서울특별시 강북구 덕릉로24길 41-1, 1층 (수유동)","",""
"나무그늘재가복지센터","C0608365982","(재가노인복지시설) 재가노인복지시설","재가노인복지시설","자치구","1135000000","노원구","서울특별시 노원구 동일로 1279, B103호 (중계동, 중계그린아파트 B 상가)","",""
"사랑나눔재가복지센터","C0608366059","(재가노인복지시설) 재가노인복지시설","재가노인복지시설","자치구","1135000000","노원구","서울특별시 노원구 한글비석로46길 52, 1층 103.104호 (상계동)","",""
"더좋은 방문요양센터","C0608366069","(재가노인복지시설) 재가노인복지시설","재가노인복지시설","자치구","1135000000","노원구","서울특별시 노원구 공릉로20길 22-1, B01호 (공릉동)","",""
"더즐거운재가복지센터","C0608366076","(재가노인복지시설) 재가노인복지시설","재가노인복지시설","자치구","1135000000","노원구","서울특별시 노원구 동일로174길 27, 2층 (공릉동)","",""
"휘경사랑데이케어센터","C0608378165","(재가노인복지시설) 재가노인복지시설","재가노인복지시설","자치구","1123000000","동대문구","서울특별시 동대문구 망우로 40, 5~6층 (휘경동)","",""
"드림방문요양센터","C0608379354","(재가노인복지시설) 재가노인복지시설","재가노인복지시설","자치구","1129000000","성북구","서울특별시 성북구 성북로4길 52, 411동 3202호 (돈암동, 한신아파트)","",""
"꽃길복지용구","C0608380033","(재가노인복지시설) 재가노인복지시설","재가노인복지시설","자치구","1159000000","동작구","서울특별시 동작구 여의대방로22나길 14 (신대방동, 1층 꽃길복지용구 )","",""
"사협)기쁨주는복지 양천재가센터","C0608380083","(재가노인복지시설) 재가노인복지시설","재가노인복지시설","자치구","1147000000","양천구","서울특별시 양천구 남부순환로38길 22, 1층 (신월동)","",""
"햇살로뎀 재가복지센터","C0608380103","(재가노인복지시설) 재가노인복지시설","재가노인복지시설","자치구","1147000000","양천구","서울특별시 양천구 목동중앙남로 100, 102동 201호 (목동, 성원아파트)","",""
"별빛재가복지센터","C0608394204","(재가노인복지시설) 재가노인복지시설","재가노인복지시설","자치구","1121500000","광진구","서울특별시 광진구 긴고랑로4길 30, 1층 우측호 (중곡동)","",""
"원 다우리재가노인복지센터","C0608394219","(재가노인복지시설) 재가노인복지시설","재가노인복지시설","자치구","1156000000","영등포구","서울특별시 영등포구 디지털로 431, 2층 (대림동)","",""
"함께해요재가복지센터","C0608394330","(재가노인복지시설) 재가노인복지시설","재가노인복지시설","자치구","1156000000","영등포구","서울특별시 영등포구 선유로13길 11, 201동 1005호 (문래동6가)","",""
"따스한재가복지센터","C0608394443","(재가노인복지시설) 재가노인복지시설","재가노인복지시설","자치구","1156000000","영등포구","서울특별시 영등포구 영중로 58, 5층 (영등포동5가)","",""
"사랑드림재가노인복지센터","C0608396214","(재가노인복지시설) 재가노인복지시설","재가노인복지시설","자치구","1171000000","송파구","서울특별시 송파구 백제고분로 469, 3, 4층 (방이동)","",""
"A+아리아케어 방문요양 서초방배센터","C0608396219","(재가노인복지시설) 재가노인복지시설","재가노인복지시설","자치구","1165000000","서초구","서울특별시 서초구 방배로31길 8, 3층 (방배동)","",""
"신원재가복지센터","C0608396260","(재가노인복지시설) 재가노인복지시설","재가노인복지시설","자치구","1162000000","관악구","서울특별시 관악구 은천로 40-1, 2층 (봉천동)","",""
"우리사랑재가복지센터","C0608396360","(재가노인복지시설) 재가노인복지시설","재가노인복지시설","자치구","1126000000","중랑구","서울특별시 중랑구 면목로78길 48, 1층 (면목동)","",""
"하늘재가요양기관","C0608396397","(재가노인복지시설) 재가노인복지시설","재가노인복지시설","자치구","1153000000","구로구","서울특별시 구로구 고척로 49, 상가동 309호 (오류동, 동부골든아파트)","",""
"장수재가노인복지센터","C0608396440","(재가노인복지시설) 재가노인복지시설","재가노인복지시설","자치구","1129000000","성북구","서울특별시 성북구 오패산로3길 72, 3층 (하월곡동)","",""
"삼성복지법인 재가센터","C0608396462","(재가노인복지시설) 재가노인복지시설","재가노인복지시설","자치구","1159000000","동작구","서울특별시 동작구 장승배기로 134, 2층 (노량진동)","",""
"강남실버케어 복지센터","C0608396767","(재가노인복지시설) 재가노인복지시설","재가노인복지시설","자치구","1168000000","강남구","서울특별시 강남구 개포로 650, 2층 203호 (일원동)","",""
"한가족재가복지센터","C0608397065","(재가노인복지시설) 재가노인복지시설","재가노인복지시설","자치구","1159000000","동작구","서울특별시 동작구 성대로 205, 1층 (상도동)","",""
"스마일데이케어센터","C0608403159","(재가노인복지시설) 재가노인복지시설","재가노인복지시설","자치구","1123000000","동대문구","서울특별시 동대문구 전농로 102, 202호 (답십리동, 목련빌딩)","",""
"푸른소나무주야간보호센터 강서점","C0608411175","(재가노인복지시설) 재가노인복지시설","재가노인복지시설","자치구","1150000000","강서구","서울특별시 강서구 강서로45길 174, 4층 408~411호호 (내발산동)","",""
"글로리재가방문요양센터","C0608411717","(재가노인복지시설) 재가노인복지시설","재가노인복지시설","자치구","1111000000","종로구","서울특별시 종로구 대학로1길 38-6, 5층 (연지동)","",""
"아름다운실버데이케어","C0608411720","(재가노인복지시설) 재가노인복지시설","재가노인복지시설","자치구","1111000000","종로구","서울특별시 종로구 평창길 123 (평창동)","",""
"노원실버 방문요양센터","C0608411929","(재가노인복지시설) 재가노인복지시설","재가노인복지시설","자치구","1135000000","노원구","서울특별시 노원구 한글비석로31길 22, 1층 (상계동)","",""
"더사랑데이케어센터","C0608411964","(재가노인복지시설) 재가노인복지시설","재가노인복지시설","자치구","1132000000","도봉구","서울특별시 도봉구 도봉로 601, 2,3층 (쌍문동, 시그마팰리스)","",""
"신창동재가요양센터","C0608412051","(재가노인복지시설) 재가노인복지시설","재가노인복지시설","자치구","1132000000","도봉구","서울특별시 도봉구 우이천로4길 23 (창동)","",""
"마포재가복지센터","C0608424150","(재가노인복지시설) 재가노인복지시설","재가노인복지시설","자치구","1144000000","마포구","서울특별시 마포구 손기정로 46, 1층 2호 (아현동)","",""
"훼미리방문요양센터","C0608437275","(재가노인복지시설) 재가노인복지시설","재가노인복지시설","자치구","1171000000","송파구","서울특별시 송파구 바람드리길 31, 1층 (풍납동)","",""
"돈암실버재가복지센터","C0608437799","(재가노인복지시설) 재가노인복지시설","재가노인복지시설","자치구","1129000000","성북구","서울특별시 성북구 삼선교로16길 36, 2층 (삼선동2가)","",""
"뉴에덴방문요양센터","C0608437809","(재가노인복지시설) 재가노인복지시설","재가노인복지시설","자치구","1129000000","성북구","서울특별시 성북구 장위로 78, 3층 (장위동)","",""
"금천독산데이케어센터","C0608437936","(재가노인복지시설) 재가노인복지시설","재가노인복지시설","자치구","1154500000","금천구","서울특별시 금천구 시흥대로 422, 2층 (독산동)","",""
"베품재가복지센터","C0608438044","(재가노인복지시설) 재가노인복지시설","재가노인복지시설","자치구","1130500000","강북구","서울특별시 강북구 삼양로 577-24, 1층 (우이동)","",""
"더조은재가복지센터","C0608438046","(재가노인복지시설) 재가노인복지시설","재가노인복지시설","자치구","1130500000","강북구","서울특별시 강북구 삼각산로 158, B1층 (수유동)","",""
"보듬방문요양센터","C0608462194","(재가노인복지시설) 재가노인복지시설","재가노인복지시설","자치구","1141000000","서대문구","서울특별시 서대문구 세무서길 90, 2층 (홍제동)","",""
"부모님재가복지센터","C0608462195","(재가노인복지시설) 재가노인복지시설","재가노인복지시설","자치구","1141000000","서대문구","서울특별시 서대문구 모래내로 380-1, 지층 (연희동)","",""
"사랑마을재가방문요양센터","C0608462197","(재가노인복지시설) 재가노인복지시설","재가노인복지시설","자치구","1141000000","서대문구","서울특별시 서대문구 모래내로17길 72-9, 지층 (홍은동)","",""
"한사랑노인복지센터","C0608462213","(재가노인복지시설) 재가노인복지시설","재가노인복지시설","자치구","1153000000","구로구","서울특별시 구로구 경인로33바길 20, 102호 (개봉동)","",""
"시니어학교 강동성내 데이케어센터","C0608462259","(재가노인복지시설) 재가노인복지시설","재가노인복지시설","자치구","1174000000","강동구","서울특별시 강동구 올림픽로 572, 2층 208호 (성내동, 코오롱 2차 아파트 상가)","",""
"1424 재가노인복지센터","C0608462417","(재가노인복지시설) 재가노인복지시설","재가노인복지시설","자치구","1174000000","강동구","서울특별시 강동구 천호대로 1224, 2층 (둔촌동)","",""
"섬기는재가복지센터","C0608462426","(재가노인복지시설) 재가노인복지시설","재가노인복지시설","자치구","1156000000","영등포구","서울특별시 영등포구 영등포로 106, 102동 2층 215호 (당산동2가, 대우아파트)","",""
"닥터케이재가복지센터","C0608462456","(재가노인복지시설) 재가노인복지시설","재가노인복지시설","자치구","1156000000","영등포구","서울특별시 영등포구 도신로64길 10, 3층 (신길동)","",""
"봄날재가노인복지센터","C0608462516","(재가노인복지시설) 재가노인복지시설","재가노인복지시설","자치구","1153000000","구로구","서울특별시 구로구 경인로20나길 30, 607호 (오류동)","",""
"새힘재가복지센터","C0608462532","(재가노인복지시설) 재가노인복지시설","재가노인복지시설","자치구","1162000000","관악구","서울특별시 관악구 난향길 50, 지1층 (신림동)","",""
"보금자리재가복지센터","C0608462533","(재가노인복지시설) 재가노인복지시설","재가노인복지시설","자치구","1162000000","관악구","서울특별시 관악구 난곡로26길 16 (신림동)","",""
"다정한방문요양재가복지센터","C0608462782","(재가노인복지시설) 재가노인복지시설","재가노인복지시설","자치구","1129000000","성북구","서울특별시 성북구 보문로30가길 4, 201호 (안암동1가)","",""
"골든엔젤","C0608462851","(재가노인복지시설) 재가노인복지시설","재가노인복지시설","자치구","1154500000","금천구","서울특별시 금천구 가산디지털1로 24, 201호 (가산동, 대륭테크노타운 13차)","",""
"쉴만한 물가 재가복지센터","C0608463127","(재가노인복지시설) 재가노인복지시설","재가노인복지시설","자치구","1150000000","강서구","서울특별시 강서구 마곡중앙2로 5, 209호 (마곡동, 메트로비즈타워)","",""
"케어닥방문요양돌봄센터 구로파트너점","C0608482150","(재가노인복지시설) 재가노인복지시설","재가노인복지시설","자치구","1153000000","구로구","서울특별시 구로구 구로중앙로31길 26, 4층 (구로동)","",""
"가온어르신방문요양센터","C0608497520","(재가노인복지시설) 재가노인복지시설","재가노인복지시설","자치구","1147000000","양천구","서울특별시 양천구 지양로7길 23, 2층 (신월동)","",""
"햇님재가노인복지센터","C0608497554","(재가노인복지시설) 재가노인복지시설","재가노인복지시설","자치구","1168000000","강남구","서울특별시 강남구 테헤란로69길 10, 803호 (삼성동)","",""
"푸른소나무주야간보호센터 강서점","C0608497615","(재가노인복지시설) 재가노인복지시설","재가노인복지시설","자치구","1150000000","강서구","서울특별시 강서구 강서로45길 174, 4층 408~410호 (내발산동)","",""
"하이재가방문요양센터","C0608497648","(재가노인복지시설) 재가노인복지시설","재가노인복지시설","자치구","1135000000","노원구","서울특별시 노원구 광운로2가길 17, B01호 (월계동)","",""
"선재가복지센터","C0608497767","(재가노인복지시설) 재가노인복지시설","재가노인복지시설","자치구","1132000000","도봉구","서울특별시 도봉구 도당로13라길 132, 1층 (방학동)","",""
"(+A)충무재가복지센터","C0608497793","(재가노인복지시설) 재가노인복지시설","재가노인복지시설","자치구","1123000000","동대문구","서울특별시 동대문구 서울특별시립대로4길 5, 4층 (전농동)","",""
"맘으로재가복지센터","C0608497829","(재가노인복지시설) 재가노인복지시설","재가노인복지시설","자치구","1114000000","중구","서울특별시 중구 퇴계로 379, 2층 (신당동)","",""
"진아리랑 재가복지센터","C0608544692","(재가노인복지시설) 재가노인복지시설","재가노인복지시설","자치구","1150000000","강서구","서울특별시 강서구 등촌로 95, 2층 (등촌동)","",""
"대교뉴이프 재가복지센터 서울강서센터","C0608544694","(재가노인복지시설) 재가노인복지시설","재가노인복지시설","자치구","1150000000","강서구","서울특별시 강서구 양천로24길 56 (방화동)","",""
"다원재가복지센터","C0608559162","(재가노인복지시설) 재가노인복지시설","재가노인복지시설","자치구","1171000000","송파구","서울특별시 송파구 성내천로 272, 1층 (마천동)","",""
"송파방문요양센터","C0608559164","(재가노인복지시설) 재가노인복지시설","재가노인복지시설","자치구","1171000000","송파구","서울특별시 송파구 삼학사로 65, 303호 (삼전동)","",""
"“A”+보은재가노인복지센터","C0608559186","(재가노인복지시설) 재가노인복지시설","재가노인복지시설","자치구","1150000000","강서구","서울특별시 강서구 금낭화로23길 25, 106호 (방화동, 6단지상가)","",""
"신사방문요양센터","C0608559187","(재가노인복지시설) 재가노인복지시설","재가노인복지시설","자치구","1168000000","강남구","서울특별시 강남구 압구정로 108, B03호 (신사동, 덕산빌딩)","",""
"행복재가방문요양센터","C0608559208","(재가노인복지시설) 재가노인복지시설","재가노인복지시설","자치구","1121500000","광진구","서울특별시 광진구 아차산로 464, 303호 (구의동)","",""
"도담재가요양센터","C0608559209","(재가노인복지시설) 재가노인복지시설","재가노인복지시설","자치구","1121500000","광진구","서울특별시 광진구 아차산로36길 5, 506호 (자양동)","",""
"9988방문요양센터","C0608565243","(재가노인복지시설) 재가노인복지시설","재가노인복지시설","자치구","1162000000","관악구","서울특별시 관악구 봉천로 228, 201호 (신림동)","",""
"디딤돌재가노인복지시설","C0608565244","(재가노인복지시설) 재가노인복지시설","재가노인복지시설","자치구","1162000000","관악구","서울특별시 관악구 남부순환로161가길 6, 1층 (신림동)","",""
"가나케어재가센터","C0608565245","(재가노인복지시설) 재가노인복지시설","재가노인복지시설","자치구","1162000000","관악구","서울특별시 관악구 난곡로 98, B동 지1층 B08호 (신림동, 파로스프라자B동)","",""
"봄봄재가복지센터","C0608565248","(재가노인복지시설) 재가노인복지시설","재가노인복지시설","자치구","1130500000","강북구","서울특별시 강북구 수유로 55, 2층 (수유동)","",""
"가족사랑방문요양재가센터","C0608565250","(재가노인복지시설) 재가노인복지시설","재가노인복지시설","자치구","1130500000","강북구","서울특별시 강북구 인수봉로72길 42, 108호 (수유동)","",""
"대한의료기복지용구","C0608565253","(재가노인복지시설) 재가노인복지시설","재가노인복지시설","자치구","1130500000","강북구","서울특별시 강북구 도봉로81길 12, 1층 (수유동)","",""
"늘푸른재가돌봄센터 영등포점","C0608565305","(재가노인복지시설) 재가노인복지시설","재가노인복지시설","자치구","1156000000","영등포구","서울특별시 영등포구 영등포로64길 35, 201호 (신길동)","",""
"동행케어재가복지센터","C0608565309","(재가노인복지시설) 재가노인복지시설","재가노인복지시설","자치구","1156000000","영등포구","서울특별시 영등포구 디지털로 437, 101호 (대림동)","",""
"야마시다실버케어","C0608565398","(재가노인복지시설) 재가노인복지시설","재가노인복지시설","자치구","1153000000","구로구","서울특별시 구로구 경인로54길 4, 지하층 34호 (구로동)","",""
"누리봄노인복지센터","C0608565410","(재가노인복지시설) 재가노인복지시설","재가노인복지시설","자치구","1153000000","구로구","서울특별시 구로구 고척로52길 89, 1층 (고척동)","",""
"해가빛복지센터","C0608565603","(재가노인복지시설) 재가노인복지시설","재가노인복지시설","자치구","1117000000","용산구","서울특별시 용산구 효창원로12길 37, 5층 501호 (원효로4가)","",""
"효순데이케어센터","C0608565699","(재가노인복지시설) 재가노인복지시설","재가노인복지시설","자치구","1174000000","강동구","서울특별시 강동구 천호대로 1196, 2층 (둔촌동)","",""
"다솜재가방문요양센터","C0608565753","(재가노인복지시설) 재가노인복지시설","재가노인복지시설","자치구","1174000000","강동구","서울특별시 강동구 상암로27길 22, 1층 (천호동)","",""
"아라실버센터","C0608566037","(재가노인복지시설) 재가노인복지시설","재가노인복지시설","자치구","1129000000","성북구","서울특별시 성북구 보국문로 116, 101호 (정릉동, 정릉힐스테이트3차상가)","",""
"고운손길 재가복지센터","C0608566048","(재가노인복지시설) 재가노인복지시설","재가노인복지시설","자치구","1129000000","성북구","서울특별시 성북구 보문로 187, 1층 (삼선동4가)","",""
"주식회사 오션원케어 강남본점","C0608569203","(재가노인복지시설) 재가노인복지시설","재가노인복지시설","자치구","1165000000","서초구","서울특별시 서초구 동산로19길 43, 5층 (양재동)","",""
"새봄 재활전문 데이케어센터","C0608577316","(재가노인복지시설) 재가노인복지시설","재가노인복지시설","자치구","1132000000","도봉구","서울특별시 도봉구 도봉로180나길 34, 3층 (도봉동)","",""
"사랑나눔재가복지센터","C0608577317","(재가노인복지시설) 재가노인복지시설","재가노인복지시설","자치구","1159000000","동작구","서울특별시 동작구 서달로14라길 29, 1층 (흑석동, 좌측)","",""
"다누리방문요양복지센터","C0608577441","(재가노인복지시설) 재가노인복지시설","재가노인복지시설","자치구","1132000000","도봉구","서울특별시 도봉구 우이천로 304, 상가동 103호 (쌍문동, 쌍문한양아파트)","",""
"매일방문요양재가센터","C0608577443","(재가노인복지시설) 재가노인복지시설","재가노인복지시설","자치구","1132000000","도봉구","서울특별시 도봉구 도봉로187길 44, 101호 (도봉동)","",""
"소망재가복지센터","C0608577450","(재가노인복지시설) 재가노인복지시설","재가노인복지시설","자치구","1132000000","도봉구","서울특별시 도봉구 시루봉로 260-25 (방학동)","",""
"실버피어노인복지센터","C0608577466","(재가노인복지시설) 재가노인복지시설","재가노인복지시설","자치구","1132000000","도봉구","서울특별시 도봉구 도당로 123-1 (방학동)","",""
"나무재가노인복지센터","C0608577562","(재가노인복지시설) 재가노인복지시설","재가노인복지시설","자치구","1150000000","강서구","서울특별시 강서구 곰달래로31가길 84, 1층 (화곡동)","",""
"백세로방문간호","C0608578081","(재가노인복지시설) 재가노인복지시설","재가노인복지시설","자치구","1171000000","송파구","서울특별시 송파구 중대로 101, 5층 513호 (가락동)","",""
"라라방문요양센터","C0608578094","(재가노인복지시설) 재가노인복지시설","재가노인복지시설","자치구","1171000000","송파구","서울특별시 송파구 송파대로24길 5-14, 303호 (가락동)","",""
"돌봄동행재가복지센터","C0608578113","(재가노인복지시설) 재가노인복지시설","재가노인복지시설","자치구","1144000000","마포구","서울특별시 마포구 독막로 100, 701호 (상수동, 세방글로벌씨티)","",""
"또하나의가족","C0608580179","(재가노인복지시설) 재가노인복지시설","재가노인복지시설","자치구","1138000000","은평구","서울특별시 은평구 갈현로11길 14, B동 B105호 (구산동, 파크원)","",""
"차열복지용구","C0608589594","(재가노인복지시설) 재가노인복지시설","재가노인복지시설","자치구","1147000000","양천구","서울특별시 양천구 지양로 22, 2층 (신월동)","",""
"기쁜우리방문요양센터","C0608589595","(재가노인복지시설) 재가노인복지시설","재가노인복지시설","자치구","1147000000","양천구","서울특별시 양천구 중앙로52길 8, 1층 102호 (신정동)","",""
"힐링데이케어센터(양천)","C0608589691","(재가노인복지시설) 재가노인복지시설","재가노인복지시설","자치구","1147000000","양천구","서울특별시 양천구 화곡로 49, 2, 3, 4층 (신월동)","",""
"와우주야간보호센터","C0608589934","(재가노인복지시설) 재가노인복지시설","재가노인복지시설","자치구","1144000000","마포구","서울특별시 마포구 고산18길 13, 5층 (대흥동)","",""
"젊은 방문간호센터","C0608590127","(재가노인복지시설) 재가노인복지시설","재가노인복지시설","자치구","1138000000","은평구","서울특별시 은평구 진관1로 21-9, 상가동 206호 (진관동, 은평뉴타운 박석고개)","",""
"구구팔팔 재가복지센터","C0608593250","(재가노인복지시설) 재가노인복지시설","재가노인복지시설","자치구","1129000000","성북구","서울특별시 성북구 정릉로 446-1, 202호 (종암동)","",""
"A+나리꽃방문요양","C0608595231","(재가노인복지시설) 재가노인복지시설","재가노인복지시설","자치구","1126000000","중랑구","서울특별시 중랑구 봉우재로14길 17, 1층 (면목동)","",""
"나눔사랑회복재가복지센터","C0608595233","(재가노인복지시설) 재가노인복지시설","재가노인복지시설","자치구","1126000000","중랑구","서울특별시 중랑구 동일로101길 63, 상가 305호호 (면목동, 면목한신아파트)","",""
"단비재가노인복지센터","C0608595236","(재가노인복지시설) 재가노인복지시설","재가노인복지시설","자치구","1126000000","중랑구","서울특별시 중랑구 면목로63길 40, 1층 (면목동)","",""
"돌봄재가복지센터","C0608595378","(재가노인복지시설) 재가노인복지시설","재가노인복지시설","자치구","1153000000","구로구","서울특별시 구로구 고척로33길 26, 101호 (고척동)","",""
"대한재가요양센터","C0608595380","(재가노인복지시설) 재가노인복지시설","재가노인복지시설","자치구","1162000000","관악구","서울특별시 관악구 조원중앙로 11, 5층 (신림동)","",""
"한국치매전담재가복지센터(관악점)","C0608595383","(재가노인복지시설) 재가노인복지시설","재가노인복지시설","자치구","1162000000","관악구","서울특별시 관악구 남부순환로 1808, 13층 9호 (봉천동)","",""
"쉴만한 물가 재가복지센터","C0608595700","(재가노인복지시설) 재가노인복지시설","재가노인복지시설","자치구","1150000000","강서구","서울특별시 강서구 마곡중앙2로 5, 209호 (마곡동, 메트로비즈타워)","",""
"서초아름다운재가복지센터","C0608595755","(재가노인복지시설) 재가노인복지시설","재가노인복지시설","자치구","1165000000","서초구","서울특별시 서초구 바우뫼로7길 8, 401호 (우면동)","",""
"금빛사랑데이케어센터","C0608596008","(재가노인복지시설) 재가노인복지시설","재가노인복지시설","자치구","1154500000","금천구","서울특별시 금천구 시흥대로123길 17, 2층 (독산동)","",""
"서울성모데이케어센터","C0608596019","(재가노인복지시설) 재가노인복지시설","재가노인복지시설","자치구","1154500000","금천구","서울특별시 금천구 남부순환로 1424, B동 2층 (독산동)","",""
"ANTO 재가복지센터","C0608597150","(재가노인복지시설) 재가노인복지시설","재가노인복지시설","자치구","1174000000","강동구","서울특별시 강동구 명일로 231, 1층 (길동)","",""
"봄날 방문요양센터","C0608597153","(재가노인복지시설) 재가노인복지시설","재가노인복지시설","자치구","1174000000","강동구","서울특별시 강동구 구천면로42길 28, 101호 (천호동)","",""
"행복한데이케어센터","C0608605409","(재가노인복지시설) 재가노인복지시설","재가노인복지시설","자치구","1150000000","강서구","서울특별시 강서구 양천로 366, 2층 (등촌동, 미라클빌딩)","",""
"정다운재가복지센터","C0608605418","(재가노인복지시설) 재가노인복지시설","재가노인복지시설","자치구","1168000000","강남구","서울특별시 강남구 개포로24길 12, 101호 (개포동)","",""
"솔잎 복지용구","C0608606003","(재가노인복지시설) 재가노인복지시설","재가노인복지시설","자치구","1135000000","노원구","서울특별시 노원구 덕릉로60길 252, 4층 401호 (월계동, 유원아파트 상가)","",""
"강북나눔재가복지센터","C0608606047","(재가노인복지시설) 재가노인복지시설","재가노인복지시설","자치구","1132000000","도봉구","서울특별시 도봉구 노해로60길 38, 1층 (쌍문동)","",""
"해든 재가노인복지센터","C0608606097","(재가노인복지시설) 재가노인복지시설","재가노인복지시설","자치구","1144000000","마포구","서울특별시 마포구 숭문16길 9, 102호 (염리동)","",""
"미소재가복지센터","C0608616163","(재가노인복지시설) 재가노인복지시설","재가노인복지시설","자치구","1138000000","은평구","서울특별시 은평구 역말로 90, 1층 (역촌동)","",""
"봄봄노인복지센터","C0608616167","(재가노인복지시설) 재가노인복지시설","재가노인복지시설","자치구","1138000000","은평구","서울특별시 은평구 통일로 822, 3층 (불광동)","",""
"다시돌봄센터","C0608616170","(재가노인복지시설) 재가노인복지시설","재가노인복지시설","자치구","1138000000","은평구","서울특별시 은평구 갈현로3길 35, 1층 (신사동)","",""
"장안데이케어센터","C0608621614","(재가노인복지시설) 재가노인복지시설","재가노인복지시설","자치구","1123000000","동대문구","서울특별시 동대문구 장한로 51, 2층 (장안동)","",""
"우리동네방문요양센터","C0608621641","(재가노인복지시설) 재가노인복지시설","재가노인복지시설","자치구","1141000000","서대문구","서울특별시 서대문구 증가로 207, 1층 (북가좌동)","",""
"은혜재가센터","C0608621687","(재가노인복지시설) 재가노인복지시설","재가노인복지시설","자치구","1147000000","양천구","서울특별시 양천구 은행정로2길 2, 지층 102호 (신정동, 행복한 세상)","",""
"프로젝트100 데이케어센터","C0608621709","(재가노인복지시설) 재가노인복지시설","재가노인복지시설","자치구","1147000000","양천구","서울특별시 양천구 은행정로 5, 5층 (신정동, 에벤에셀프라자)","",""
"굿케어주야간보호센터","C0608621710","(재가노인복지시설) 재가노인복지시설","재가노인복지시설","자치구","1121500000","광진구","서울특별시 광진구 뚝섬로 742, 2,4,5층 507호 (구의동)","",""
"해바라기재가복지센터","C0608621848","(재가노인복지시설) 재가노인복지시설","재가노인복지시설","자치구","1121500000","광진구","서울특별시 광진구 용마산로5길 16, 1층 (중곡동)","",""
"(A+)춤추는고래재가복지센터","C0608621876","(재가노인복지시설) 재가노인복지시설","재가노인복지시설","자치구","1130500000","강북구","서울특별시 강북구 노해로11길 42, 2층 (수유동)","",""
"홍은종합사회복지관","C0608622013","(재가노인복지시설) 재가노인복지시설","재가노인복지시설","자치구","1141000000","서대문구","서울특별시 서대문구 연희로 102 (연희동)","",""
"나무재가노인복지센터","C0608622068","(재가노인복지시설) 재가노인복지시설","재가노인복지시설","자치구","1150000000","강서구","서울특별시 강서구 곰달래로31가길 84 (화곡동, 1층 우측)","",""
"늘봄재가복지센터","C0608622108","(재가노인복지시설) 재가노인복지시설","재가노인복지시설","자치구","1150000000","강서구","서울특별시 강서구 곰달래로37길 7, 1층 (화곡동)","",""
"강서나눔통합돌봄센터","C0608622111","(재가노인복지시설) 재가노인복지시설","재가노인복지시설","자치구","1150000000","강서구","서울특별시 강서구 수명로2길 96 (내발산동, 신관 2층)","",""
"건행재가복지센터","C0608622113","(재가노인복지시설) 재가노인복지시설","재가노인복지시설","자치구","1150000000","강서구","서울특별시 강서구 화곡로69길 71, 205호 (등촌동)","",""
"나오미재가복지센터","C0608652179","(재가노인복지시설) 재가노인복지시설","재가노인복지시설","자치구","1174000000","강동구","서울특별시 강동구 풍성로65길 35, 3층 (둔촌동)","",""
"참사랑재가노인복지센터","C0608652192","(재가노인복지시설) 재가노인복지시설","재가노인복지시설","자치구","1129000000","성북구","서울특별시 성북구 한천로78길 39, 2층 (석관동)","",""
"가까운 재가복지센터","C0608652268","(재가노인복지시설) 재가노인복지시설","재가노인복지시설","자치구","1162000000","관악구","서울특별시 관악구 관악로 266, 2층 (봉천동)","",""
"아크시니어케어 관악센터","C0608652270","(재가노인복지시설) 재가노인복지시설","재가노인복지시설","자치구","1162000000","관악구","서울특별시 관악구 법원단지5나길 2, 1층 102호 (신림동, 은송씨티)","",""
"도담케어 방문요양 동대문센터","C0608652757","(재가노인복지시설) 재가노인복지시설","재가노인복지시설","자치구","1123000000","동대문구","서울특별시 동대문구 왕산로 225, 4층 2-3-2호 (청량리동, 미주상가)","",""
"원케어 방문요양센터","C0608652781","(재가노인복지시설) 재가노인복지시설","재가노인복지시설","자치구","1168000000","강남구","서울특별시 강남구 자곡로 204-25, B2층 (자곡동)","",""
"행복한재가복지센터","C0608652784","(재가노인복지시설) 재가노인복지시설","재가노인복지시설","자치구","1168000000","강남구","서울특별시 강남구 도곡로 516, 지하층 3호 (대치동)","",""
"시온성복지센터","C0608652839","(재가노인복지시설) 재가노인복지시설","재가노인복지시설","자치구","1129000000","성북구","서울특별시 성북구 종암로30길 50, 1층 (종암동)","",""
"순시미 재가복지센터 강남본점","C0608652874","(재가노인복지시설) 재가노인복지시설","재가노인복지시설","자치구","1165000000","서초구","서울특별시 서초구 강남대로27길 15-5, 601호 (양재동, 성경빌딩)","",""
"우리집방문요양센터","C0608652978","(재가노인복지시설) 재가노인복지시설","재가노인복지시설","자치구","1153000000","구로구","서울특별시 구로구 구로중앙로31길 34, 606호 (구로동)","",""
"돌봄재가복지센터","C0608652980","(재가노인복지시설) 재가노인복지시설","재가노인복지시설","자치구","1153000000","구로구","서울특별시 구로구 고척로33길 26 (고척동)","",""
"100세대학 구로데이케어센터","C0608653139","(재가노인복지시설) 재가노인복지시설","재가노인복지시설","자치구","1153000000","구로구","서울특별시 구로구 경인로43길 22, 2층 (고척동)","",""
"서울사랑방문요양센터","C0608653155","(재가노인복지시설) 재가노인복지시설","재가노인복지시설","자치구","1126000000","중랑구","서울특별시 중랑구 면목로48길 49, 1층 (면목동)","",""
"파트너재가복지센터","C0608686234","(재가노인복지시설) 재가노인복지시설","재가노인복지시설","자치구","1174000000","강동구","서울특별시 강동구 상일로15길 34-19 (고덕동)","",""
"더숲데이케어센터","C0608686344","(재가노인복지시설) 재가노인복지시설","재가노인복지시설","자치구","1162000000","관악구","서울특별시 관악구 청림6길 3, 4층 (봉천동, 관악푸르지오상가)","",""
"백향목방문간호센터","C0608686345","(재가노인복지시설) 재가노인복지시설","재가노인복지시설","자치구","1162000000","관악구","서울특별시 관악구 문성로 214, 3층 (신림동)","",""
"아이디 방문요양센터","C0608686346","(재가노인복지시설) 재가노인복지시설","재가노인복지시설","자치구","1162000000","관악구","서울특별시 관악구 관악로30길 40, 1층 101호 (봉천동, 봉천우성아파트상가동)","",""
"한마음재가복지센터","C0608686819","(재가노인복지시설) 재가노인복지시설","재가노인복지시설","자치구","1123000000","동대문구","서울특별시 동대문구 천호대로 13, 5층 (신설동)","",""
"‘(A)비지팅엔젤스 송파위례방문요양지점","C0608686854","(재가노인복지시설) 재가노인복지시설","재가노인복지시설","자치구","1171000000","송파구","서울특별시 송파구 양산로 14, 206호 (거여동)","",""
"라파방문요양센터","C0608686856","(재가노인복지시설) 재가노인복지시설","재가노인복지시설","자치구","1171000000","송파구","서울특별시 송파구 양재대로 1222, 344, 345호 (방이동)","",""
"강동천호재가복지센터","C0608687095","(재가노인복지시설) 재가노인복지시설","재가노인복지시설","자치구","1174000000","강동구","서울특별시 강동구 천중로16길 44, 103호 (천호동)","",""
"으뜸 방문간호센터","C0608694150","(재가노인복지시설) 재가노인복지시설","재가노인복지시설","자치구","1135000000","노원구","서울특별시 노원구 한글비석로36길 86, 1층 (상계동, 정면 우측 상가)","",""
"다온재가복지센터","C0608694151","(재가노인복지시설) 재가노인복지시설","재가노인복지시설","자치구","1135000000","노원구","서울특별시 노원구 월계로55길 15, 302동 107호 (월계동, 사슴아파트)","",""
"케어닥 재가방문요양돌봄센터 망원파트너점","C0608739325","(재가노인복지시설) 재가노인복지시설","재가노인복지시설","자치구","1144000000","마포구","서울특별시 마포구 망원로7길 31-10, 102호 (망원동)","",""
"행복 장기요양센터","C0608739326","(재가노인복지시설) 재가노인복지시설","재가노인복지시설","자치구","1144000000","마포구","서울특별시 마포구 모래내로7길 38, 502-2호 (성산동, 서원빌딩)","",""
"보다재가노인복지센터","C0608739373","(재가노인복지시설) 재가노인복지시설","재가노인복지시설","자치구","1132000000","도봉구","서울특별시 도봉구 방학로5길 85, 1층 103호 (쌍문동)","",""
"가인재가복지센터","C0608739403","(재가노인복지시설) 재가노인복지시설","재가노인복지시설","자치구","1150000000","강서구","서울특별시 강서구 공항대로7길 41, 1층 (공항동)","",""
"훈앤규방문요양센터","C0608739456","(재가노인복지시설) 재가노인복지시설","재가노인복지시설","자치구","1154500000","금천구","서울특별시 금천구 시흥대로115길 13, 207호 (독산동)","",""
"강서데이케어센터","C0608739492","(재가노인복지시설) 재가노인복지시설","재가노인복지시설","자치구","1150000000","강서구","서울특별시 강서구 화곡로 225 (화곡동, 두산빌딩 2층 ,7층)","",""
"우리집재가복지센터","C0608739995","(재가노인복지시설) 재가노인복지시설","재가노인복지시설","자치구","1168000000","강남구","서울특별시 강남구 밤고개로23길 14-37, B02호 (율현동)","",""
"하나재가복지센터","C0608744152","(재가노인복지시설) 재가노인복지시설","재가노인복지시설","자치구","1130500000","강북구","서울특별시 강북구 삼양로74길 24-3, 지층 (미아동)","",""
"대교뉴이프 재가복지센터 서울강북센터","C0608744154","(재가노인복지시설) 재가노인복지시설","재가노인복지시설","자치구","1130500000","강북구","서울특별시 강북구 삼양로 263, 2층 (미아동)","",""
"넘치는재가노인복지센터","C0608749151","(재가노인복지시설) 재가노인복지시설","재가노인복지시설","자치구","1138000000","은평구","서울특별시 은평구 연서로11길 19-3, 1층 (구산동)","",""
"따손방문요양센터","C0608776150","(재가노인복지시설) 재가노인복지시설","재가노인복지시설","자치구","1129000000","성북구","서울특별시 성북구 보문로 105-1, 3층 301호 (보문동2가)","",""
"(주)케어링 방문요양센터 서울 성북점","C0608778157","(재가노인복지시설) 재가노인복지시설","재가노인복지시설","자치구","1129000000","성북구","서울특별시 성북구 보국문로 90, 2,3층 (정릉동)","",""
"153어르신재가복지센터","C0608821286","(재가노인복지시설) 재가노인복지시설","재가노인복지시설","자치구","1141000000","서대문구","서울특별시 서대문구 충정로 73, 2층 (충정로2가)","",""
"햇살복지용구","C0608821288","(재가노인복지시설) 재가노인복지시설","재가노인복지시설","자치구","1141000000","서대문구","서울특별시 서대문구 응암로 17, 501호 (북가좌동, 성도빌딩)","",""
"강서참사랑재가돌봄센터","C0608821363","(재가노인복지시설) 재가노인복지시설","재가노인복지시설","자치구","1150000000","강서구","서울특별시 강서구 금낭화로 54-3, 3층 301호 (방화동)","",""
"배나섬재가복지센터","C0608821514","(재가노인복지시설) 재가노인복지시설","재가노인복지시설","자치구","1171000000","송파구","서울특별시 송파구 오금로42길 7-1, 2층 (가락동)","",""
"광진홈케어노인복지센터","C0608821568","(재가노인복지시설) 재가노인복지시설","재가노인복지시설","자치구","1121500000","광진구","서울특별시 광진구 뚝섬로30가길 15, 1층 (자양동)","",""
"광진섬김주간보호센터","C0608821612","(재가노인복지시설) 재가노인복지시설","재가노인복지시설","자치구","1121500000","광진구","서울특별시 광진구 구의강변로 35, 2층 (구의동, 삼진빌딩)","",""
"가정방문요양센터","C0608821774","(재가노인복지시설) 재가노인복지시설","재가노인복지시설","자치구","1126000000","중랑구","서울특별시 중랑구 면목로22길 36, 1층 (면목동)","",""
"국민재가노인복지센터","C0608821776","(재가노인복지시설) 재가노인복지시설","재가노인복지시설","자치구","1126000000","중랑구","서울특별시 중랑구 신내로 211, 334호 (신내동)","",""
"누리예케어 복지용구 의료기","C0608821780","(재가노인복지시설) 재가노인복지시설","재가노인복지시설","자치구","1126000000","중랑구","서울특별시 중랑구 신내로7나길 18, 2층 (상봉동)","",""
"상봉재가복지센터","C0608821781","(재가노인복지시설) 재가노인복지시설","재가노인복지시설","자치구","1126000000","중랑구","서울특별시 중랑구 상봉로 20, 4층 (면목동)","",""
"새봄재가복지센터","C0608821782","(재가노인복지시설) 재가노인복지시설","재가노인복지시설","자치구","1126000000","중랑구","서울특별시 중랑구 중랑천로12길 4, B동 402호 (상봉동, 지앤지홈타운A,B동)","",""
"'은혜'재가노인복지센터","C0608821783","(재가노인복지시설) 재가노인복지시설","재가노인복지시설","자치구","1126000000","중랑구","서울특별시 중랑구 신내로 51, 상가동 121호 (신내동, 성원아파트)","",""
"선 재가복지센터","C0608850150","(재가노인복지시설) 재가노인복지시설","재가노인복지시설","자치구","1130500000","강북구","서울특별시 강북구 삼양로79길 8, 1층 (수유동)","",""
"목동재가복지센터","C0608854150","(재가노인복지시설) 재가노인복지시설","재가노인복지시설","자치구","1147000000","양천구","서울특별시 양천구 오목로 318, 401호 (목동, 세화빌딩)","",""
"건강장수 재가복지센터","C0608854151","(재가노인복지시설) 재가노인복지시설","재가노인복지시설","자치구","1147000000","양천구","서울특별시 양천구 목동중앙서로7가길 9, 1층 (목동, 우측)","",""
"재가복지센터참평강","C0608854153","(재가노인복지시설) 재가노인복지시설","재가노인복지시설","자치구","1153000000","구로구","서울특별시 구로구 서해안로 2316, 2층 (오류동)","",""
"중앙재가복지센터","C0608855150","(재가노인복지시설) 재가노인복지시설","재가노인복지시설","자치구","1153000000","구로구","서울특별시 구로구 구로중앙로34길 32, 301호 (구로동)","",""
"사랑모아방문요양센터","C0608861168","(재가노인복지시설) 재가노인복지시설","재가노인복지시설","자치구","1162000000","관악구","서울특별시 관악구 청룡7길 47, 1층 2호 (봉천동)","",""
"기쁨재가방문요양센터","C0608861169","(재가노인복지시설) 재가노인복지시설","재가노인복지시설","자치구","1162000000","관악구","서울특별시 관악구 남부순환로161길 20, 1층 1호 (신림동)","",""
"가람노인복지방문센터","C0608861170","(재가노인복지시설) 재가노인복지시설","재가노인복지시설","자치구","1162000000","관악구","서울특별시 관악구 대학길 103, 101호 (신림동)","",""
"든든해재가복지센터","C0608861196","(재가노인복지시설) 재가노인복지시설","재가노인복지시설","자치구","1174000000","강동구","서울특별시 강동구 양재대로 1448, 402호 (길동)","",""
"서브온 재가복지센터","C0608861304","(재가노인복지시설) 재가노인복지시설","재가노인복지시설","자치구","1165000000","서초구","서울특별시 서초구 서초대로46길 20-6, 5층 (서초동)","",""
"젠케어방문요양센터","C0608861306","(재가노인복지시설) 재가노인복지시설","재가노인복지시설","자치구","1156000000","영등포구","서울특별시 영등포구 신길로 12, 2층 (신길동)","",""
"시니어넷재가복지센터","C0608861325","(재가노인복지시설) 재가노인복지시설","재가노인복지시설","자치구","1150000000","강서구","서울특별시 강서구 공항대로 186, 6층 16호 (마곡동, 로뎀타워)","",""
"연세방문요양센터","C0608861337","(재가노인복지시설) 재가노인복지시설","재가노인복지시설","자치구","1129000000","성북구","서울특별시 성북구 동소문로 2, 3층 (동소문동2가)","",""
"조은재가복지센터","C0608861351","(재가노인복지시설) 재가노인복지시설","재가노인복지시설","자치구","1130500000","강북구","서울특별시 강북구 삼양로 237, 2층 (미아동)","",""
"더사랑데이케어센터","C0608861420","(재가노인복지시설) 재가노인복지시설","재가노인복지시설","자치구","1132000000","도봉구","서울특별시 도봉구 도봉로 601, 2~3층 (쌍문동, 시그마팰리스)","",""
"엘림재가집으로가는home케어","C0608861429","(재가노인복지시설) 재가노인복지시설","재가노인복지시설","자치구","1150000000","강서구","서울특별시 강서구 초원로 54-1, 2층 (방화동)","",""
"자식품안에 통합돌봄센터","C0608861536","(재가노인복지시설) 재가노인복지시설","재가노인복지시설","자치구","1132000000","도봉구","서울특별시 도봉구 도봉산4가길 13-7, 1층 (도봉동)","",""
"예랑 방문요양센터","C0608861650","(재가노인복지시설) 재가노인복지시설","재가노인복지시설","자치구","1132000000","도봉구","서울특별시 도봉구 덕릉로54가길 25, 1층 101호 (창동)","",""
"해피콜케어 복지용구","C0608861927","(재가노인복지시설) 재가노인복지시설","재가노인복지시설","자치구","1168000000","강남구","서울특별시 강남구 논현로6길 5, 302호 (개포동)","",""
"다온재가복지센터","C0608898151","(재가노인복지시설) 재가노인복지시설","재가노인복지시설","자치구","1114000000","중구","서울특별시 중구 다산로33길 34, 1층 (신당동)","",""
"봄날 데이케어센터","C0608954254","(재가노인복지시설) 재가노인복지시설","재가노인복지시설","자치구","1174000000","강동구","서울특별시 강동구 상암로 195, 401호 (명일동)","",""
"강서행복누리재가복지센터","C0608954479","(재가노인복지시설) 재가노인복지시설","재가노인복지시설","자치구","1150000000","강서구","서울특별시 강서구 강서로18길 52, 1층 (화곡동)","",""
"등대방문요양재가센터","C0608954482","(재가노인복지시설) 재가노인복지시설","재가노인복지시설","자치구","1150000000","강서구","서울특별시 강서구 방화대로34길 120, 상가동 9호 (마곡동, 신안빌라)","",""
"맞춤재가노인복지센터","C0608954563","(재가노인복지시설) 재가노인복지시설","재가노인복지시설","자치구","1126000000","중랑구","서울특별시 중랑구 망우로81길 5, 1층 (망우동)","",""
"성심재가복지요양센터","C0608954566","(재가노인복지시설) 재가노인복지시설","재가노인복지시설","자치구","1126000000","중랑구","서울특별시 중랑구 면목로73길 14, 1층 3호 (면목동)","",""
"장수재가방문요양센터","C0608954567","(재가노인복지시설) 재가노인복지시설","재가노인복지시설","자치구","1126000000","중랑구","서울특별시 중랑구 용마산로117길 19, 2층 (망우동)","",""
"닥터시니어 의료기복지용구","C0608954607","(재가노인복지시설) 재가노인복지시설","재가노인복지시설","자치구","1147000000","양천구","서울특별시 양천구 오목로37길 2-1, B층 1호 (신정동)","",""
"가족사랑데이케어센터","C0608954621","(재가노인복지시설) 재가노인복지시설","재가노인복지시설","자치구","1147000000","양천구","서울특별시 양천구 곰달래로 47, 2층 (신월동)","",""
"동화메디칼","C0608954683","(재가노인복지시설) 재가노인복지시설","재가노인복지시설","자치구","1162000000","관악구","서울특별시 관악구 은천로 61, 1층 (봉천동, 은천누리에뜰)","",""
"서울방문요양센터","C0608954739","(재가노인복지시설) 재가노인복지시설","재가노인복지시설","자치구","1141000000","서대문구","서울특별시 서대문구 인왕시장길 12, 3층 (홍제동)","",""
"행복드림노인복지센터","C0608954740","(재가노인복지시설) 재가노인복지시설","재가노인복지시설","자치구","1141000000","서대문구","서울특별시 서대문구 거북골로14길 5, 203호호 (북가좌동)","",""
"행복이음재가복지센터","C0608954771","(재가노인복지시설) 재가노인복지시설","재가노인복지시설","자치구","1111000000","종로구","서울특별시 종로구 사직로 97 (필운동, (필운동, 새마을금고  3층, 305호))","",""
"서울방문요양센터","C0608954787","(재가노인복지시설) 재가노인복지시설","재가노인복지시설","자치구","1141000000","서대문구","서울특별시 서대문구 인왕시장길 12, 3층 (홍제동)","",""
"월드케어재가요양센터","C0608954815","(재가노인복지시설) 재가노인복지시설","재가노인복지시설","자치구","1147000000","양천구","서울특별시 양천구 오목로 180, 4층 (신정동, 평화빌딩)","",""
"햇살재가복지센터","C0608954847","(재가노인복지시설) 재가노인복지시설","재가노인복지시설","자치구","1120000000","성동구","서울특별시 성동구 자동차시장1길 57, 209호 (용답동)","",""
"(주)케어링 방문요양센터 서울 영등포점","C0608954879","(재가노인복지시설) 재가노인복지시설","재가노인복지시설","자치구","1156000000","영등포구","서울특별시 영등포구 당산로33길 15, 4층 (당산동3가)","",""
"시니어재가복지센터","C0608971150","(재가노인복지시설) 재가노인복지시설","재가노인복지시설","자치구","1135000000","노원구","서울특별시 노원구 덕릉로126라길 18-8, 101호 (상계동, 무지개빌라)","",""
"중계재활데이케어","C0608971151","(재가노인복지시설) 재가노인복지시설","재가노인복지시설","자치구","1135000000","노원구","서울특별시 노원구 덕릉로73길 18, 2층 (중계동, 태인빌딩)","",""
"햇님달님데이케어센터","C0608971152","(재가노인복지시설) 재가노인복지시설","재가노인복지시설","자치구","1135000000","노원구","서울특별시 노원구 덕릉로 799, 2층 (상계동)","",""
"중계재활데이케어","C0608971153","(재가노인복지시설) 재가노인복지시설","재가노인복지시설","자치구","1135000000","노원구","서울특별시 노원구 덕릉로73길 18, 2층 (중계동, 태인빌딩)","",""
"햇님방문요양센터","C0608972151","(재가노인복지시설) 재가노인복지시설","재가노인복지시설","자치구","1123000000","동대문구","서울특별시 동대문구 답십리로66길 41, 1층 (장안동)","",""
"한성 방문요양센터","C0608999150","(재가노인복지시설) 재가노인복지시설","재가노인복지시설","자치구","1171000000","송파구","서울특별시 송파구 동남로2길 13-11, 102호 (문정동)","",""
"한아름 방문요양센터","C0608999154","(재가노인복지시설) 재가노인복지시설","재가노인복지시설","자치구","1171000000","송파구","서울특별시 송파구 백제고분로31길 23-13, 302호 (삼전동)","",""
"큰별어르신재가복지센터","C0609004150","(재가노인복지시설) 재가노인복지시설","재가노인복지시설","자치구","1150000000","강서구","서울특별시 강서구 금낭화로 128, 6층 14호 (방화동, 하이포트 오피스텔)","",""
"선한재가복지센터","C0609004151","(재가노인복지시설) 재가노인복지시설","재가노인복지시설","자치구","1150000000","강서구","서울특별시 강서구 강서로17길 91, 2층 4호 (화곡동, 우솔아트빌)","",""
"A+주빛재가복지센터","C0609012152","(재가노인복지시설) 재가노인복지시설","재가노인복지시설","자치구","1138000000","은평구","서울특별시 은평구 연서로 302, 2층 (불광동)","",""
"가람재가노인복지센터","C0609012153","(재가노인복지시설) 재가노인복지시설","재가노인복지시설","자치구","1138000000","은평구","서울특별시 은평구 진관4로 77, 702동 상가104호 (진관동, 은평뉴타운 상림마을)","",""
"사드레 방문요양센터","C0609012154","(재가노인복지시설) 재가노인복지시설","재가노인복지시설","자치구","1138000000","은평구","서울특별시 은평구 갈현로 10-7, 3층 (신사동)","",""
"정케어재가복지센터","C0609012155","(재가노인복지시설) 재가노인복지시설","재가노인복지시설","자치구","1138000000","은평구","서울특별시 은평구 은평터널로5길 20-3, 201호 (신사동, 스카이하우스)","",""
"더 가산 복지센터","C0609064158","(재가노인복지시설) 재가노인복지시설","재가노인복지시설","자치구","1154500000","금천구","서울특별시 금천구 가산로 119, 302호 (가산동)","",""
"푸른숲재가노인복지센터","C0609064426","(재가노인복지시설) 재가노인복지시설","재가노인복지시설","자치구","1129000000","성북구","서울특별시 성북구 정릉로42길 20, 1층 101-4호 (정릉동)","",""
"동행데이케어센터 도봉점","C0609064437","(재가노인복지시설) 재가노인복지시설","재가노인복지시설","자치구","1132000000","도봉구","서울특별시 도봉구 도봉로 569, 3층 (쌍문동)","",""
"용산재가복지센터","C0609064621","(재가노인복지시설) 재가노인복지시설","재가노인복지시설","자치구","1117000000","용산구","서울특별시 용산구 이촌로14길 16, 5동 106호 (이촌동, 시범아파트)","",""
"웰케어 통합간호센터","C0609064830","(재가노인복지시설) 재가노인복지시설","재가노인복지시설","자치구","1168000000","강남구","서울특별시 강남구 봉은사로114길 38, 404호 (삼성동)","",""
"'(A)비지팅엔젤스코리아","C0609064835","(재가노인복지시설) 재가노인복지시설","재가노인복지시설","자치구","1168000000","강남구","서울특별시 강남구 테헤란로 310, 807호, 809호 (역삼동)","",""
"우리집방문요양센터","C0609064979","(재가노인복지시설) 재가노인복지시설","재가노인복지시설","자치구","1153000000","구로구","서울특별시 구로구 구로중앙로31길 34, 606호 (구로동)","",""
"미소데이케어센터","C0609064984","(재가노인복지시설) 재가노인복지시설","재가노인복지시설","자치구","1153000000","구로구","서울특별시 구로구 경인로47길 150, 상가동 지하1층 (고척동, 경남1차아파트)","",""
"동행복지용구","C0609065149","(재가노인복지시설) 재가노인복지시설","재가노인복지시설","자치구","1135000000","노원구","서울특별시 노원구 한글비석로24바길 10, B1호 (상계동)","",""
"예나데이케어센터","C0609089150","(재가노인복지시설) 재가노인복지시설","재가노인복지시설","자치구","1138000000","은평구","서울특별시 은평구 통일로73길 5-6 (대조동)","",""
"한마음 강남재가복지센터","C0609130151","(재가노인복지시설) 재가노인복지시설","재가노인복지시설","자치구","1168000000","강남구","서울특별시 강남구 선릉로 524, 804호 (삼성동)","",""
"우리데이케어센터","C0609131234","(재가노인복지시설) 재가노인복지시설","재가노인복지시설","자치구","1147000000","양천구","서울특별시 양천구 곰달래로9길 12 (신월동)","",""
"더샤인재가복지센터","C0609131305","(재가노인복지시설) 재가노인복지시설","재가노인복지시설","자치구","1123000000","동대문구","서울특별시 동대문구 제기로21길 43-15, 103호 (청량리동)","",""
"미덕 방문요양센터","C0609131383","(재가노인복지시설) 재가노인복지시설","재가노인복지시설","자치구","1138000000","은평구","서울특별시 은평구 서오릉로13길 3-9 (구산동)","",""
"가인재가복지센터","C0609131486","(재가노인복지시설) 재가노인복지시설","재가노인복지시설","자치구","1174000000","강동구","서울특별시 강동구 천중로17길 51, 1층 (천호동)","",""
"다정한재가방문요양센터","C0609131487","(재가노인복지시설) 재가노인복지시설","재가노인복지시설","자치구","1174000000","강동구","서울특별시 강동구 구천면로64길 6, 103호 (천호동)","",""
"기쁨재가노인복지센터","C0609131502","(재가노인복지시설) 재가노인복지시설","재가노인복지시설","자치구","1171000000","송파구","서울특별시 송파구 문정로 9, 701호 (문정동)","",""
"홍은종합사회복지관","C0609131577","(재가노인복지시설) 재가노인복지시설","재가노인복지시설","자치구","1141000000","서대문구","서울특별시 서대문구 세검정로1길 116, 1층 (홍은동)","",""
"델리셔스 헬시","C0609131623","(재가노인복지시설) 재가노인복지시설","재가노인복지시설","자치구","1162000000","관악구","서울특별시 관악구 남부순환로186가길 24, 지하층 B01호 (신림동)","",""
"실버헬스복지용구센터","C0609131655","(재가노인복지시설) 재가노인복지시설","재가노인복지시설","자치구","1150000000","강서구","서울특별시 강서구 화곡로68길 82, 7층 1호 (등촌동, 강서아이티밸리)","",""
"대교뉴이프 데이케어센터 성북센터","C0609131689","(재가노인복지시설) 재가노인복지시설","재가노인복지시설","자치구","1129000000","성북구","서울특별시 성북구 화랑로 265, 3층 (장위동, H하우스 장위)","",""
"딸래미재가노인복지센터","C0609132106","(재가노인복지시설) 재가노인복지시설","재가노인복지시설","자치구","1120000000","성동구","서울특별시 성동구 왕십리로21길 54 (행당동)","",""
"나모사회적협동조합 재가 방문요양센터","C0609148150","(재가노인복지시설) 재가노인복지시설","재가노인복지시설","자치구","1150000000","강서구","서울특별시 강서구 개화동로19길 7, 102호 (개화동)","",""
"개화미라클재가어르신복지센터","C0609148154","(재가노인복지시설) 재가노인복지시설","재가노인복지시설","자치구","1150000000","강서구","서울특별시 강서구 개화동로19길 7, 102호 (개화동)","",""
"가온재가복지센터","C0609149150","(재가노인복지시설) 재가노인복지시설","재가노인복지시설","자치구","1130500000","강북구","서울특별시 강북구 솔샘로 285 (미아동)","",""
"청담원 재가복지센터","C0609158153","(재가노인복지시설) 재가노인복지시설","재가노인복지시설","자치구","1165000000","서초구","서울특별시 서초구 효령로70길 36-9, 102호 (서초동)","",""
"리본노인복지센터","C0609181551","(재가노인복지시설) 재가노인복지시설","재가노인복지시설","자치구","1135000000","노원구","서울특별시 노원구 동일로237가길 49, 1층 우측호 (상계동)","",""
"진심다한 주간보호센터","C0609181579","(재가노인복지시설) 재가노인복지시설","재가노인복지시설","자치구","1135000000","노원구","서울특별시 노원구 공릉로63길 13, 7층 (하계동, 유토피아빌딩)","",""
"정담재가복지센터","C0609181581","(재가노인복지시설) 재가노인복지시설","재가노인복지시설","자치구","1135000000","노원구","서울특별시 노원구 동일로 1493, 2층 211호 (상계동, 상계주공10단지 종합상가)","",""
"하나요양재가복지센터","C0609181583","(재가노인복지시설) 재가노인복지시설","재가노인복지시설","자치구","1135000000","노원구","서울특별시 노원구 동일로 1027, 2층 (공릉동, 송이빌딩)","",""
"정다운 노인방문요양센터","C0609181597","(재가노인복지시설) 재가노인복지시설","재가노인복지시설","자치구","1135000000","노원구","서울특별시 노원구 한글비석로36길 47, 1층 우측호 (상계동)","",""
"따뜻한마음 방문요양센터","C0609181610","(재가노인복지시설) 재가노인복지시설","재가노인복지시설","자치구","1135000000","노원구","서울특별시 노원구 덕릉로 796, 1층 왼쪽호 (상계동)","",""
"수정재가방문요양센터","C0609181840","(재가노인복지시설) 재가노인복지시설","재가노인복지시설","자치구","1156000000","영등포구","서울특별시 영등포구 대림로34나길 13, 1층 (대림동)","",""
"든든한재가복지센터","C0609181841","(재가노인복지시설) 재가노인복지시설","재가노인복지시설","자치구","1156000000","영등포구","서울특별시 영등포구 선유로 27, 501호 (문래동5가, 대륭오피스텔)","",""
"봄이홈케어센터","C0609191152","(재가노인복지시설) 재가노인복지시설","재가노인복지시설","자치구","1132000000","도봉구","서울특별시 도봉구 우이천로16길 18, 102호 (창동)","",""
"밝은빛재가복지센터","C0609217182","(재가노인복지시설) 재가노인복지시설","재가노인복지시설","자치구","1174000000","강동구","서울특별시 강동구 상암로 210, 3층 6C호 (명일동, 명일현대종합상가)","",""
"더드림복지재가센터","C0609217461","(재가노인복지시설) 재가노인복지시설","재가노인복지시설","자치구","1130500000","강북구","서울특별시 강북구 노해로 117, 1층 (수유동)","",""
"희망재가복지센터","C0609217537","(재가노인복지시설) 재가노인복지시설","재가노인복지시설","자치구","1144000000","마포구","서울특별시 마포구 월드컵북로 233, 214호 (성산동, 제1상가동)","",""
"강서은혜재가복지센터","C0609217542","(재가노인복지시설) 재가노인복지시설","재가노인복지시설","자치구","1150000000","강서구","서울특별시 강서구 공항대로41길 51, 212호 (등촌동)","",""
"로뎀나무 재가노인복지센터","C0609217547","(재가노인복지시설) 재가노인복지시설","재가노인복지시설","자치구","1150000000","강서구","서울특별시 강서구 가로공원로76가길 9, 3층 301호 (화곡동)","",""
"사랑재가복지센터","C0609217551","(재가노인복지시설) 재가노인복지시설","재가노인복지시설","자치구","1150000000","강서구","서울특별시 강서구 양천로 507, 상가동 202호 (가양동, 강나루현대아파트)","",""
"대교뉴이프 데이케어센터 강서센터","C0609217553","(재가노인복지시설) 재가노인복지시설","재가노인복지시설","자치구","1150000000","강서구","서울특별시 강서구 공항대로 220 (마곡동, 우성에스비타워 2차 3층)","",""
"(A)효성재가복지센터","C0609217561","(재가노인복지시설) 재가노인복지시설","재가노인복지시설","자치구","1130500000","강북구","서울특별시 강북구 도봉로 296, 7층 (번동)","",""
"서정재가복지센터","C0609217562","(재가노인복지시설) 재가노인복지시설","재가노인복지시설","자치구","1130500000","강북구","서울특별시 강북구 월계로37길 129, 107호 (번동)","",""
"엘림 재가방문 요양센터","C0609217564","(재가노인복지시설) 재가노인복지시설","재가노인복지시설","자치구","1130500000","강북구","서울특별시 강북구 월계로 7, 201호 (미아동)","",""
"대교뉴이프 재가복지센터 서울성북센터","C0609217612","(재가노인복지시설) 재가노인복지시설","재가노인복지시설","자치구","1129000000","성북구","서울특별시 성북구 숭인로 4, 102호 (길음동)","",""
"꿈꾸는재가노인복지센터","C0609217620","(재가노인복지시설) 재가노인복지시설","재가노인복지시설","자치구","1150000000","강서구","서울특별시 강서구 수명로2가길 22, 상가동 201호 (내발산동)","",""
"돌봄재가복지센터","C0609217698","(재가노인복지시설) 재가노인복지시설","재가노인복지시설","자치구","1121500000","광진구","서울특별시 광진구 긴고랑로13길 92, 1층 (중곡동)","",""
"늘푸른건강 재가복지센터","C0609217707","(재가노인복지시설) 재가노인복지시설","재가노인복지시설","자치구","1121500000","광진구","서울특별시 광진구 아차산로55길 43, 101호 (구의동)","",""
"더좋은 재가복지센터","C0609217713","(재가노인복지시설) 재가노인복지시설","재가노인복지시설","자치구","1121500000","광진구","서울특별시 광진구 아차산로65길 25, 1층 (구의동)","",""
"스마일 재활전문데이케어센터","C0609254171","(재가노인복지시설) 재가노인복지시설","재가노인복지시설","자치구","1132000000","도봉구","서울특별시 도봉구 도봉로136가길 73, 103동 3층 301호 (창동, 북한산한신휴플러스)","",""
"중구도솔재가복지센터","C0609254604","(재가노인복지시설) 재가노인복지시설","재가노인복지시설","자치구","1114000000","중구","서울특별시 중구 다산로11길 13, 206호 (신당동)","",""
"천사재가복지센터","C0609254610","(재가노인복지시설) 재가노인복지시설","재가노인복지시설","자치구","1123000000","동대문구","서울특별시 동대문구 사가정로 148 (전농동, 전농 SK아파트)","",""
"고수련데이케어센터","C0609254978","(재가노인복지시설) 재가노인복지시설","재가노인복지시설","자치구","1135000000","노원구","서울특별시 노원구 상계로27길 32, 5층 (상계동, 대명빌딩)","",""
"(주)대교뉴이프 복지용구사무소","C0609254980","(재가노인복지시설) 재가노인복지시설","재가노인복지시설","자치구","1135000000","노원구","서울특별시 노원구 동일로 1036, 5층 503호 (공릉동)","",""
"하늘빛데이케어센터","C0609257152","(재가노인복지시설) 재가노인복지시설","재가노인복지시설","자치구","1162000000","관악구","서울특별시 관악구 쑥고개로 100, 4층 1,2호 (봉천동, 생모리츠타운 상가동)","",""
"엔젤재활데이케어센터","C0609257154","(재가노인복지시설) 재가노인복지시설","재가노인복지시설","자치구","1162000000","관악구","서울특별시 관악구 난향길 5, 3,4층 (신림동, 태성빌딩)","",""
"더나누리재가복지센터","C0609257155","(재가노인복지시설) 재가노인복지시설","재가노인복지시설","자치구","1162000000","관악구","서울특별시 관악구 남부순환로 1536, 201호 (신림동)","",""
"안수인노인복지센터","C0609267171","(재가노인복지시설) 재가노인복지시설","재가노인복지시설","자치구","1154500000","금천구","서울특별시 금천구 금하로 691, B01호 (시흥동)","",""
"유일복지용구","C0609284197","(재가노인복지시설) 재가노인복지시설","재가노인복지시설","자치구","1123000000","동대문구","서울특별시 동대문구 천호대로 393 (장안동)","",""
"(A+)도봉재가복지센터","C0609290151","(재가노인복지시설) 재가노인복지시설","재가노인복지시설","자치구","1132000000","도봉구","서울특별시 도봉구 방학로2길 44, 203호 (방학동, 보성빌딩)","",""
"기쁨재가복지센터","C0609299369","(재가노인복지시설) 재가노인복지시설","재가노인복지시설","자치구","1123000000","동대문구","서울특별시 동대문구 전농로15길 27 (전농동)","",""
"상월곡데이케어센터","C0609299578","(재가노인복지시설) 재가노인복지시설","재가노인복지시설","자치구","1129000000","성북구","서울특별시 성북구 화랑로18가길 21, 2층 (상월곡동)","",""
"푸른 재가복지센터","C0609299646","(재가노인복지시설) 재가노인복지시설","재가노인복지시설","자치구","1138000000","은평구","서울특별시 은평구 갈현로11길 16, 1층 (구산동)","",""
"스마일재가요양센터","C0609299647","(재가노인복지시설) 재가노인복지시설","재가노인복지시설","자치구","1138000000","은평구","서울특별시 은평구 백련산로 177-11, 2층 (응암동)","",""
"우리재가복지센터","C0609299689","(재가노인복지시설) 재가노인복지시설","재가노인복지시설","자치구","1129000000","성북구","서울특별시 성북구 보국문로 49-26 (정릉동)","",""
"해나방문요양센터","C0609299716","(재가노인복지시설) 재가노인복지시설","재가노인복지시설","자치구","1123000000","동대문구","서울특별시 동대문구 장한로12길 55, 1층 (장안동)","",""
"대교뉴이프 데이케어센터 송파센터","C0609299806","(재가노인복지시설) 재가노인복지시설","재가노인복지시설","자치구","1171000000","송파구","서울특별시 송파구 송이로32길 18, 에코타워동 3층 (문정동)","",""
"아들과딸 강서 주간보호센터","C0609299869","(재가노인복지시설) 재가노인복지시설","재가노인복지시설","자치구","1150000000","강서구","서울특별시 강서구 수명로 68-11 (내발산동, 발산타워 803호,804호,901~903호)","",""
"시니엘데이케어센터","C0609299989","(재가노인복지시설) 재가노인복지시설","재가노인복지시설","자치구","1165000000","서초구","서울특별시 서초구 사평대로18길 10, 3~5층 (반포동, 부림빌딩)","",""
"뉴서울재가복지센터","C0609329152","(재가노인복지시설) 재가노인복지시설","재가노인복지시설","자치구","1117000000","용산구","서울특별시 용산구 청파로85길 26, 2층 (서계동)","",""
"뉴서울재가복지센터","C0609329154","(재가노인복지시설) 재가노인복지시설","재가노인복지시설","자치구","1117000000","용산구","서울특별시 용산구 청파로85길 26, 2층 (서계동)","",""
"고운손실버재가센터","C0609329156","(재가노인복지시설) 재가노인복지시설","재가노인복지시설","자치구","1117000000","용산구","서울특별시 용산구 효창원로42길 12, 2층 (용문동)","",""
"효나눔노인복지센터","C0609330175","(재가노인복지시설) 재가노인복지시설","재가노인복지시설","자치구","1162000000","관악구","서울특별시 관악구 문성로 74, 307호 (신림동, 신림건영아파트상가)","",""
"새솔주간보호센터","C0609330211","(재가노인복지시설) 재가노인복지시설","재가노인복지시설","자치구","1126000000","중랑구","서울특별시 중랑구 봉우재로 79, 5층 (상봉동)","",""
"든든재가복지센터","C0609330212","(재가노인복지시설) 재가노인복지시설","재가노인복지시설","자치구","1126000000","중랑구","서울특별시 중랑구 신내로17길 41, 706동 1205호 (신내동, 진로아파트)","",""
"대교뉴이프 데이케어센터 목동2호센터","C0609330261","(재가노인복지시설) 재가노인복지시설","재가노인복지시설","자치구","1147000000","양천구","서울특별시 양천구 중앙로32길 61, 2층 (신정동)","",""
"행정재가복지센터","C0609330268","(재가노인복지시설) 재가노인복지시설","재가노인복지시설","자치구","1147000000","양천구","서울특별시 양천구 목동중앙남로9길 3, 104호 (목동)","",""
"예사랑재활데이케어센터","C0609330396","(재가노인복지시설) 재가노인복지시설","재가노인복지시설","자치구","1132000000","도봉구","서울특별시 도봉구 도봉로125길 94, 3층 (쌍문동)","",""
"창동자운데이케어센터","C0609330411","(재가노인복지시설) 재가노인복지시설","재가노인복지시설","자치구","1132000000","도봉구","서울특별시 도봉구 마들로13길 165, 4층 (창동)","",""
"굿영등포재가방문요양센터","C0609330710","(재가노인복지시설) 재가노인복지시설","재가노인복지시설","자치구","1156000000","영등포구","서울특별시 영등포구 도신로 70, 303호 (신길동)","",""
"좋은날재가복지센터","C0609330712","(재가노인복지시설) 재가노인복지시설","재가노인복지시설","자치구","1156000000","영등포구","서울특별시 영등포구 도신로4길 10, 108,109호 (대림동)","",""
"사랑재가복지돌봄센터","C0609330820","(재가노인복지시설) 재가노인복지시설","재가노인복지시설","자치구","1132000000","도봉구","서울특별시 도봉구 방학로3길 71, 1층 (쌍문동)","",""
"더봄데이케어센터 은평점","C0609330917","(재가노인복지시설) 재가노인복지시설","재가노인복지시설","자치구","1138000000","은평구","서울특별시 은평구 갈현로 8, 6층 (신사동)","",""
"마음모아노인재가복지센터","C0609331081","(재가노인복지시설) 재가노인복지시설","재가노인복지시설","자치구","1129000000","성북구","서울특별시 성북구 한천로66길 189, 4층 402호 (석관동)","",""
"행복나눔재가복지센터","C0609363554","(재가노인복지시설) 재가노인복지시설","재가노인복지시설","자치구","1123000000","동대문구","서울특별시 동대문구 답십리로58길 40, 1층 (답십리동)","",""
"리더스 복지용구","C0609363606","(재가노인복지시설) 재가노인복지시설","재가노인복지시설","자치구","1171000000","송파구","서울특별시 송파구 새말로 155, 201호 (문정동, 동화빌딩)","",""
"호호재가요양복지센터","C0609363744","(재가노인복지시설) 재가노인복지시설","재가노인복지시설","자치구","1147000000","양천구","서울특별시 양천구 목동중앙본로5길 17, 1층 (목동)","",""
"케어닥 방문요양돌봄센터 양천파트너점","C0609363746","(재가노인복지시설) 재가노인복지시설","재가노인복지시설","자치구","1147000000","양천구","서울특별시 양천구 월정로27길 23, 1층 (신월동)","",""
"아가페재가복지센터","C0609363827","(재가노인복지시설) 재가노인복지시설","재가노인복지시설","자치구","1138000000","은평구","서울특별시 은평구 연서로9길 20, 1층 (구산동)","",""
"돌봄재가어르신복지센터","C0609363864","(재가노인복지시설) 재가노인복지시설","재가노인복지시설","자치구","1150000000","강서구","서울특별시 강서구 마곡중앙4로 18, 비동 914호 (마곡동)","",""
"더돌봄재가방문요양센터","C0609363867","(재가노인복지시설) 재가노인복지시설","재가노인복지시설","자치구","1150000000","강서구","서울특별시 강서구 금낭화로 136, 205호 (방화동, 에어뷰오피스텔21-2)","",""
"효정재가복지센터","C0609363935","(재가노인복지시설) 재가노인복지시설","재가노인복지시설","자치구","1171000000","송파구","서울특별시 송파구 백제고분로 67, 701호 (잠실동, 위너스오피스텔2)","",""
"소망방문요양센터","C0609363945","(재가노인복지시설) 재가노인복지시설","재가노인복지시설","자치구","1144000000","마포구","서울특별시 마포구 마포대로 63-8, 1241호 (도화동, 삼창프라자)","",""
"무지개노인재가방문요양센터","C0609363958","(재가노인복지시설) 재가노인복지시설","재가노인복지시설","자치구","1123000000","동대문구","서울특별시 동대문구 휘경로7길 9 (이문동)","",""
"어린왕자 방문재활간호센터","C0609363980","(재가노인복지시설) 재가노인복지시설","재가노인복지시설","자치구","1153000000","구로구","서울특별시 구로구 중앙로3길 12, 406호 (고척동, 서봉빌딩)","",""
"늘푸른재활주야간보호센터","C0609364005","(재가노인복지시설) 재가노인복지시설","재가노인복지시설","자치구","1150000000","강서구","서울특별시 강서구 수명로 80 (내발산동, 베스트프라자 601,701호)","",""
"봄날강서데이케어센터","C0609364027","(재가노인복지시설) 재가노인복지시설","재가노인복지시설","자치구","1150000000","강서구","서울특별시 강서구 양천로11길 15-11 (방화동, 1층)","",""
"번동데이케어센터","C0609364041","(재가노인복지시설) 재가노인복지시설","재가노인복지시설","자치구","1130500000","강북구","서울특별시 강북구 월계로 187, 2,3층 (번동)","",""
"새얀재가복지센터","C0609364081","(재가노인복지시설) 재가노인복지시설","재가노인복지시설","자치구","1174000000","강동구","서울특별시 강동구 아리수로72길 50, 1층 103호 (고덕동)","",""
"간호돌봄재가복지센터","C0609395166","(재가노인복지시설) 재가노인복지시설","재가노인복지시설","자치구","1121500000","광진구","서울특별시 광진구 면목로 202, 104호 (중곡동)","",""
"간호돌봄재가복지센터","C0609395168","(재가노인복지시설) 재가노인복지시설","재가노인복지시설","자치구","1121500000","광진구","서울특별시 광진구 면목로 202, 104호 (중곡동)","",""
"구립서초데이케어센터","C0609398150","(재가노인복지시설) 재가노인복지시설","재가노인복지시설","자치구","1165000000","서초구","서울특별시 서초구 반포대로22길 61 (서초동)","",""
"'나눔'재가노인복지센터","C0609413159","(재가노인복지시설) 재가노인복지시설","재가노인복지시설","자치구","1162000000","관악구","서울특별시 관악구 난우2길 17, 101호 (신림동, 소노카우치Ⅰ)","",""
"(주)대교뉴이프 방문요양센터 관악센터","C0609413160","(재가노인복지시설) 재가노인복지시설","재가노인복지시설","자치구","1162000000","관악구","서울특별시 관악구 보라매로3길 23, 304호 (봉천동)","",""
"휴먼재가복지센터","C0609413163","(재가노인복지시설) 재가노인복지시설","재가노인복지시설","자치구","1162000000","관악구","서울특별시 관악구 난곡로 53, 205호 (신림동, 관악산휴먼시아 상가동)","",""
"바야다홈헬스케어 성동요양센터","C0609420163","(재가노인복지시설) 재가노인복지시설","재가노인복지시설","자치구","1120000000","성동구","서울특별시 성동구 고산자로 269, 1706호 (도선동, 신한넥스텔 1706호)","",""
"서울시 중구 재가노인복지기관","C0609420174","(재가노인복지시설) 재가노인복지시설","재가노인복지시설","자치구","1114000000","중구","서울특별시 중구 다산로42길 126, 102호 (신당동)","",""
"하음복지센터","C0609420181","(재가노인복지시설) 재가노인복지시설","재가노인복지시설","자치구","1154500000","금천구","서울특별시 금천구 독산로8길 23 (시흥동)","",""
"구립화원데이케어센터","C0609420185","(재가노인복지시설) 재가노인복지시설","재가노인복지시설","자치구","1153000000","구로구","서울특별시 구로구 벚꽃로 484, 2층 (구로동, 화원종합사회복지관)","",""
"엠에이디실버","C0609420516","(재가노인복지시설) 재가노인복지시설","재가노인복지시설","자치구","1117000000","용산구","서울특별시 용산구 후암로48길 22, 지층 101호 (후암동)","",""
"대한민국의원 방문간호센터","C0609420517","(재가노인복지시설) 재가노인복지시설","재가노인복지시설","자치구","1117000000","용산구","서울특별시 용산구 청파로47길 7, 3,4,5층 (청파동3가)","",""
"온마음사회적협동조합복지센터","C0609420601","(재가노인복지시설) 재가노인복지시설","재가노인복지시설","자치구","1132000000","도봉구","서울특별시 도봉구 도봉로106길 23, 102동 1207호 (창동, 북한산현대홈시티)","",""
"성원재가복지센터","C0609420626","(재가노인복지시설) 재가노인복지시설","재가노인복지시설","자치구","1135000000","노원구","서울특별시 노원구 마들로3길 37, 2층 204호 (월계동, 성원4단지아파트 상가)","",""
"성심 재가복지센터","C0609420628","(재가노인복지시설) 재가노인복지시설","재가노인복지시설","자치구","1135000000","노원구","서울특별시 노원구 공릉로 154-13, 2층 (공릉동)","",""
"노원사랑 재가복지센터","C0609420638","(재가노인복지시설) 재가노인복지시설","재가노인복지시설","자치구","1135000000","노원구","서울특별시 노원구 한글비석로46가길 16, 104호 (상계동, 한신아파트 8동 상가)","",""
"우리동네재가복지센터","C0609420640","(재가노인복지시설) 재가노인복지시설","재가노인복지시설","자치구","1135000000","노원구","서울특별시 노원구 동일로228길 29, 401호 (상계동, 대원유치원)","",""
"이지스재가복지센터","C0609420642","(재가노인복지시설) 재가노인복지시설","재가노인복지시설","자치구","1135000000","노원구","서울특별시 노원구 노원로28길 57-1, 1층 (상계동)","",""
"참좋은방문요양센터","C0609420646","(재가노인복지시설) 재가노인복지시설","재가노인복지시설","자치구","1135000000","노원구","서울특별시 노원구 광운로2가길 23, 202호 (월계동, 삼창아파트 상가)","",""
"뉴라클주간보호센터","C0609421117","(재가노인복지시설) 재가노인복지시설","재가노인복지시설","자치구","1159000000","동작구","서울특별시 동작구 동작대로29길 63-5, 1.2.3.4층 (사당동)","",""
"단비방문요양센터","C0609421118","(재가노인복지시설) 재가노인복지시설","재가노인복지시설","자치구","1159000000","동작구","서울특별시 동작구 사당로29가길 33, 1층 103호 (사당동)","",""
"대방동행재가복지","C0609421119","(재가노인복지시설) 재가노인복지시설","재가노인복지시설","자치구","1159000000","동작구","서울특별시 동작구 여의대방로 194, 3층 301호 (대방동)","",""
"뉴라클주간보호센터","C0609450152","(재가노인복지시설) 재가노인복지시설","재가노인복지시설","자치구","1159000000","동작구","서울특별시 동작구 동작대로29길 63-5, 1.2.3.4층 (사당동)","",""
"뉴라클주간보호센터","C0609450153","(재가노인복지시설) 재가노인복지시설","재가노인복지시설","자치구","1159000000","동작구","서울특별시 동작구 동작대로29길 63-5, 1.2.3.4층 (사당동)","",""
"단비방문요양센터","C0609450155","(재가노인복지시설) 재가노인복지시설","재가노인복지시설","자치구","1159000000","동작구","서울특별시 동작구 사당로29가길 33, 1층 103호 (사당동)","",""
"가장따뜻한방문요양센터","C0609451387","(재가노인복지시설) 재가노인복지시설","재가노인복지시설","자치구","1168000000","강남구","서울특별시 강남구 봉은사로57길 8, 3층 301호 (삼성동, iSOD 삼성동빌딩)","",""
"가자재가복지센터","C0609451888","(재가노인복지시설) 재가노인복지시설","재가노인복지시설","자치구","1141000000","서대문구","서울특별시 서대문구 응암로 45-1, 1층 (북가좌동)","",""
"연세방문요양재가센터","C0609451889","(재가노인복지시설) 재가노인복지시설","재가노인복지시설","자치구","1141000000","서대문구","서울특별시 서대문구 세검정로4길 24, 1층 (홍제동)","",""
"따뜻한동행 데이케어센터","C0609452042","(재가노인복지시설) 재가노인복지시설","재가노인복지시설","자치구","1130500000","강북구","서울특별시 강북구 도봉로 243 (미아동)","",""
"은평나비재가노인복지센터","C0609452045","(재가노인복지시설) 재가노인복지시설","재가노인복지시설","자치구","1138000000","은평구","서울특별시 은평구 증산로21길 14, 101호 (신사동)","",""
"서연방문재활간호 재가요양센터 관악점","C0609452064","(재가노인복지시설) 재가노인복지시설","재가노인복지시설","자치구","1162000000","관악구","서울특별시 관악구 남부순환로 1808, 9층 13호 (봉천동, 관악센츄리타워)","",""
"에덴방문요양센터","C0609452153","(재가노인복지시설) 재가노인복지시설","재가노인복지시설","자치구","1159000000","동작구","서울특별시 동작구 사당로13길 9 (사당동)","",""
"88재가복지센터","C0609485159","(재가노인복지시설) 재가노인복지시설","재가노인복지시설","자치구","1150000000","강서구","서울특별시 강서구 방화동로16길 32 (방화동, 205-4호)","",""
"서울강동 데이케어센터","C0609492198","(재가노인복지시설) 재가노인복지시설","재가노인복지시설","자치구","1174000000","강동구","서울특별시 강동구 올림픽로 709, 2층 (천호동)","",""
"미소재가복지센터","C0609492310","(재가노인복지시설) 재가노인복지시설","재가노인복지시설","자치구","1156000000","영등포구","서울특별시 영등포구 도신로64길 24, 1층 (신길동)","",""
"C&J 재가복지센터","C0609492338","(재가노인복지시설) 재가노인복지시설","재가노인복지시설","자치구","1147000000","양천구","서울특별시 양천구 남부순환로40가길 12-2, 1층 (신월동)","",""
"명성방문요양센터","C0609492363","(재가노인복지시설) 재가노인복지시설","재가노인복지시설","자치구","1129000000","성북구","서울특별시 성북구 정릉로38가길 3, 1층 (정릉동)","",""
"좋은돌봄 방문간호요양센터","C0609492533","(재가노인복지시설) 재가노인복지시설","재가노인복지시설","자치구","1129000000","성북구","서울특별시 성북구 서경로 37-3, 2층 202호 (정릉동)","",""
"좋은돌봄 방문요양센터","C0609492799","(재가노인복지시설) 재가노인복지시설","재가노인복지시설","자치구","1132000000","도봉구","서울특별시 도봉구 도봉로147길 24, 1층 (방학동)","",""
"A+열매방문요양센터","C0609492803","(재가노인복지시설) 재가노인복지시설","재가노인복지시설","자치구","1132000000","도봉구","서울특별시 도봉구 시루봉로 105, 201호 (방학동, 신동아상가)","",""
"스마일시니어 유캔방문요양센터","C0609492810","(재가노인복지시설) 재가노인복지시설","재가노인복지시설","자치구","1132000000","도봉구","서울특별시 도봉구 도봉로180가길 96, 401호 (도봉동)","",""
"정성케어 방문요양간호센터","C0609493176","(재가노인복지시설) 재가노인복지시설","재가노인복지시설","자치구","1165000000","서초구","서울특별시 서초구 태봉로2길 5 (우면동, 상가동 103호)","",""
"우리효재가복지센터","C0609494163","(재가노인복지시설) 재가노인복지시설","재가노인복지시설","자치구","1126000000","중랑구","서울특별시 중랑구 동일로130길 19, 1층 (중화동)","",""
"에이원데이케어센터","C0609507152","(재가노인복지시설) 재가노인복지시설","재가노인복지시설","자치구","1147000000","양천구","서울특별시 양천구 중앙로 312, 1층 (신정동)","",""
"(주)대교뉴이프 방문요양센터 노원센터","C0609522199","(재가노인복지시설) 재가노인복지시설","재가노인복지시설","자치구","1135000000","노원구","서울특별시 노원구 동일로 1036, 5층 501호 (공릉동)","",""
"서울은평노인복지용구","C0609522511","(재가노인복지시설) 재가노인복지시설","재가노인복지시설","자치구","1138000000","은평구","서울특별시 은평구 가좌로7나길 14-1, 지층 (응암동)","",""
"더사랑재가복지센터","C0609522755","(재가노인복지시설) 재가노인복지시설","재가노인복지시설","자치구","1153000000","구로구","서울특별시 구로구 고척로31길 28 (고척동)","",""
"수정재가복지센터","C0609522830","(재가노인복지시설) 재가노인복지시설","재가노인복지시설","자치구","1144000000","마포구","서울특별시 마포구 마포대로 12, 507호 (마포동, 한신오피스텔)","",""
"신사임당재가복지센터","C0609522927","(재가노인복지시설) 재가노인복지시설","재가노인복지시설","자치구","1150000000","강서구","서울특별시 강서구 우장산로16길 20, 201호 (화곡동)","",""
"사랑방문요양재가센터","C0609522929","(재가노인복지시설) 재가노인복지시설","재가노인복지시설","자치구","1123000000","동대문구","서울특별시 동대문구 한천로 440 (이문동)","",""
"노아어르신복지센터","C0609522959","(재가노인복지시설) 재가노인복지시설","재가노인복지시설","자치구","1129000000","성북구","서울특별시 성북구 장위로31길 3, 1층 (장위동)","",""
"하나재가복지센터","C0609522997","(재가노인복지시설) 재가노인복지시설","재가노인복지시설","자치구","1129000000","성북구","서울특별시 성북구 종암로19길 73, 101호 (종암동, 종암동 근생주택)","",""
"웰케어전국간호센터","C0609523050","(재가노인복지시설) 재가노인복지시설","재가노인복지시설","자치구","1168000000","강남구","서울특별시 강남구 봉은사로114길 38, 604호 (삼성동)","",""
"은평어르신복지센터","C0609523143","(재가노인복지시설) 재가노인복지시설","재가노인복지시설","자치구","1138000000","은평구","서울특별시 은평구 연서로41가길 3, 1층 (불광동)","",""
"사랑나무노인복지센터","C0609523144","(재가노인복지시설) 재가노인복지시설","재가노인복지시설","자치구","1138000000","은평구","서울특별시 은평구 증산로21길 6, 1층 (신사동)","",""
"케어365재가복지센터","C0609543165","(재가노인복지시설) 재가노인복지시설","재가노인복지시설","자치구","1130500000","강북구","서울특별시 강북구 오현로 190, 2층 (번동)","",""
"다시봄간호요양센터","C0609545185","(재가노인복지시설) 재가노인복지시설","재가노인복지시설","자치구","1130500000","강북구","서울특별시 강북구 삼양로 362, 1층 (수유동)","",""
"초록재가복지센터","C0609545193","(재가노인복지시설) 재가노인복지시설","재가노인복지시설","자치구","1150000000","강서구","서울특별시 강서구 등촌로13길 76, 지1층 (화곡동, 유노이아)","",""
"재미마중 재가노인복지센터","C0609545206","(재가노인복지시설) 재가노인복지시설","재가노인복지시설","자치구","1138000000","은평구","서울특별시 은평구 수색로 217, 102호 (수색동, 디엠씨 자이1단지(DMC 자이1))","",""
"실버홈방문요양센터","C0609545229","(재가노인복지시설) 재가노인복지시설","재가노인복지시설","자치구","1171000000","송파구","서울특별시 송파구 가락로15길 7-1, 1층 102호 (석촌동)","",""
"두드림데이케어센터","C0609545281","(재가노인복지시설) 재가노인복지시설","재가노인복지시설","자치구","1162000000","관악구","서울특별시 관악구 관악로 287, 302?3?7?8호 (봉천동, 성현동아파트 상가동)","",""
"햇살정원 재가복지센터","C0609545288","(재가노인복지시설) 재가노인복지시설","재가노인복지시설","자치구","1174000000","강동구","서울특별시 강동구 상암로 121, 102호 (천호동)","",""
"한마음재가복지센터","C0609545330","(재가노인복지시설) 재가노인복지시설","재가노인복지시설","자치구","1121500000","광진구","서울특별시 광진구 구의로 25, 201호 (구의동)","",""
"대교뉴이프 데이케어센터 목동3호센터","C0609545475","(재가노인복지시설) 재가노인복지시설","재가노인복지시설","자치구","1147000000","양천구","서울특별시 양천구 목동서로 130, 2층 (목동, 목동신시가지아파트4단지)","",""
"그린재가복지센터","C0609545658","(재가노인복지시설) 재가노인복지시설","재가노인복지시설","자치구","1129000000","성북구","서울특별시 성북구 화랑로 92, 102호 (하월곡동)","",""
"사랑주야간복지센터","C0609545776","(재가노인복지시설) 재가노인복지시설","재가노인복지시설","자치구","1129000000","성북구","서울특별시 성북구 보국문로17길 8, 1층 (정릉동)","",""
"허준의료기","C0609545830","(재가노인복지시설) 재가노인복지시설","재가노인복지시설","자치구","1154500000","금천구","서울특별시 금천구 시흥대로 155, 107호 (시흥동)","",""
"금천광명메디칼","C0609545836","(재가노인복지시설) 재가노인복지시설","재가노인복지시설","자치구","1154500000","금천구","서울특별시 금천구 금하로1나길 8, 1층 (독산동)","",""
"한마음 재가방문요양센터","C0609559155","(재가노인복지시설) 재가노인복지시설","재가노인복지시설","자치구","1147000000","양천구","서울특별시 양천구 목동중앙본로18길 6, 4층 403호 (목동, 대광빌딩)","",""
"으뜸어르신 방문요양센터","C0609565380","(재가노인복지시설) 재가노인복지시설","재가노인복지시설","자치구","1135000000","노원구","서울특별시 노원구 덕릉로73길 28, 205호 (중계동, 양지대림아파트)","",""
"섬기며케어 재가복지센터","C0609565390","(재가노인복지시설) 재가노인복지시설","재가노인복지시설","자치구","1135000000","노원구","서울특별시 노원구 한글비석로46가길 16, 102호 (상계동, 한신1차아파트상가1층)","",""
"(A)이레재가복지센터","C0609565397","(재가노인복지시설) 재가노인복지시설","재가노인복지시설","자치구","1135000000","노원구","서울특별시 노원구 한글비석로54길 116, 2층 204호 (상계동, 상계동13단지 상가)","",""
"보미방문요양센터","C0609565634","(재가노인복지시설) 재가노인복지시설","재가노인복지시설","자치구","1117000000","용산구","서울특별시 용산구 새창로14길 42-1, 101호 (용문동)","",""
"다시돌봄센터","C0609565943","(재가노인복지시설) 재가노인복지시설","재가노인복지시설","자치구","1138000000","은평구","서울특별시 은평구 갈현로3길 35, 1층 (신사동)","",""
"사랑이 넘치는 재가복지센터","C0609566005","(재가노인복지시설) 재가노인복지시설","재가노인복지시설","자치구","1153000000","구로구","서울특별시 구로구 구로중앙로27가길 13, 1층 101호 (구로동)","",""
"마마케어 방문요양센터","C0609566006","(재가노인복지시설) 재가노인복지시설","재가노인복지시설","자치구","1153000000","구로구","서울특별시 구로구 구로동로26길 54, 나동 4호 (구로동)","",""
"송파나눔방문요양","C0609566008","(재가노인복지시설) 재가노인복지시설","재가노인복지시설","자치구","1171000000","송파구","서울특별시 송파구 백제고분로 75, B1층 122-1호 (잠실동)","",""
"구로100세 데이케어센터","C0609566061","(재가노인복지시설) 재가노인복지시설","재가노인복지시설","자치구","1153000000","구로구","서울특별시 구로구 오류로8길 57, 5층 (오류동)","",""
"함께하는 복지용구","C0609566079","(재가노인복지시설) 재가노인복지시설","재가노인복지시설","자치구","1159000000","동작구","서울특별시 동작구 상도로47길 76-6, 지하1층 (상도1동)","",""
"대교뉴이프 재가복지센터 서울광진센터","C0609566117","(재가노인복지시설) 재가노인복지시설","재가노인복지시설","자치구","1121500000","광진구","서울특별시 광진구 동일로52길 28, 101호 (군자동)","",""
"가까운재가복지센터","C0609566121","(재가노인복지시설) 재가노인복지시설","재가노인복지시설","자치구","1126000000","중랑구","서울특별시 중랑구 면목로38나길 25, 1층 (면목동)","",""
"선향재가노인복지센터(화곡)","C0609566148","(재가노인복지시설) 재가노인복지시설","재가노인복지시설","자치구","1150000000","강서구","서울특별시 강서구 강서로 131, 2층 (화곡동)","",""
"순시미 재가복지센터 강북본점","C0609577190","(재가노인복지시설) 재가노인복지시설","재가노인복지시설","자치구","1130500000","강북구","서울특별시 강북구 삼양로123길 1, 302-1호 (수유동)","",""
"동행재가복지센터","C0609577206","(재가노인복지시설) 재가노인복지시설","재가노인복지시설","자치구","1162000000","관악구","서울특별시 관악구 봉천로 455, 5층 (봉천동, 태영빌딩)","",""
"원방문요양센터","C0609577269","(재가노인복지시설) 재가노인복지시설","재가노인복지시설","자치구","1147000000","양천구","서울특별시 양천구 신정중앙로12길 17, 1층 (신정동, 신정동다세대주택)","",""
"더사랑재가복지센터","C0609579157","(재가노인복지시설) 재가노인복지시설","재가노인복지시설","자치구","1130500000","강북구","서울특별시 강북구 덕릉로 127-1, 203호 (번동)","",""
"가연재가방문요양센터","C0609579200","(재가노인복지시설) 재가노인복지시설","재가노인복지시설","자치구","1129000000","성북구","서울특별시 성북구 삼양로 43, 1층 (길음동)","",""
"서울홍성재가방문복지용구센터","C0609579246","(재가노인복지시설) 재가노인복지시설","재가노인복지시설","자치구","1141000000","서대문구","서울특별시 서대문구 간호대로 11-32, 1층 (홍제동)","",""
"피포스복지용구샵","C0609579248","(재가노인복지시설) 재가노인복지시설","재가노인복지시설","자치구","1141000000","서대문구","서울특별시 서대문구 홍은중앙로 100-4, 1층 (홍은동)","",""
"가가호호 재가노인복지센터","C0609579251","(재가노인복지시설) 재가노인복지시설","재가노인복지시설","자치구","1141000000","서대문구","서울특별시 서대문구 연희로 89-8, 3층 (연희동)","",""
"자연재가노인복지센터","C0609579353","(재가노인복지시설) 재가노인복지시설","재가노인복지시설","자치구","1129000000","성북구","서울특별시 성북구 종암로16길 80, 1층 (종암동)","",""
"믿음방문요양센터","C0609579410","(재가노인복지시설) 재가노인복지시설","재가노인복지시설","자치구","1123000000","동대문구","서울특별시 동대문구 한천로18길 10, 1층 (장안동)","",""
"목동효정방문요양센터","C0609579503","(재가노인복지시설) 재가노인복지시설","재가노인복지시설","자치구","1147000000","양천구","서울특별시 양천구 목동동로 130, B동 123호 (신정동, 목동신시가지아파트 상가)","",""
"가온재가복지센터","C0609579563","(재가노인복지시설) 재가노인복지시설","재가노인복지시설","자치구","1123000000","동대문구","서울특별시 동대문구 왕산로 184, 3층 301호 (전농동)","",""
"다정한 재가복지센터","C0609579667","(재가노인복지시설) 재가노인복지시설","재가노인복지시설","자치구","1132000000","도봉구","서울특별시 도봉구 도봉로157길 24, 1층 (도봉동)","",""
"연세은평재가복지센터","C0609579710","(재가노인복지시설) 재가노인복지시설","재가노인복지시설","자치구","1138000000","은평구","서울특별시 은평구 진관1로 21-9, 상가동 206(2분의 1)호 (진관동, 은평뉴타운 박석고개)","",""
"가연재가복지센터","C0609579956","(재가노인복지시설) 재가노인복지시설","재가노인복지시설","자치구","1114000000","중구","서울특별시 중구 서애로1길 11, B117호 (충무로5가)","",""
"KB골든라이프케어 은평 케어센터","C0609580088","(재가노인복지시설) 재가노인복지시설","재가노인복지시설","자치구","1138000000","은평구","서울특별시 은평구 연서로 391 (진관동)","",""
"다엘재가복지센터","C0609588424","(재가노인복지시설) 재가노인복지시설","재가노인복지시설","자치구","1144000000","마포구","서울특별시 마포구 마포대로24길 27, 101호 (아현동)","",""
"울림통합돌봄센터","C0609588425","(재가노인복지시설) 재가노인복지시설","재가노인복지시설","자치구","1144000000","마포구","서울특별시 마포구 성미산로 12, 2층 (성산동)","",""
"은빛재가요양센터","C0609588539","(재가노인복지시설) 재가노인복지시설","재가노인복지시설","자치구","1153000000","구로구","서울특별시 구로구 개봉로17나길 88, 1층 (개봉동)","",""
"예원실버케어 재가복지센터","C0609588547","(재가노인복지시설) 재가노인복지시설","재가노인복지시설","자치구","1153000000","구로구","서울특별시 구로구 개봉로17길 30-29, 1층 (개봉동)","",""
"선한사람들방문요양 은평점","C0609588586","(재가노인복지시설) 재가노인복지시설","재가노인복지시설","자치구","1138000000","은평구","서울특별시 은평구 진관3로 32, B707호 (진관동)","",""
"스마일재가센터","C0609588677","(재가노인복지시설) 재가노인복지시설","재가노인복지시설","자치구","1150000000","강서구","서울특별시 강서구 곰달래로25길 8, 2층 (화곡동)","",""
"수호천사재가복지센터","C0609588680","(재가노인복지시설) 재가노인복지시설","재가노인복지시설","자치구","1150000000","강서구","서울특별시 강서구 초록마을로 156-3 (화곡동)","",""
"느티나무데이케어센터","C0609588706","(재가노인복지시설) 재가노인복지시설","재가노인복지시설","자치구","1123000000","동대문구","서울특별시 동대문구 약령중앙로8길 10 (제기동)","",""
"베셀재가복지센터","C0609588714","(재가노인복지시설) 재가노인복지시설","재가노인복지시설","자치구","1150000000","강서구","서울특별시 강서구 월정로32길 79, 101호 (화곡동, 경민아트빌)","",""
"에이원데이케어 당산센터","C0609588798","(재가노인복지시설) 재가노인복지시설","재가노인복지시설","자치구","1156000000","영등포구","서울특별시 영등포구 영중로 131-10, 4층 (영등포동8가)","",""
"마니방문요양센터","C0609588840","(재가노인복지시설) 재가노인복지시설","재가노인복지시설","자치구","1159000000","동작구","서울특별시 동작구 상도로15카길 11, 101호 (상도동, 래미안빌)","",""
"마니방문요양센터","C0609588841","(재가노인복지시설) 재가노인복지시설","재가노인복지시설","자치구","1159000000","동작구","서울특별시 동작구 상도로15카길 11, 101호 (상도동, 래미안빌)","",""
"마니방문요양센터","C0609588842","(재가노인복지시설) 재가노인복지시설","재가노인복지시설","자치구","1159000000","동작구","서울특별시 동작구 상도로15카길 11, 101호 (상도동, 래미안빌)","",""
"라파홈케어","C0609588850","(재가노인복지시설) 재가노인복지시설","재가노인복지시설","자치구","1121500000","광진구","서울특별시 광진구 광나루로40길 23, 103호호 (구의동)","",""
"라파홈케어","C0609588855","(재가노인복지시설) 재가노인복지시설","재가노인복지시설","자치구","1121500000","광진구","서울특별시 광진구 광나루로40길 23, 103호 (구의동)","",""
"관악나오미재가복지센터","C0609588873","(재가노인복지시설) 재가노인복지시설","재가노인복지시설","자치구","1162000000","관악구","서울특별시 관악구 봉천로 368, 1층 (봉천동)","",""
"프라임헬스케어","C0609588878","(재가노인복지시설) 재가노인복지시설","재가노인복지시설","자치구","1156000000","영등포구","서울특별시 영등포구 버드나루로 80, 4층 (영등포동7가)","",""
"굿파트너재가노인복지센터","C0609588891","(재가노인복지시설) 재가노인복지시설","재가노인복지시설","자치구","1174000000","강동구","서울특별시 강동구 풍성로53길 28, 102호 (성내동)","",""
"(A)비지팅엔젤스 양천강서주야간보호센터","C0609588906","(재가노인복지시설) 재가노인복지시설","재가노인복지시설","자치구","1147000000","양천구","서울특별시 양천구 목동중앙남로 69 (목동)","",""
"(사)굿하트전문사례관리 강동재가센터","C0609588907","(재가노인복지시설) 재가노인복지시설","재가노인복지시설","자치구","1174000000","강동구","서울특별시 강동구 아리수로74길 35, 1층 (고덕동)","",""
"금빛사랑재가복지센터","C0609589086","(재가노인복지시설) 재가노인복지시설","재가노인복지시설","자치구","1147000000","양천구","서울특별시 양천구 목동로11길 27, 102호 (신정동, 명성쉐르빌)","",""
"(A)은혜재가노인복지센터","C0609590234","(재가노인복지시설) 재가노인복지시설","재가노인복지시설","자치구","1154500000","금천구","서울특별시 금천구 한내로 69-15, 1316동 104호 (독산동)","",""
"효사랑 재가방문요양센터","C0609590236","(재가노인복지시설) 재가노인복지시설","재가노인복지시설","자치구","1154500000","금천구","서울특별시 금천구 독산로64길 16, 2층 (독산동)","",""
"사랑샘재가복지센터","C0609590245","(재가노인복지시설) 재가노인복지시설","재가노인복지시설","자치구","1150000000","강서구","서울특별시 강서구 방화동로18길 60, 202호 (방화동)","",""
"다정재가복지센터","C0609596159","(재가노인복지시설) 재가노인복지시설","재가노인복지시설","자치구","1130500000","강북구","서울특별시 강북구 삼양로122길 14, 1층 (수유동)","",""
"다솜재활데이케어센터","C0609596184","(재가노인복지시설) 재가노인복지시설","재가노인복지시설","자치구","1130500000","강북구","서울특별시 강북구 한천로109길 57-15, 1,2층 (번동)","",""
"사랑나눔방문요양센터","C0609596186","(재가노인복지시설) 재가노인복지시설","재가노인복지시설","자치구","1126000000","중랑구","서울특별시 중랑구 중랑역로13길 8-1 (중화동)","",""
"고려방문간호재활센터","C0609596187","(재가노인복지시설) 재가노인복지시설","재가노인복지시설","자치구","1126000000","중랑구","서울특별시 중랑구 상봉중앙로5길 62, 101호 (중화동, 미래하이츠)","",""
"은빛사랑재가복지센터","C0609596188","(재가노인복지시설) 재가노인복지시설","재가노인복지시설","자치구","1130500000","강북구","서울특별시 강북구 도봉로 328, 1716호 (번동)","",""
"사랑보듬재가복지센터","C0609596190","(재가노인복지시설) 재가노인복지시설","재가노인복지시설","자치구","1130500000","강북구","서울특별시 강북구 도봉로96길 80 (번동)","",""
"올리브케어 노인복지센터","C0609599286","(재가노인복지시설) 재가노인복지시설","재가노인복지시설","자치구","1123000000","동대문구","서울특별시 동대문구 장안동 431번지 4호 406호","",""
"강동섬김재가복지센터","C0609599334","(재가노인복지시설) 재가노인복지시설","재가노인복지시설","자치구","1174000000","강동구","서울특별시 강동구 양재대로103길 45, 101호 (성내동)","",""
"만나방문요양센터","C0609599542","(재가노인복지시설) 재가노인복지시설","재가노인복지시설","자치구","1132000000","도봉구","서울특별시 도봉구 도봉로181나길 16, 지층 (도봉동)","",""
"순시미 복지용구사업소 본점","C0609599751","(재가노인복지시설) 재가노인복지시설","재가노인복지시설","자치구","1165000000","서초구","서울특별시 서초구 강남대로27길 15-5, 602호 (양재동, 성경빌딩)","",""
"케어매치+재가복지센터","C0609599754","(재가노인복지시설) 재가노인복지시설","재가노인복지시설","자치구","1165000000","서초구","서울특별시 서초구 법원로3길 15, 2층 205호 (서초동, 영포빌딩 )","",""
"가족같은 재가복지센터","C0609599809","(재가노인복지시설) 재가노인복지시설","재가노인복지시설","자치구","1165000000","서초구","서울특별시 서초구 도구로 45-7,  B동 501호 (방배동, 네스코뮤즈빌)","",""
"서초방문요양센터","C0609599815","(재가노인복지시설) 재가노인복지시설","재가노인복지시설","자치구","1165000000","서초구","서울특별시 서초구 바우뫼로7길 8, 3층 302호 (우면동, 우면종합상가)","",""
"단비 복지용구","C0609599873","(재가노인복지시설) 재가노인복지시설","재가노인복지시설","자치구","1135000000","노원구","서울특별시 노원구 광운로2길 27, B1호 (월계동)","",""
"햇살방문요양복지센터","C0609599874","(재가노인복지시설) 재가노인복지시설","재가노인복지시설","자치구","1135000000","노원구","서울특별시 노원구 동일로 1551, 4층 404호 (상계동)","",""
"강남사랑재가복지센터","C0609599906","(재가노인복지시설) 재가노인복지시설","재가노인복지시설","자치구","1168000000","강남구","서울특별시 강남구 삼성로 212 (대치동, 은마상가 A블럭 129호)","",""
"예성재가복지센터","C0609600058","(재가노인복지시설) 재가노인복지시설","재가노인복지시설","자치구","1153000000","구로구","서울특별시 구로구 경인로 176, B115호 (오류동)","",""
"예성주야간보호센터","C0609600059","(재가노인복지시설) 재가노인복지시설","재가노인복지시설","자치구","1153000000","구로구","서울특별시 구로구 고척로18길 15 (개봉동)","",""
"누리봄데이케어","C0609600129","(재가노인복지시설) 재가노인복지시설","재가노인복지시설","자치구","1135000000","노원구","서울특별시 노원구 노원로 479, 4층 (상계동)","",""
"평화주야간보호센터","C0609600134","(재가노인복지시설) 재가노인복지시설","재가노인복지시설","자치구","1135000000","노원구","서울특별시 노원구 동일로173길 37, 2층 (공릉동)","",""
"토담방문요양센터","C0609600142","(재가노인복지시설) 재가노인복지시설","재가노인복지시설","자치구","1135000000","노원구","서울특별시 노원구 동일로 1701, 6층 615호 (상계동, 오피앙)","",""
"정 참좋은 돌봄재가노인복지센터","C0609600145","(재가노인복지시설) 재가노인복지시설","재가노인복지시설","자치구","1135000000","노원구","서울특별시 노원구 중계로14길 28, 2층 (중계동)","",""
"아크시니어케어 서울남산센터","C0609614177","(재가노인복지시설) 재가노인복지시설","재가노인복지시설","자치구","1114000000","중구","서울특별시 중구 퇴계로20길 32, 402호 (남산동2가)","",""
"온 방문요양센터","C0609616159","(재가노인복지시설) 재가노인복지시설","재가노인복지시설","자치구","1129000000","성북구","서울특별시 성북구 동소문로13길 39-36, 상가동동 104호 (동소문동4가)","",""
"신기의료기 중계점","C0609620151","(재가노인복지시설) 재가노인복지시설","재가노인복지시설","자치구","1135000000","노원구","서울특별시 노원구 한글비석로 331, 1층 106호 (중계동)","",""
"단비 복지용구","C0609620156","(재가노인복지시설) 재가노인복지시설","재가노인복지시설","자치구","1135000000","노원구","서울특별시 노원구 광운로2길 27, B1호 (월계동)","",""
"아름재가복지센터","C0609620290","(재가노인복지시설) 재가노인복지시설","재가노인복지시설","자치구","1111000000","종로구","서울특별시 종로구 삼일대로30길 21, 720호 (낙원동, 종로오피스텔)","",""
"우리하나재가복지센터","C0609620291","(재가노인복지시설) 재가노인복지시설","재가노인복지시설","자치구","1111000000","종로구","서울특별시 종로구 우정국로 45-7, 5층 (견지동)","",""
"우리하나재가복지센터","C0609620296","(재가노인복지시설) 재가노인복지시설","재가노인복지시설","자치구","1111000000","종로구","서울특별시 종로구 우정국로 45-7, 5층 (견지동)","",""
"아름재가복지센터","C0609620298","(재가노인복지시설) 재가노인복지시설","재가노인복지시설","자치구","1111000000","종로구","서울특별시 종로구 삼일대로30길 21, 720호 (낙원동, 종로오피스텔)","",""
"영화재가복지센터","C0609620504","(재가노인복지시설) 재가노인복지시설","재가노인복지시설","자치구","1121500000","광진구","서울특별시 광진구 구의로16길 13, 102호 (구의동)","",""
"시니어학교 강남삼성 데이케어센터","C0609620557","(재가노인복지시설) 재가노인복지시설","재가노인복지시설","자치구","1168000000","강남구","서울특별시 강남구 봉은사로69길 37, 1층 (삼성동)","",""
"케어네이션 방문요양센터 서울송파점","C0609620577","(재가노인복지시설) 재가노인복지시설","재가노인복지시설","자치구","1171000000","송파구","서울특별시 송파구 백제고분로22길 36, 1층 (삼전동)","",""
"A+ 해든재가복지센터","C0609620581","(재가노인복지시설) 재가노인복지시설","재가노인복지시설","자치구","1171000000","송파구","서울특별시 송파구 마천로 253, 301호 (마천동)","",""
"갈산데이케어센터","C0609631151","(재가노인복지시설) 재가노인복지시설","재가노인복지시설","자치구","1153000000","구로구","서울특별시 구로구 중앙로14길 31, 2층 (고척동)","",""
"다온누리재가복지센터","C0609644151","(재가노인복지시설) 재가노인복지시설","재가노인복지시설","자치구","1159000000","동작구","서울특별시 동작구 장승배기로 136, 2층 (노량진동)","",""
"다온누리재가노인복지센터","C0609646151","(재가노인복지시설) 재가노인복지시설","재가노인복지시설","자치구","1159000000","동작구","서울특별시 동작구 장승배기로 136, 2층 (노량진동)","",""
"서래장기요양센터","C0609650153","(재가노인복지시설) 재가노인복지시설","재가노인복지시설","자치구","1130500000","강북구","서울특별시 강북구 월계로37길 97 (번동)","",""
"(A)비지팅엔젤스 동작상도방문요양지점","C0609651153","(재가노인복지시설) 재가노인복지시설","재가노인복지시설","자치구","1159000000","동작구","서울특별시 동작구 양녕로 279, 2층 (상도1동)","",""
"주식회사 이루다메디케어","C0609654164","(재가노인복지시설) 재가노인복지시설","재가노인복지시설","자치구","1156000000","영등포구","서울특별시 영등포구 선유로49길 17, 401호 (양평동4가)","",""
"가족데이케어센터","C0609654168","(재가노인복지시설) 재가노인복지시설","재가노인복지시설","자치구","1156000000","영등포구","서울특별시 영등포구 가마산로 364, 5층 (대림동)","",""
"홍제노인복지센터","C0609654177","(재가노인복지시설) 재가노인복지시설","재가노인복지시설","자치구","1123000000","동대문구","서울특별시 동대문구 고산자로56길 44, 1층 점포 및 지하호 (제기동)","",""
"스타재가복지센터","C0609655167","(재가노인복지시설) 재가노인복지시설","재가노인복지시설","자치구","1147000000","양천구","서울특별시 양천구 신월로 216, 3층 301호 (신월동)","",""
"생명나무재가복지센터","C0609655182","(재가노인복지시설) 재가노인복지시설","재가노인복지시설","자치구","1162000000","관악구","서울특별시 관악구 당곡2길 20, 1층 1호 (봉천동)","",""
"관악아가페데이케어센터","C0609655184","(재가노인복지시설) 재가노인복지시설","재가노인복지시설","자치구","1162000000","관악구","서울특별시 관악구 난곡로 339, 2층 (신림동, 유성빌딩)","",""
"서울실버복지센터","C0609655187","(재가노인복지시설) 재가노인복지시설","재가노인복지시설","자치구","1162000000","관악구","서울특별시 관악구 관천로19길 42, 1층 (신림동)","",""
"엘라재가복지센터","C0609655190","(재가노인복지시설) 재가노인복지시설","재가노인복지시설","자치구","1162000000","관악구","서울특별시 관악구 조원로 171, 1층 104호 (신림동)","",""
"민들레방문요양센터","C0609655201","(재가노인복지시설) 재가노인복지시설","재가노인복지시설","자치구","1174000000","강동구","서울특별시 강동구 구천면로47길 82, 103호 (암사동)","",""
"한마음복지용구센터","C0609655207","(재가노인복지시설) 재가노인복지시설","재가노인복지시설","자치구","1174000000","강동구","서울특별시 강동구 고덕로14길 69, 1층 (암사동)","",""
"아들과딸 목동 주간보호센터","C0609658156","(재가노인복지시설) 재가노인복지시설","재가노인복지시설","자치구","1147000000","양천구","서울특별시 양천구 신목로 38, 5층 (신정동)","",""
"은송림 방문요양센터","C0609658162","(재가노인복지시설) 재가노인복지시설","재가노인복지시설","자치구","1147000000","양천구","서울특별시 양천구 목동중앙북로 60, 1층 101호 (목동)","",""
"“(A+)”튼튼한방문간호센터","C0609659163","(재가노인복지시설) 재가노인복지시설","재가노인복지시설","자치구","1153000000","구로구","서울특별시 구로구 공원로7길 19, 202호 (구로동)","",""
"가족사랑재가복지센터","C0609659165","(재가노인복지시설) 재가노인복지시설","재가노인복지시설","자치구","1153000000","구로구","서울특별시 구로구 가마산로 232-11, 1층 (구로동)","",""
"다인재가방문요양센터","C0609660172","(재가노인복지시설) 재가노인복지시설","재가노인복지시설","자치구","1123000000","동대문구","서울특별시 동대문구 왕산로16길 20, 2층 (용두동)","",""
"가가행복방문요양센터","C0609668151","(재가노인복지시설) 재가노인복지시설","재가노인복지시설","자치구","1132000000","도봉구","서울특별시 도봉구 도봉로157길 11, 1층 (도봉동)","",""
"김재복재가복지센터","C0609668226","(재가노인복지시설) 재가노인복지시설","재가노인복지시설","자치구","1111000000","종로구","서울특별시 종로구 창신길 75, 2층 (창신동)","",""
"덕분에방문요양센터","C0609668308","(재가노인복지시설) 재가노인복지시설","재가노인복지시설","자치구","1111000000","종로구","서울특별시 종로구 창신길 66, 1층 (창신동)","",""
"전국간호요양센터","C0609668346","(재가노인복지시설) 재가노인복지시설","재가노인복지시설","자치구","1138000000","은평구","서울특별시 은평구 진흥로 184, 2층 (녹번동)","",""
"유진재가노인복지센터","C0609668387","(재가노인복지시설) 재가노인복지시설","재가노인복지시설","자치구","1141000000","서대문구","서울특별시 서대문구 세검정로 57 (홍제동)","",""
"(A)비지팅엔젤스 강서중앙재가방문요양지점","C0609677299","(재가노인복지시설) 재가노인복지시설","재가노인복지시설","자치구","1150000000","강서구","서울특별시 강서구 화곡로 297, 207호 (화곡동)","",""
"인사랑돌봄센터","C0609677346","(재가노인복지시설) 재가노인복지시설","재가노인복지시설","자치구","1117000000","용산구","서울특별시 용산구 두텁바위로 7, 301호 (갈월동)","",""
"늘봄가족요양센터","C0609677518","(재가노인복지시설) 재가노인복지시설","재가노인복지시설","자치구","1156000000","영등포구","서울특별시 영등포구 도림로113길 3-4, 1층 (도림동)","",""
"관악방문요양복지센터","C0609677654","(재가노인복지시설) 재가노인복지시설","재가노인복지시설","자치구","1162000000","관악구","서울특별시 관악구 난곡로63길 56, 3층 (신림동)","",""
"우리방문요양센터","C0609677676","(재가노인복지시설) 재가노인복지시설","재가노인복지시설","자치구","1162000000","관악구","서울특별시 관악구 조원중앙로 70, 1층 (신림동)","",""
"튼튼방문요양센터","C0609677680","(재가노인복지시설) 재가노인복지시설","재가노인복지시설","자치구","1130500000","강북구","서울특별시 강북구 한천로150길 38, 1층 (수유동)","",""
"사랑재가방문요양센터","C0609677684","(재가노인복지시설) 재가노인복지시설","재가노인복지시설","자치구","1162000000","관악구","서울특별시 관악구 낙성대역길 87, 지1층 (봉천동)","",""
"더조은 강남재가복지센터","C0609677743","(재가노인복지시설) 재가노인복지시설","재가노인복지시설","자치구","1165000000","서초구","서울특별시 서초구 방배천로30길 22, 102호 (방배동, 창희림)","",""
"올케어","C0609677796","(재가노인복지시설) 재가노인복지시설","재가노인복지시설","자치구","1153000000","구로구","서울특별시 구로구 구로중앙로 211, 402호 (구로동, 화일빌딩)","",""
"믿음재가요양센터","C0609677910","(재가노인복지시설) 재가노인복지시설","재가노인복지시설","자치구","1154500000","금천구","서울특별시 금천구 독산로50길 98, B동 1층 101/2호 (시흥동, 반도상가)","",""
"혜봄재가노인복지센터","C0609677955","(재가노인복지시설) 재가노인복지시설","재가노인복지시설","자치구","1132000000","도봉구","서울특별시 도봉구 우이천로 494, 1층 우측호 (쌍문동, 산내들빌라트)","",""
"아주통합돌봄센터","C0609677957","(재가노인복지시설) 재가노인복지시설","재가노인복지시설","자치구","1132000000","도봉구","서울특별시 도봉구 도당로15길 48, 1층 중앙호 (방학동)","",""
"보광재가노인복지센터","C0609677979","(재가노인복지시설) 재가노인복지시설","재가노인복지시설","자치구","1159000000","동작구","서울특별시 동작구 만양로14라길 23 (노량진동)","",""
"보광재가노인복지센터","C0609677981","(재가노인복지시설) 재가노인복지시설","재가노인복지시설","자치구","1159000000","동작구","서울특별시 동작구 만양로14라길 23 (노량진동)","",""
"효담재가노인복지센터","C0609681165","(재가노인복지시설) 재가노인복지시설","재가노인복지시설","자치구","1150000000","강서구","서울특별시 강서구 양천로59길 46, 2층 204-1호 (가양동)","",""
"은빛마루 재가방문요양센터","C0609681173","(재가노인복지시설) 재가노인복지시설","재가노인복지시설","자치구","1150000000","강서구","서울특별시 강서구 방화대로48길 40, 상가동 3층 307호 (방화동)","",""
"현대재가방문요양센터","C0609683159","(재가노인복지시설) 재가노인복지시설","재가노인복지시설","자치구","1123000000","동대문구","서울특별시 동대문구 이문로46길 56, 1층 (이문동)","",""
"이음시니어케어 중랑점","C0609684187","(재가노인복지시설) 재가노인복지시설","재가노인복지시설","자치구","1126000000","중랑구","서울특별시 중랑구 송림길 3-10 (상봉동)","",""
"화령재가복지센터","C0609684225","(재가노인복지시설) 재가노인복지시설","재가노인복지시설","자치구","1171000000","송파구","서울특별시 송파구 백제고분로28길 23, 102호 (삼전동)","",""
"아르비앙 데이케어센터","C0609684261","(재가노인복지시설) 재가노인복지시설","재가노인복지시설","자치구","1171000000","송파구","서울특별시 송파구 오금로57길 22, 1층 (거여동)","",""
"보은재가방문요양센터","C0609684263","(재가노인복지시설) 재가노인복지시설","재가노인복지시설","자치구","1171000000","송파구","서울특별시 송파구 마천로 20, 5층 506호 (방이동)","",""
"백세동행 방문요양센터","C0609685151","(재가노인복지시설) 재가노인복지시설","재가노인복지시설","자치구","1174000000","강동구","서울특별시 강동구 양재대로136길 11, 1층 (명일동)","",""
"늘품재가복지센터","C0609685152","(재가노인복지시설) 재가노인복지시설","재가노인복지시설","자치구","1174000000","강동구","서울특별시 강동구 상일로25길 13, 1층 (고덕동)","",""
"십자성재가방문요양센터","C0609685155","(재가노인복지시설) 재가노인복지시설","재가노인복지시설","자치구","1174000000","강동구","서울특별시 강동구 양재대로125길 35, 303호 (천호동)","",""
"서울미래섬김재가센터","C0609686220","(재가노인복지시설) 재가노인복지시설","재가노인복지시설","자치구","1123000000","동대문구","서울특별시 동대문구 천호대로 9, 3층 (신설동)","",""
"금빛재가요양센터","C0609686255","(재가노인복지시설) 재가노인복지시설","재가노인복지시설","자치구","1130500000","강북구","서울특별시 강북구 삼양로 230-7, 1층 (미아동)","",""
"케어24방문요양센터","C0609686320","(재가노인복지시설) 재가노인복지시설","재가노인복지시설","자치구","1120000000","성동구","서울특별시 성동구 독서당로 210, 3층 (옥수동)","",""
"새봄방문요양센터","C0609686330","(재가노인복지시설) 재가노인복지시설","재가노인복지시설","자치구","1154500000","금천구","서울특별시 금천구 독산로47길 13, 102호 (시흥동)","",""
"금천나비재가복지센터","C0609686406","(재가노인복지시설) 재가노인복지시설","재가노인복지시설","자치구","1154500000","금천구","서울특별시 금천구 금하로23길 4-1, 2층 (시흥동)","",""
"다시봄재가센터","C0609687154","(재가노인복지시설) 재가노인복지시설","재가노인복지시설","자치구","1147000000","양천구","서울특별시 양천구 목동중앙서로 20, 1층 (목동)","",""
"은평엘림재가복지센터","C0609691208","(재가노인복지시설) 재가노인복지시설","재가노인복지시설","자치구","1138000000","은평구","서울특별시 은평구 증산로21길 8-24, 1층 좌측호 (신사동)","",""
"동행노인복지센터","C0609695163","(재가노인복지시설) 재가노인복지시설","재가노인복지시설","자치구","1135000000","노원구","서울특별시 노원구 덕릉로 583, 1,2층 (중계동)","",""
"숲속데이케어&재가복지센터","C0609695165","(재가노인복지시설) 재가노인복지시설","재가노인복지시설","자치구","1135000000","노원구","서울특별시 노원구 초안산로 89 (월계동)","",""
"언제나 데이케어센터 노원도봉점","C0609695167","(재가노인복지시설) 재가노인복지시설","재가노인복지시설","자치구","1135000000","노원구","서울특별시 노원구 수락산로 232, 3층 (상계동, 미네르바 빌딩)","",""
"꽃동산재가복지센터","C0609695169","(재가노인복지시설) 재가노인복지시설","재가노인복지시설","자치구","1135000000","노원구","서울특별시 노원구 섬밭로 139, 201동 제지층 제비102호 (공릉동, 풍림아파트)","",""
"효심케어노인복지센터","C0609695171","(재가노인복지시설) 재가노인복지시설","재가노인복지시설","자치구","1135000000","노원구","서울특별시 노원구 한글비석로44길 60-19, B02호 (상계동)","",""
"참사랑재가노인복지센터","C0609695173","(재가노인복지시설) 재가노인복지시설","재가노인복지시설","자치구","1135000000","노원구","서울특별시 노원구 동일로239가길 9, 201호 (상계동)","",""
"희망드림재가복지센터","C0609695175","(재가노인복지시설) 재가노인복지시설","재가노인복지시설","자치구","1135000000","노원구","서울특별시 노원구 공릉로58길 74, 지하1층 (하계동)","",""
"가나다방문요양센터","C0609695202","(재가노인복지시설) 재가노인복지시설","재가노인복지시설","자치구","1138000000","은평구","서울특별시 은평구 통일로 856 (불광동, 메트로타워 9006호)","",""
"다정한 복지용구","C0609695492","(재가노인복지시설) 재가노인복지시설","재가노인복지시설","자치구","1150000000","강서구","서울특별시 강서구 양천로14길 84-4, 1층 (방화동)","",""
"돌봄연구소 행복한시니어케어센터 동부이촌지점","C0609695597","(재가노인복지시설) 재가노인복지시설","재가노인복지시설","자치구","1117000000","용산구","서울특별시 용산구 이촌로 224, 제지하1층 제비39호 (이촌동, 리버뷰맨션)","",""
"봄날데이케어센터","C0609695708","(재가노인복지시설) 재가노인복지시설","재가노인복지시설","자치구","1138000000","은평구","서울특별시 은평구 갈현로29길 33, 갈현동 지1~3층 (갈현동)","",""
"강동이음 재가복지센터","C0609695804","(재가노인복지시설) 재가노인복지시설","재가노인복지시설","자치구","1174000000","강동구","서울특별시 강동구 성안로13길 21, 101호 (성내동)","",""
"청담원 강동누리 재가복지센터","C0609695805","(재가노인복지시설) 재가노인복지시설","재가노인복지시설","자치구","1174000000","강동구","서울특별시 강동구 성안로27길 58, 102호 (천호동)","",""
"이오재가복지센터","C0609701188","(재가노인복지시설) 재가노인복지시설","재가노인복지시설","자치구","1150000000","강서구","서울특별시 강서구 화곡로18길 34-4, 지층 (화곡동)","",""
"A+가온방문요양센터","C0609704169","(재가노인복지시설) 재가노인복지시설","재가노인복지시설","자치구","1121500000","광진구","서울특별시 광진구 자양로13길 53, 1층 (자양동)","",""
"실로암 메디칼","C0609704170","(재가노인복지시설) 재가노인복지시설","재가노인복지시설","자치구","1121500000","광진구","서울특별시 광진구 자양로 55, 101동 105호 (자양동, 자양 하늘채 베르)","",""
"온마음데이케어센터","C0609704217","(재가노인복지시설) 재가노인복지시설","재가노인복지시설","자치구","1159000000","동작구","서울특별시 동작구 여의대방로22길 132, 4,5층 (신대방동)","",""
"(주)케어링 방문요양센터 서울 강동점","C0609704242","(재가노인복지시설) 재가노인복지시설","재가노인복지시설","자치구","1174000000","강동구","서울특별시 강동구 성내로6길 32, 3층 2호 (성내동)","",""
"봉천재가복지센터","C0609704295","(재가노인복지시설) 재가노인복지시설","재가노인복지시설","자치구","1162000000","관악구","서울특별시 관악구 국회단지2길 31, 1층 (봉천동)","",""
"은나무실버복지센터","C0609704373","(재가노인복지시설) 재가노인복지시설","재가노인복지시설","자치구","1130500000","강북구","서울특별시 강북구 삼양로 373, 1층 (수유동)","",""
"한사랑재가복지센터","C0609706157","(재가노인복지시설) 재가노인복지시설","재가노인복지시설","자치구","1147000000","양천구","서울특별시 양천구 곰달래로7길 12 (신월동)","",""
"다온 방문요양센터","C0609706159","(재가노인복지시설) 재가노인복지시설","재가노인복지시설","자치구","1147000000","양천구","서울특별시 양천구 곰달래로13길 60, 2층 (신월동)","",""
"가온재가복지센터","C0609706185","(재가노인복지시설) 재가노인복지시설","재가노인복지시설","자치구","1156000000","영등포구","서울특별시 영등포구 가마산로 575, 상가동 206호 (신길동, 한성아파트)","",""
"스마일시니어 보태미 재가복지센터","C0609706186","(재가노인복지시설) 재가노인복지시설","재가노인복지시설","자치구","1156000000","영등포구","서울특별시 영등포구 선유로52길 12, B1층 (당산동6가)","",""
"유성재가복지센터","C0609706201","(재가노인복지시설) 재가노인복지시설","재가노인복지시설","자치구","1129000000","성북구","서울특별시 성북구 화랑로 76, 109호 (하월곡동)","",""
"바른케어 재가복지센터","C0609706206","(재가노인복지시설) 재가노인복지시설","재가노인복지시설","자치구","1129000000","성북구","서울특별시 성북구 정릉로 314 (정릉동)","",""
"(A+)서울방문요양센터","C0609706332","(재가노인복지시설) 재가노인복지시설","재가노인복지시설","자치구","1132000000","도봉구","서울특별시 도봉구 도당로29길 66, 1층 우측호 (도봉동)","",""
"봄날재가복지센터","C0609706334","(재가노인복지시설) 재가노인복지시설","재가노인복지시설","자치구","1132000000","도봉구","서울특별시 도봉구 도봉로115길 11, 1층 좌측호 (쌍문동)","",""
"순시미재가복지센터 은평1호점","C0609706340","(재가노인복지시설) 재가노인복지시설","재가노인복지시설","자치구","1138000000","은평구","서울특별시 은평구 가좌로 280, 우측동 2층 3호 (신사동)","",""
"윤화데이케어센터","C0609706366","(재가노인복지시설) 재가노인복지시설","재가노인복지시설","자치구","1123000000","동대문구","서울특별시 동대문구 한천로37길 23, 2층 (답십리동)","",""
"은평재가복지센터","C0609706387","(재가노인복지시설) 재가노인복지시설","재가노인복지시설","자치구","1138000000","은평구","서울특별시 은평구 증산로9길 6-10, 2층 202호 (증산동, 리젠트)","",""
"구립우면데이케어센터","C0609706549","(재가노인복지시설) 재가노인복지시설","재가노인복지시설","자치구","1165000000","서초구","서울특별시 서초구 양재대로2길 110, 3층 (우면동, 우면열린문화센터)","",""
"한마음데이케어 방문요양센터","C0609706563","(재가노인복지시설) 재가노인복지시설","재가노인복지시설","자치구","1168000000","강남구","서울특별시 강남구 논현로12길 19-4, 3층 (개포동)","",""
"MG금천남부 데이케어센터","C0609706642","(재가노인복지시설) 재가노인복지시설","재가노인복지시설","자치구","1154500000","금천구","서울특별시 금천구 금하로 750 (시흥동)","",""
"엔케이재가복지센터","C0609706757","(재가노인복지시설) 재가노인복지시설","재가노인복지시설","자치구","1138000000","은평구","서울특별시 은평구 불광로 59 (불광동, 지층 1호)","",""
"한주노인복지센터","C0609706978","(재가노인복지시설) 재가노인복지시설","재가노인복지시설","자치구","1159000000","동작구","서울특별시 동작구 서달로 151, 3층 (흑석동)","",""
"한빛재가요양센터","C0609707055","(재가노인복지시설) 재가노인복지시설","재가노인복지시설","자치구","1121500000","광진구","서울특별시 광진구 용마산로34길 12, 지하1층 (중곡동)","",""
"가은데이케어센터","C0609707186","(재가노인복지시설) 재가노인복지시설","재가노인복지시설","자치구","1156000000","영등포구","서울특별시 영등포구 디지털로 398 (대림동, 대성빌딩 1층, 3층)","",""
"우리재가복지센터","C0609707239","(재가노인복지시설) 재가노인복지시설","재가노인복지시설","자치구","1126000000","중랑구","서울특별시 중랑구 사가정로 427 (면목동)","",""
"집으로돌봄센터","C0609707347","(재가노인복지시설) 재가노인복지시설","재가노인복지시설","자치구","1129000000","성북구","서울특별시 성북구 보문로9길 38, 1층 (보문동6가)","",""
"햇살가득복지용구","C0609707415","(재가노인복지시설) 재가노인복지시설","재가노인복지시설","자치구","1132000000","도봉구","서울특별시 도봉구 도봉로180길 46, 102호 (도봉동)","",""
"이음재가복지센터","C0609707895","(재가노인복지시설) 재가노인복지시설","재가노인복지시설","자치구","1129000000","성북구","서울특별시 성북구 화랑로32길 28, 1층 (석관동)","",""
"에스복지용구","C0609707896","(재가노인복지시설) 재가노인복지시설","재가노인복지시설","자치구","1129000000","성북구","서울특별시 성북구 아리랑로4가길 13, 1층 (동선동5가)","",""
"더공감재가복지센터","C0609711158","(재가노인복지시설) 재가노인복지시설","재가노인복지시설","자치구","1171000000","송파구","서울특별시 송파구 올림픽로57길 2-15, 1층 102호 (풍납동, 우노 팰리스)","",""
"오뚜기데이케어센터","C0609711159","(재가노인복지시설) 재가노인복지시설","재가노인복지시설","자치구","1156000000","영등포구","서울특별시 영등포구 도림로 323, 2층 203, 205호 (신길동)","",""
"미소재활데이케어센터","C0609711194","(재가노인복지시설) 재가노인복지시설","재가노인복지시설","자치구","1147000000","양천구","서울특별시 양천구 화곡로 47, 2층 (신월동)","",""
"강동해피재가복지센터","C0609711226","(재가노인복지시설) 재가노인복지시설","재가노인복지시설","자치구","1174000000","강동구","서울특별시 강동구 양재대로85길 14, 501호 (성내동)","",""
"공감재가복지센터","C0609711235","(재가노인복지시설) 재가노인복지시설","재가노인복지시설","자치구","1153000000","구로구","서울특별시 구로구 중앙로3길 12, 211호 (고척동, 서봉빌딩)","",""
"다온케어 재가복지센터","C0609711241","(재가노인복지시설) 재가노인복지시설","재가노인복지시설","자치구","1121500000","광진구","서울특별시 광진구 자양로13다길 33, 1층 (자양동)","",""
"두레+재가복지센터","C0609711512","(재가노인복지시설) 재가노인복지시설","재가노인복지시설","자치구","1150000000","강서구","서울특별시 강서구 강서로 468, 101호 (등촌동)","",""
"(주)케어링 방문요양센터 서울 은평점","C0609711656","(재가노인복지시설) 재가노인복지시설","재가노인복지시설","자치구","1138000000","은평구","서울특별시 은평구 서오릉로 41-23, 2층 (녹번동)","",""
"홈케어 방문요양 재가센터","C0609711832","(재가노인복지시설) 재가노인복지시설","재가노인복지시설","자치구","1141000000","서대문구","서울특별시 서대문구 통일로34길 35, 1동 2층 15-16호 (홍제동)","",""
"신기의료기 홍제점","C0609711833","(재가노인복지시설) 재가노인복지시설","재가노인복지시설","자치구","1141000000","서대문구","서울특별시 서대문구 세검정로 51-1 (홍제동)","",""
"이송하 재가복지센터","C0609711942","(재가노인복지시설) 재가노인복지시설","재가노인복지시설","자치구","1150000000","강서구","서울특별시 강서구 양천로57길 9-8, 203호 (가양동)","",""
"강서한마음 재가복지센터","C0609711943","(재가노인복지시설) 재가노인복지시설","재가노인복지시설","자치구","1150000000","강서구","서울특별시 강서구 공항대로41길 51, 808호 (등촌동)","",""
"미소방문요양센터","C0609712016","(재가노인복지시설) 재가노인복지시설","재가노인복지시설","자치구","1123000000","동대문구","서울특별시 동대문구 무학로36길 24-1, 1층 101호 (용두동)","",""
"아주통합돌봄센터","C0609712044","(재가노인복지시설) 재가노인복지시설","재가노인복지시설","자치구","1132000000","도봉구","서울특별시 도봉구 도당로15길 48, 1층 중앙호 (방학동)","",""
"A+포레온 방문요양센터","C0609712168","(재가노인복지시설) 재가노인복지시설","재가노인복지시설","자치구","1174000000","강동구","서울특별시 강동구 풍성로65길 73, 102호 (둔촌동)","",""
"88한재가복지센터","C0609712211","(재가노인복지시설) 재가노인복지시설","재가노인복지시설","자치구","1150000000","강서구","서울특별시 강서구 강서로45라길 55-22, 101호 (내발산동)","",""
"예당재가노인복지센터","C0609712288","(재가노인복지시설) 재가노인복지시설","재가노인복지시설","자치구","1114000000","중구","서울특별시 중구 퇴계로 384, 3층 304호 (신당동)","",""
"가원복지센터","C0609712387","(재가노인복지시설) 재가노인복지시설","재가노인복지시설","자치구","1147000000","양천구","서울특별시 양천구 목동중앙북로 38, 상가동 B116호 (목동)","",""
"삼원재가복지센터","C0609712504","(재가노인복지시설) 재가노인복지시설","재가노인복지시설","자치구","1138000000","은평구","서울특별시 은평구 통일로73길 28, 1층 (대조동)","",""
"(A+)은평시니어복지센터","C0609712508","(재가노인복지시설) 재가노인복지시설","재가노인복지시설","자치구","1138000000","은평구","서울특별시 은평구 연서로38길 16, 102호 (불광동)","",""
"조은케어 복지용구사업소","C0609712822","(재가노인복지시설) 재가노인복지시설","재가노인복지시설","자치구","1135000000","노원구","서울특별시 노원구 초안산로2길 91, 제101동 제지하층 제상가비01호 (월계동, 월계동 우남푸르미아 아파트)","",""
"(A+)하모니주야간보호센터 송파풍납점","C0609712843","(재가노인복지시설) 재가노인복지시설","재가노인복지시설","자치구","1171000000","송파구","서울특별시 송파구 토성로 58, 3층 (풍납동)","",""
"경희재가복지센터","C0609712914","(재가노인복지시설) 재가노인복지시설","재가노인복지시설","자치구","1150000000","강서구","서울특별시 강서구 수명로 78, 601-일부호 (내발산동, 새롬프라자)","",""
"온정마루 재가노인복지센타","C0609714292","(재가노인복지시설) 재가노인복지시설","재가노인복지시설","자치구","1129000000","성북구","서울특별시 성북구 장월로1길 28, 상가동 306호 (상월곡동, 동아에코빌아파트)","",""
"(주)케어링 방문요양센터 서울 양천점","C0609714421","(재가노인복지시설) 재가노인복지시설","재가노인복지시설","자치구","1147000000","양천구","서울특별시 양천구 가로공원로 141, 301호 (신월동, BK프라우드)","",""
"손길재가복지센터","C0609714623","(재가노인복지시설) 재가노인복지시설","재가노인복지시설","자치구","1138000000","은평구","서울특별시 은평구 은평로10길 17-5, 1층 맨좌측호 (응암동)","",""
"서울명성재가센터","C0609714844","(재가노인복지시설) 재가노인복지시설","재가노인복지시설","자치구","1129000000","성북구","서울특별시 성북구 동소문로 225, 4층 (길음동)","",""
"온누리재가노인복지센터","C0609715202","(재가노인복지시설) 재가노인복지시설","재가노인복지시설","자치구","1126000000","중랑구","서울특별시 중랑구 용마산로118길 91, 201호 (망우동)","",""
"심청이재가노인복지센터","C0609715203","(재가노인복지시설) 재가노인복지시설","재가노인복지시설","자치구","1126000000","중랑구","서울특별시 중랑구 봉화산로56길 153, 215호 (신내동)","",""
"재영데이케어센터","C0609715588","(재가노인복지시설) 재가노인복지시설","재가노인복지시설","자치구","1159000000","동작구","서울특별시 동작구 장승배기로 168, 101호 (노량진동)","",""
"오늘은 재가복지센터","C0609715611","(재가노인복지시설) 재가노인복지시설","재가노인복지시설","자치구","1147000000","양천구","서울특별시 양천구 중앙로45길 14, 1층 (신정동)","",""
"정안재가복지센터","C0609715659","(재가노인복지시설) 재가노인복지시설","재가노인복지시설","자치구","1138000000","은평구","서울특별시 은평구 녹번로 3, 2층 좌측호 (녹번동)","",""
"서울데이케어센터","C0609715693","(재가노인복지시설) 재가노인복지시설","재가노인복지시설","자치구","1121500000","광진구","서울특별시 광진구 능동로37길 11, 4,5,6층 (중곡동, 세기빌딩)","",""
"행복드림재가복지센터","C0609716012","(재가노인복지시설) 재가노인복지시설","재가노인복지시설","자치구","1150000000","강서구","서울특별시 강서구 공항대로41길 66, 326호 (등촌동, 세신종합상가)","",""
"스마일홈케어 재가복지센터","C0609716097","(재가노인복지시설) 재가노인복지시설","재가노인복지시설","자치구","1129000000","성북구","서울특별시 성북구 화랑로19길 54, 1층 (상월곡동)","",""
"노원성모재가센터","C0609719181","(재가노인복지시설) 재가노인복지시설","재가노인복지시설","자치구","1135000000","노원구","서울특별시 노원구 노원로 479, 3층 (상계동)","",""
"케어닥 방문요양센터 길음파트너점","C0609719340","(재가노인복지시설) 재가노인복지시설","재가노인복지시설","자치구","1129000000","성북구","서울특별시 성북구 동소문로 248, 상가102동 지하층 35호 (길음동, 돈암2-1 삼부아파트)","",""
"늘사랑 요양복지센터","C0609719444","(재가노인복지시설) 재가노인복지시설","재가노인복지시설","자치구","1130500000","강북구","서울특별시 강북구 오현로21길 42, 지층 1호 (번동)","",""
"다솜시니어방문요양센터","C0609719558","(재가노인복지시설) 재가노인복지시설","재가노인복지시설","자치구","1126000000","중랑구","서울특별시 중랑구 면목로 372, 3층 (면목동)","",""
"한국돌봄지원재단 사회적협동조합","C0609719619","(재가노인복지시설) 재가노인복지시설","재가노인복지시설","자치구","1174000000","강동구","서울특별시 강동구 아리수로 385, 관리동 109호 (고덕동, 고덕 온빛채 사회적기업공간 102호)","",""
"신기의료기 양천신월점","C0609720224","(재가노인복지시설) 재가노인복지시설","재가노인복지시설","자치구","1147000000","양천구","서울특별시 양천구 월정로 50, 상가동 124호 (신월동, 청솔아파트)","",""
"강서실버데이케어센터","C0609720303","(재가노인복지시설) 재가노인복지시설","재가노인복지시설","자치구","1150000000","강서구","서울특별시 강서구 화곡로58길 22-14, 4층 (화곡동)","",""
"다사랑재가복지센터","C0609720565","(재가노인복지시설) 재가노인복지시설","재가노인복지시설","자치구","1150000000","강서구","서울특별시 강서구 강서로29길 59, 2호 (화곡동)","",""
"명성실버케어센터","C0609720587","(재가노인복지시설) 재가노인복지시설","재가노인복지시설","자치구","1174000000","강동구","서울특별시 강동구 올림픽로 552, 2층 3호 (성내동)","",""
"소망재가복지센터","C0609720591","(재가노인복지시설) 재가노인복지시설","재가노인복지시설","자치구","1174000000","강동구","서울특별시 강동구 천중로 250, 207호 (길동)","",""
"온다재가복지센터","C0609720594","(재가노인복지시설) 재가노인복지시설","재가노인복지시설","자치구","1174000000","강동구","서울특별시 강동구 양재대로112길 32, 103호 (길동)","",""
"지해재가복지센터","C0609720596","(재가노인복지시설) 재가노인복지시설","재가노인복지시설","자치구","1174000000","강동구","서울특별시 강동구 성안로 11-5, 202호 (성내동)","",""
"서울엘림통합재활케어센터","C0609720609","(재가노인복지시설) 재가노인복지시설","재가노인복지시설","자치구","1162000000","관악구","서울특별시 관악구 양녕로 46, 6층 601?2?3-1호 (봉천동, 메카플러스)","",""
"다옴재가복지센터","C0609720612","(재가노인복지시설) 재가노인복지시설","재가노인복지시설","자치구","1162000000","관악구","서울특별시 관악구 난곡로26길 39, 101호 (신림동)","",""
"THE잠실방문요양센터","C0609722291","(재가노인복지시설) 재가노인복지시설","재가노인복지시설","자치구","1171000000","송파구","서울특별시 송파구 백제고분로22길 20-5, 102호 (삼전동)","",""
"소나무방문요양센터","C0609722318","(재가노인복지시설) 재가노인복지시설","재가노인복지시설","자치구","1171000000","송파구","서울특별시 송파구 송파대로8길 20, 201호 (장지동, 송파파인타운 10단지 상가동)","",""
"라파엘시니어케어","C0609722323","(재가노인복지시설) 재가노인복지시설","재가노인복지시설","자치구","1171000000","송파구","서울특별시 송파구 양재대로71길 32, 201호 (방이동)","",""
"아가페방문간호센터","C0609722470","(재가노인복지시설) 재가노인복지시설","재가노인복지시설","자치구","1117000000","용산구","서울특별시 용산구 후암로 97-2, 3층 (동자동)","",""
"자식도리재가방문센터","C0609722581","(재가노인복지시설) 재가노인복지시설","재가노인복지시설","자치구","1114000000","중구","서울특별시 중구 다산로33다길 31, 2층 (신당동)","",""
"간호사와 함께 위드너스 재가센터","C0609722681","(재가노인복지시설) 재가노인복지시설","재가노인복지시설","자치구","1168000000","강남구","서울특별시 강남구 논현로 213, 105호 (도곡동)","",""
"'(A)비지팅엔젤스코리아(주)","C0609722683","(재가노인복지시설) 재가노인복지시설","재가노인복지시설","자치구","1168000000","강남구","서울특별시 강남구 테헤란로 310, 805호 (역삼동)","",""
"사회적협동조합 가치로운","C0609722775","(재가노인복지시설) 재가노인복지시설","재가노인복지시설","자치구","1168000000","강남구","서울특별시 강남구 테헤란로 406, A동 C111호 (대치동)","",""
"햇빛재가노인복지센터","C0609723908","(재가노인복지시설) 재가노인복지시설","재가노인복지시설","자치구","1138000000","은평구","서울특별시 은평구 응암로 206, 2층 우측호 (응암동)","",""
"다온재가복지센터","C0609727629","(재가노인복지시설) 재가노인복지시설","재가노인복지시설","자치구","1156000000","영등포구","서울특별시 영등포구 영등포로 353, 1608B호 (신길동, 엔씨티오피스텔)","",""
"구로바른데이케어센터","C0609727770","(재가노인복지시설) 재가노인복지시설","재가노인복지시설","자치구","1153000000","구로구","서울특별시 구로구 디지털로31길 93, 4층 (구로동)","",""
"미심재가복지센터","C0609727772","(재가노인복지시설) 재가노인복지시설","재가노인복지시설","자치구","1153000000","구로구","서울특별시 구로구 경인로 382 (개봉동, 한마을아파트 제상가1동 제지층 제117호)","",""
"대교뉴이프 재가복지센터 서울중랑센터","C0609727925","(재가노인복지시설) 재가노인복지시설","재가노인복지시설","자치구","1126000000","중랑구","서울특별시 중랑구 상봉중앙로 35, 1층 (상봉동)","",""
"푸른소나무주야간보호센터 목동점","C0609727950","(재가노인복지시설) 재가노인복지시설","재가노인복지시설","자치구","1147000000","양천구","서울특별시 양천구 목동로 234, 6층 (목동, 경원빌딩)","",""
"가문재가복지센터","C0609727967","(재가노인복지시설) 재가노인복지시설","재가노인복지시설","자치구","1126000000","중랑구","서울특별시 중랑구 상봉중앙로 61, 2층 (상봉동)","",""
"엄마사랑 재가복지센터","C0609727969","(재가노인복지시설) 재가노인복지시설","재가노인복지시설","자치구","1126000000","중랑구","서울특별시 중랑구 동일로152길 23-1, 1층 (묵동)","",""
"가가호호재가복지센터","C0609727992","(재가노인복지시설) 재가노인복지시설","재가노인복지시설","자치구","1121500000","광진구","서울특별시 광진구 구의로 59, 1층 (구의동)","",""
"해담방문요양센터","C0609727993","(재가노인복지시설) 재가노인복지시설","재가노인복지시설","자치구","1121500000","광진구","서울특별시 광진구 뚝섬로32길 33, 101호 (자양동)","",""
"온통케어 방문요양센터","C0609728014","(재가노인복지시설) 재가노인복지시설","재가노인복지시설","자치구","1129000000","성북구","서울특별시 성북구 정릉로27길 59, 103호 (정릉동)","",""
"가디언 케어 재가복지센터","C0609728124","(재가노인복지시설) 재가노인복지시설","재가노인복지시설","자치구","1150000000","강서구","서울특별시 강서구 허준로 234, 상가동 401-2호 (가양동, 가양9단지아파트)","",""
"브라보 데이케어 강남라운지","C0609728143","(재가노인복지시설) 재가노인복지시설","재가노인복지시설","자치구","1168000000","강남구","서울특별시 강남구 도곡로 221, 2,3,4층 (역삼동)","",""
"마음이음 방문요양센터","C0609728148","(재가노인복지시설) 재가노인복지시설","재가노인복지시설","자치구","1159000000","동작구","서울특별시 동작구 상도로 82, 505호 (대방동)","",""
"온케어주간보호센터","C0609728473","(재가노인복지시설) 재가노인복지시설","재가노인복지시설","자치구","1171000000","송파구","서울특별시 송파구 가락로 151, 2층 (송파동)","",""
"국민건강지원센터","C0609728725","(재가노인복지시설) 재가노인복지시설","재가노인복지시설","자치구","1159000000","동작구","서울특별시 동작구 상도로15길 67, 지하층 (상도동)","",""
"국민건강지원센터","C0609728726","(재가노인복지시설) 재가노인복지시설","재가노인복지시설","자치구","1159000000","동작구","서울특별시 동작구 상도로15길 67, 지층 (상도동)","",""
"한미재가센터","C0609728855","(재가노인복지시설) 재가노인복지시설","재가노인복지시설","자치구","1150000000","강서구","서울특별시 강서구 방화동로 126, 1층 164호 (방화동)","",""
"온정재가복지센터","C0609728931","(재가노인복지시설) 재가노인복지시설","재가노인복지시설","자치구","1147000000","양천구","서울특별시 양천구 신목로 7, 상가동 102호 (신정동, 목동삼성아파트)","",""
"바다재가복지센터","C0609728932","(재가노인복지시설) 재가노인복지시설","재가노인복지시설","자치구","1147000000","양천구","서울특별시 양천구 신목로2길 11, 상가동 105호 (신정동, 청구아파트)","",""
"행복재가복지센터","C0609729085","(재가노인복지시설) 재가노인복지시설","재가노인복지시설","자치구","1154500000","금천구","서울특별시 금천구 독산로75길 17, 301,102호 (독산동)","",""
"우리 재가복지센터","C0609729088","(재가노인복지시설) 재가노인복지시설","재가노인복지시설","자치구","1154500000","금천구","서울특별시 금천구 금하로15길 15, 101호 (시흥동, 늘푸름 리앤안)","",""
"응봉재가노인복지센터","C0609731302","(재가노인복지시설) 재가노인복지시설","재가노인복지시설","자치구","1120000000","성동구","서울특별시 성동구 독서당로59다길 16-2, 비동 01호 (응봉동)","",""
"응봉재가노인복지센터","C0609731311","(재가노인복지시설) 재가노인복지시설","재가노인복지시설","자치구","1120000000","성동구","서울특별시 성동구 독서당로59다길 16-2, 비동 01호 (응봉동)","",""
"보배재가복지센터","C0609731545","(재가노인복지시설) 재가노인복지시설","재가노인복지시설","자치구","1150000000","강서구","서울특별시 강서구 방화대로45길 51, 1층 우측첫번째호 (방화동)","",""
"정원재가복지센터","C0609731857","(재가노인복지시설) 재가노인복지시설","재가노인복지시설","자치구","1138000000","은평구","서울특별시 은평구 진관2로 15-8, 1층 108호 (진관동)","",""
"고운손재가복지센터","C0609732097","(재가노인복지시설) 재가노인복지시설","재가노인복지시설","자치구","1144000000","마포구","서울특별시 마포구 백범로25길 41, 1층 (염리동, 우측)","",""
"한마음데이케어센터","C0609732173","(재가노인복지시설) 재가노인복지시설","재가노인복지시설","자치구","1130500000","강북구","서울특별시 강북구 삼양로 186, 4층 (미아동)","",""
"대교뉴이프 재가복지센터 강남센터","C0609732312","(재가노인복지시설) 재가노인복지시설","재가노인복지시설","자치구","1168000000","강남구","서울특별시 강남구 봉은사로 420, 507호 (삼성동)","",""
"브라보 시니어케어 강남센터","C0609732314","(재가노인복지시설) 재가노인복지시설","재가노인복지시설","자치구","1168000000","강남구","서울특별시 강남구 도곡로 221, 302호 (역삼동)","",""
"사랑e음복지센터","C0609732683","(재가노인복지시설) 재가노인복지시설","재가노인복지시설","자치구","1171000000","송파구","서울특별시 송파구 오금로57길 3-4, 1층 (거여동)","",""
"블리스케어 통합돌봄센터","C0609732684","(재가노인복지시설) 재가노인복지시설","재가노인복지시설","자치구","1171000000","송파구","서울특별시 송파구 송파대로 260, 1922호 (가락동, 제일오피스텔)","",""
"태릉365데이케어센터","C0609732772","(재가노인복지시설) 재가노인복지시설","재가노인복지시설","자치구","1135000000","노원구","서울특별시 노원구 화랑로 421, 3층 (공릉동, 한일휴니스빌)","",""
"노원에이스주간보호센터","C0609732774","(재가노인복지시설) 재가노인복지시설","재가노인복지시설","자치구","1135000000","노원구","서울특별시 노원구 노원로19길 33, 2층 201~204호 (중계동, 상원빌딩)","",""
"하은재가복지센터","C0609732776","(재가노인복지시설) 재가노인복지시설","재가노인복지시설","자치구","1135000000","노원구","서울특별시 노원구 마들로 59, 가동 2층 205-1호 (월계동, 월계미성아파트)","",""
"매일동행 재가복지센터","C0609732778","(재가노인복지시설) 재가노인복지시설","재가노인복지시설","자치구","1135000000","노원구","서울특별시 노원구 한글비석로 6, 118동 지하1층 3호 (하계동, 학여울청구아파트)","",""
"사랑나눔재가복지센터","C0609732791","(재가노인복지시설) 재가노인복지시설","재가노인복지시설","자치구","1129000000","성북구","서울특별시 성북구 동소문로46길 6, 2층 (하월곡동)","",""
"등촌효누리재가복지센터","C0609732908","(재가노인복지시설) 재가노인복지시설","재가노인복지시설","자치구","1150000000","강서구","서울특별시 강서구 공항대로41길 66, 304호 (등촌동, 세신종합상가)","",""
"우리동네홈케어복지센터","C0609733001","(재가노인복지시설) 재가노인복지시설","재가노인복지시설","자치구","1156000000","영등포구","서울특별시 영등포구 영등포로65길 3, 상가동 304호 (신길동)","",""
"우리동네홈케어복지센터","C0609733002","(재가노인복지시설) 재가노인복지시설","재가노인복지시설","자치구","1156000000","영등포구","서울특별시 영등포구 영등포로65길 3, 상가동 304호 (신길동)","",""
"시니어둥지재가복지센터","C0609733004","(재가노인복지시설) 재가노인복지시설","재가노인복지시설","자치구","1156000000","영등포구","서울특별시 영등포구 양산로 97-2, 1층 (당산동3가)","",""
"달빛공원재가복지센터","C0609733011","(재가노인복지시설) 재가노인복지시설","재가노인복지시설","자치구","1156000000","영등포구","서울특별시 영등포구 영신로38길 7-1, 지층 102호 (영등포동6가)","",""
"마포방문요양센터","C0609733016","(재가노인복지시설) 재가노인복지시설","재가노인복지시설","자치구","1144000000","마포구","서울특별시 마포구 양화로6길 65, 3층 (서교동)","",""
"효방문요양센터","C0609733046","(재가노인복지시설) 재가노인복지시설","재가노인복지시설","자치구","1123000000","동대문구","서울특별시 동대문구 한천로18길 25, 1층 (장안동)","",""
"한강숲데이케어센터","C0609733052","(재가노인복지시설) 재가노인복지시설","재가노인복지시설","자치구","1159000000","동작구","서울특별시 동작구 노량진로 171-2, 4~5층 (노량진동)","",""
"가인재가복지센터","C0609733072","(재가노인복지시설) 재가노인복지시설","재가노인복지시설","자치구","1159000000","동작구","서울특별시 동작구 남부순환로257가길 4, 401호 (사당동, 목화빌라10차)","",""
" 강북리엘재가복지센터","C0609737178","(재가노인복지시설) 재가노인복지시설","재가노인복지시설","자치구","1130500000","강북구","서울특별시 강북구 인수봉로 55-1, 1층 (미아동)","",""
"가온플러스데이케어센터","C0609739185","(재가노인복지시설) 재가노인복지시설","재가노인복지시설","자치구","1174000000","강동구","서울특별시 강동구 천호대로 1203, 6~7층 (길동)","",""
"그루온재가복지센터","C0609739208","(재가노인복지시설) 재가노인복지시설","재가노인복지시설","자치구","1162000000","관악구","서울특별시 관악구 조원로 158, 1층 (신림동)","",""
"하나로재가복지센터","C0609739539","(재가노인복지시설) 재가노인복지시설","재가노인복지시설","자치구","1138000000","은평구","서울특별시 은평구 통일로66길 12-1, 3층 301호 (불광동)","",""
"프라임통합재활케어센터","C0609739541","(재가노인복지시설) 재가노인복지시설","재가노인복지시설","자치구","1138000000","은평구","서울특별시 은평구 연서로 64 (역촌동, 요셉빌딩 1층, 3층)","",""
"구립가재울데이케어센터","C0609739818","(재가노인복지시설) 재가노인복지시설","재가노인복지시설","자치구","1141000000","서대문구","서울특별시 서대문구 모래내로13길 11 (남가좌동)","",""
"두례플러스재가요양센터","C0609739848","(재가노인복지시설) 재가노인복지시설","재가노인복지시설","자치구","1129000000","성북구","서울특별시 성북구 화랑로48길 16, 상가동 306호 (석관동, 두산아파트)","",""
"강서홈케어 재가노인복지센터","C0609740155","(재가노인복지시설) 재가노인복지시설","재가노인복지시설","자치구","1150000000","강서구","서울특별시 강서구 강서로5나길 37, 302호 (화곡동)","",""
"케어닥 재가방문요양센터 VL르웨스트점","C0609740157","(재가노인복지시설) 재가노인복지시설","재가노인복지시설","자치구","1150000000","강서구","서울특별시 강서구 마곡중앙3로 16, B205호 (마곡동)","",""
"하이웰 재가복지센터","C0609740161","(재가노인복지시설) 재가노인복지시설","재가노인복지시설","자치구","1150000000","강서구","서울특별시 강서구 양천로67길 3, 1층 (염창동)","",""
"아크시니어케어 영영센터","C0609740216","(재가노인복지시설) 재가노인복지시설","재가노인복지시설","자치구","1126000000","중랑구","서울특별시 중랑구 공릉로2길 8-10, 1층 101호 (묵동)","",""
"에덴재가복지센터","C0609740563","(재가노인복지시설) 재가노인복지시설","재가노인복지시설","자치구","1138000000","은평구","서울특별시 은평구 가좌로7다길 9, 1층 (응암동)","",""
"우리스마일재가센터","C0609740575","(재가노인복지시설) 재가노인복지시설","재가노인복지시설","자치구","1138000000","은평구","서울특별시 은평구 통일로87길 5-4, 2층 (갈현동)","",""
"두루방문요양센터","C0609740820","(재가노인복지시설) 재가노인복지시설","재가노인복지시설","자치구","1144000000","마포구","서울특별시 마포구 월드컵로 205, 상가동 209호 (성산동, 성산임대아파트)","",""
"신기의료기 금천점","C0609741078","(재가노인복지시설) 재가노인복지시설","재가노인복지시설","자치구","1154500000","금천구","서울특별시 금천구 금하로 688, 1층 (시흥동)","",""
"행복데이케어센터","C0609741119","(재가노인복지시설) 재가노인복지시설","재가노인복지시설","자치구","1129000000","성북구","서울특별시 성북구 오패산로 13, 2층 (하월곡동)","",""
"한양실버주간보호센터","C0609741120","(재가노인복지시설) 재가노인복지시설","재가노인복지시설","자치구","1150000000","강서구","서울특별시 강서구 양천로 100-1 (방화동, 3,4층)","",""
"SD강서데이케어센터","C0609741121","(재가노인복지시설) 재가노인복지시설","재가노인복지시설","자치구","1150000000","강서구","서울특별시 강서구 화곡로66길 186-4 (등촌동)","",""
"한가람재가복지센터","C0609741130","(재가노인복지시설) 재가노인복지시설","재가노인복지시설","자치구","1147000000","양천구","서울특별시 양천구 목동중앙북로8라길 16, 1층 (목동, 중앙)","",""
"골든방문요양센터","C0609741131","(재가노인복지시설) 재가노인복지시설","재가노인복지시설","자치구","1147000000","양천구","서울특별시 양천구 중앙로46길 16, 101호 (신정동)","",""
"다봄케어방문요양센터","C0609741133","(재가노인복지시설) 재가노인복지시설","재가노인복지시설","자치구","1147000000","양천구","서울특별시 양천구 중앙로29길 5, 2층 (신정동)","",""
"양천누리 재가복지센터","C0609744213","(재가노인복지시설) 재가노인복지시설","재가노인복지시설","자치구","1147000000","양천구","서울특별시 양천구 남부순환로48길 25, 지층 (신월동)","",""
"메디홈방문간호센터","C0609744215","(재가노인복지시설) 재가노인복지시설","재가노인복지시설","자치구","1147000000","양천구","서울특별시 양천구 신월로 99, 상가동 301호 (신월동, 신월시영아파트)","",""
"찬미재가복지센터","C0609744217","(재가노인복지시설) 재가노인복지시설","재가노인복지시설","자치구","1147000000","양천구","서울특별시 양천구 남부순환로40길 71, 1층 (신월동)","",""
"한아름방문요양센터","C0609744355","(재가노인복지시설) 재가노인복지시설","재가노인복지시설","자치구","1154500000","금천구","서울특별시 금천구 독산로41가길 25, 1층 (시흥동)","",""
"믿음재가복지센터","C0609744378","(재가노인복지시설) 재가노인복지시설","재가노인복지시설","자치구","1162000000","관악구","서울특별시 관악구 난곡로 101, 104호 (신림동)","",""
"바로선방문간호재활센터","C0609744405","(재가노인복지시설) 재가노인복지시설","재가노인복지시설","자치구","1130500000","강북구","서울특별시 강북구 도봉로23길 58, 1층 (미아동)","",""
"번동돌봄방문간호센터","C0609744406","(재가노인복지시설) 재가노인복지시설","재가노인복지시설","자치구","1130500000","강북구","서울특별시 강북구 월계로 187, 지하1층 (번동)","",""
"사군자 데이케어센터","C0609744470","(재가노인복지시설) 재가노인복지시설","재가노인복지시설","자치구","1126000000","중랑구","서울특별시 중랑구 망우로 467, 2, 3층 (망우동)","",""
"늘좋은데이케어센터","C0609744532","(재가노인복지시설) 재가노인복지시설","재가노인복지시설","자치구","1159000000","동작구","서울특별시 동작구 신대방길 88, 2~3층 (신대방동)","",""
"봄봄재가노인복지센터","C0609746191","(재가노인복지시설) 재가노인복지시설","재가노인복지시설","자치구","1111000000","종로구","서울특별시 종로구 비봉5길 33, 1층 (구기동)","",""
"KB종로평창카운티 방문요양센터","C0609746199","(재가노인복지시설) 재가노인복지시설","재가노인복지시설","자치구","1111000000","종로구","서울특별시 종로구 평창문화로 87, 1층 (평창동)","",""
"두이홈재가복지센터","C0609746239","(재가노인복지시설) 재가노인복지시설","재가노인복지시설","자치구","1132000000","도봉구","서울특별시 도봉구 우이천로20길 7, 103동 205호 (창동, 건영캐스빌아파트)","",""
"든든복지용구","C0609746241","(재가노인복지시설) 재가노인복지시설","재가노인복지시설","자치구","1132000000","도봉구","서울특별시 도봉구 덕릉로63가길 61, 213호 (창동, 창동대우아파트 상가동)","",""
"좋은만남재가복지센터","C0609746243","(재가노인복지시설) 재가노인복지시설","재가노인복지시설","자치구","1132000000","도봉구","서울특별시 도봉구 마들로 685, 2층 (도봉동)","",""
"구하나재가방문요양센터","C0609746266","(재가노인복지시설) 재가노인복지시설","재가노인복지시설","자치구","1153000000","구로구","서울특별시 구로구 도림로12길 20 (구로동)","",""
"연세재가복지센터","C0609746271","(재가노인복지시설) 재가노인복지시설","재가노인복지시설","자치구","1153000000","구로구","서울특별시 구로구 경인로 164, 407호 (오류동)","",""
"보온케어 재가복지센터","C0609746310","(재가노인복지시설) 재가노인복지시설","재가노인복지시설","자치구","1156000000","영등포구","서울특별시 영등포구 신길로8길 9, 1층 (신길동)","",""
"수유재가방문센터","C0609746313","(재가노인복지시설) 재가노인복지시설","재가노인복지시설","자치구","1130500000","강북구","서울특별시 강북구 삼양로74길 76, 1층 (미아동)","",""
"한마음재가센터","C0609748267","(재가노인복지시설) 재가노인복지시설","재가노인복지시설","자치구","1168000000","강남구","서울특별시 강남구 논현로12길 19-4, 3층 (개포동)","",""
"SM천사 주간보호센터","C0609748341","(재가노인복지시설) 재가노인복지시설","재가노인복지시설","자치구","1141000000","서대문구","서울특별시 서대문구 연희로 233, 105동 1층 101호 (연희동, 연희미다스파크)","",""
"우성방문요양센터","C0609748436","(재가노인복지시설) 재가노인복지시설","재가노인복지시설","자치구","1159000000","동작구","서울특별시 동작구 동작대로29길 91, 2단지상가동 2층 213호 (사당동, 사당우성아파트)","",""
"라엘재가노인복지센터","C0609748486","(재가노인복지시설) 재가노인복지시설","재가노인복지시설","자치구","1159000000","동작구","서울특별시 동작구 장승배기로20가길 4 (노량진동)","",""
"라엘재가노인복지센터","C0609748488","(재가노인복지시설) 재가노인복지시설","재가노인복지시설","자치구","1159000000","동작구","서울특별시 동작구 장승배기로20가길 4 (노량진동)","",""
"효사랑재가요양센터","C0609748494","(재가노인복지시설) 재가노인복지시설","재가노인복지시설","자치구","1159000000","동작구","서울특별시 동작구 동작대로33길 36 (사당동)","",""
"새오름복지센터","C0609748497","(재가노인복지시설) 재가노인복지시설","재가노인복지시설","자치구","1159000000","동작구","서울특별시 동작구 사당로17길 8, A동 309호 (사당동, 대림프라자)","",""
"라엘재가노인복지센터","C0609748500","(재가노인복지시설) 재가노인복지시설","재가노인복지시설","자치구","1159000000","동작구","서울특별시 동작구 장승배기로20가길 4 (노량진동)","",""
"신기의료기 은평점","C0609748685","(재가노인복지시설) 재가노인복지시설","재가노인복지시설","자치구","1138000000","은평구","서울특별시 은평구 연서로 28, 101호 (역촌동, 은평연리지아파트)","",""
"더함께재가복지센터","C0609748689","(재가노인복지시설) 재가노인복지시설","재가노인복지시설","자치구","1138000000","은평구","서울특별시 은평구 불광천길 410-24, 지층우층 (응암동)","",""
"더성북홈케어","C0609748797","(재가노인복지시설) 재가노인복지시설","재가노인복지시설","자치구","1129000000","성북구","서울특별시 성북구 종암로24길 35, 상가동 201호 (종암동, 종암2차 SK VIEW)","",""
"수림재가복지센터","C0609749015","(재가노인복지시설) 재가노인복지시설","재가노인복지시설","자치구","1123000000","동대문구","서울특별시 동대문구 회기로23가길 59-10 (회기동)","",""
"아리온재가복지센터","C0609749044","(재가노인복지시설) 재가노인복지시설","재가노인복지시설","자치구","1132000000","도봉구","서울특별시 도봉구 도당로13나길 6, 1층 (방학동)","",""
"365봄방문요양센터","C0609749046","(재가노인복지시설) 재가노인복지시설","재가노인복지시설","자치구","1132000000","도봉구","서울특별시 도봉구 도당로13길 8, 302호 (방학동)","",""
"사랑드림 방문요양센터","C0609749144","(재가노인복지시설) 재가노인복지시설","재가노인복지시설","자치구","1174000000","강동구","서울특별시 강동구 상일로7길 6-3, 1층 101호 (상일동)","",""
"온마음재가복지센터","C0609749427","(재가노인복지시설) 재가노인복지시설","재가노인복지시설","자치구","1135000000","노원구","서울특별시 노원구 덕릉로127길 25, 101동 3층 304호 (상계동, 불암산센트럴아파트)","",""
"다소니케어재가방문요양센터","C0609749539","(재가노인복지시설) 재가노인복지시설","재가노인복지시설","자치구","1117000000","용산구","서울특별시 용산구 효창원로 140, 7층 (효창동)","",""
"웰나우 데이케어센터","C0609749604","(재가노인복지시설) 재가노인복지시설","재가노인복지시설","자치구","1123000000","동대문구","서울특별시 동대문구 고산자로 493, 1~4층 (제기동)","",""
"은평의료기 복지용구","C0609749642","(재가노인복지시설) 재가노인복지시설","재가노인복지시설","자치구","1138000000","은평구","서울특별시 은평구 진흥로 68, 301호 (녹번동)","",""
"다온재가복지센터","C0609749670","(재가노인복지시설) 재가노인복지시설","재가노인복지시설","자치구","1138000000","은평구","서울특별시 은평구 증산로15길 44, 1층 우측호 (신사동)","",""
"웰프렌드 강동방문요양센터","C0609751259","(재가노인복지시설) 재가노인복지시설","재가노인복지시설","자치구","1174000000","강동구","서울특별시 강동구 강동대로 207, 802호 (성내동)","",""
"9학년데이케어센터 2호점","C0609751307","(재가노인복지시설) 재가노인복지시설","재가노인복지시설","자치구","1174000000","강동구","서울특별시 강동구 천호대로 1037, 6층 (천호동, 세우빌딩)","",""
"푸른데이케어센터","C0609751345","(재가노인복지시설) 재가노인복지시설","재가노인복지시설","자치구","1156000000","영등포구","서울특별시 영등포구 시흥대로181길 17, 101~104호 (대림동, 늘푸른아파트)","",""
"구로따뜻한마음 재가센터","C0609751349","(재가노인복지시설) 재가노인복지시설","재가노인복지시설","자치구","1153000000","구로구","서울특별시 구로구 경인로35길 55, 1층 105호 (개봉동)","",""
"늘봄 재가복지센터","C0609751435","(재가노인복지시설) 재가노인복지시설","재가노인복지시설","자치구","1130500000","강북구","서울특별시 강북구 삼양로98길 42 (수유동)","",""
"한신데이케어센터","C0609751436","(재가노인복지시설) 재가노인복지시설","재가노인복지시설","자치구","1130500000","강북구","서울특별시 강북구 인수봉로 159 (수유동, 만우기념관)","",""
"참좋은재가복지센터","C0609751437","(재가노인복지시설) 재가노인복지시설","재가노인복지시설","자치구","1130500000","강북구","서울특별시 강북구 삼양로77길 65, 1층 (수유동)","",""
"더사랑재가복지센터","C0609751544","(재가노인복지시설) 재가노인복지시설","재가노인복지시설","자치구","1165000000","서초구","서울특별시 서초구 서초대로46길 35, 6층 (서초동)","",""
"서초누리재가복지센터","C0609751547","(재가노인복지시설) 재가노인복지시설","재가노인복지시설","자치구","1165000000","서초구","서울특별시 서초구 서초대로 389, 2층 17호 (서초동)","",""
"하나시니어복지용구","C0609751550","(재가노인복지시설) 재가노인복지시설","재가노인복지시설","자치구","1165000000","서초구","서울특별시 서초구 동광로 56-9, 1층 103,102-2호 (방배동)","",""
"A플러스 힘찬방문재활간호센터","C0609751984","(재가노인복지시설) 재가노인복지시설","재가노인복지시설","자치구","1171000000","송파구","서울특별시 송파구 올림픽로4길 48, 120호 (잠실동, 프리마쇼핑센터)","",""
"효당돌봄재가센터","C0609751986","(재가노인복지시설) 재가노인복지시설","재가노인복지시설","자치구","1171000000","송파구","서울특별시 송파구 동남로 189, 2층 203호 (가락동)","",""
"AA플러스 한사랑재가복지전문센터","C0609751987","(재가노인복지시설) 재가노인복지시설","재가노인복지시설","자치구","1171000000","송파구","서울특별시 송파구 가락로16길 3-12, 303호 (석촌동)","",""
"매일만나데이케어센터","C0609752143","(재가노인복지시설) 재가노인복지시설","재가노인복지시설","자치구","1135000000","노원구","서울특별시 노원구 상계로27길 12, 2층 201호 (상계동, 경인빌딩)","",""
"가온데이케어센터","C0609752144","(재가노인복지시설) 재가노인복지시설","재가노인복지시설","자치구","1135000000","노원구","서울특별시 노원구 상계로9길 23, 4,5층 (상계동, 사용빌딩)","",""
"샘마을재가노인복지센터","C0609753188","(재가노인복지시설) 재가노인복지시설","재가노인복지시설","자치구","1162000000","관악구","서울특별시 관악구 대학길 96, 1층 2호 (신림동)","",""
"신기의료기 서울본점","C0609753218","(재가노인복지시설) 재가노인복지시설","재가노인복지시설","자치구","1126000000","중랑구","서울특별시 중랑구 면목로 355, 1층 102호 (면목동, 삼일아파트)","",""
"사랑나눔재가노인복지센터","C0609753222","(재가노인복지시설) 재가노인복지시설","재가노인복지시설","자치구","1126000000","중랑구","서울특별시 중랑구 동일로 814, 4층 (중화동)","",""
"사랑모아데이케어센터","C0609753277","(재가노인복지시설) 재가노인복지시설","재가노인복지시설","자치구","1150000000","강서구","서울특별시 강서구 강서로52길 50, 2층 (내발산동)","",""
"이레재가복지센터","C0609753279","(재가노인복지시설) 재가노인복지시설","재가노인복지시설","자치구","1156000000","영등포구","서울특별시 영등포구 영신로 5, 301호 (도림동)","",""
"서연방문재활간호 재가요양센터 영등포점","C0609753283","(재가노인복지시설) 재가노인복지시설","재가노인복지시설","자치구","1156000000","영등포구","서울특별시 영등포구 영등포로3길 9, 상가동 108호 (양평동2가, 양평동삼성아파트)","",""
"세왕이레방문요양센터","C0609753348","(재가노인복지시설) 재가노인복지시설","재가노인복지시설","자치구","1120000000","성동구","서울특별시 성동구 무학봉28길 7, 202호 (하왕십리동)","",""
"가나안 재가복지센터","C0609753375","(재가노인복지시설) 재가노인복지시설","재가노인복지시설","자치구","1168000000","강남구","서울특별시 강남구 학동로20길 60, 305호 (논현동)","",""
"그린재가복지센터","C0609753532","(재가노인복지시설) 재가노인복지시설","재가노인복지시설","자치구","1138000000","은평구","서울특별시 은평구 가좌로5길 10, 지층 (응암동)","",""
"사랑손길재가노인복지센터","C0609753842","(재가노인복지시설) 재가노인복지시설","재가노인복지시설","자치구","1159000000","동작구","서울특별시 동작구 신대방길 65 (신대방동)","",""
"그린메디칼","C0609753998","(재가노인복지시설) 재가노인복지시설","재가노인복지시설","자치구","1154500000","금천구","서울특별시 금천구 금하로1다길 23, 1층 (독산동)","",""
"반가운방문요양센터","C0609754053","(재가노인복지시설) 재가노인복지시설","재가노인복지시설","자치구","1174000000","강동구","서울특별시 강동구 구천면로57길 35, 1층 (암사동)","",""
"희망재가요양센터","C0609754060","(재가노인복지시설) 재가노인복지시설","재가노인복지시설","자치구","1174000000","강동구","서울특별시 강동구 천호대로170길 77, B1호 (성내동)","",""
"동행방문요양센터","C0609754061","(재가노인복지시설) 재가노인복지시설","재가노인복지시설","자치구","1174000000","강동구","서울특별시 강동구 올림픽로92길 38, 1층 (천호동, 아메스빌)","",""
"미소지움단기보호센터","C0609754172","(재가노인복지시설) 재가노인복지시설","재가노인복지시설","자치구","1123000000","동대문구","서울특별시 동대문구 한천로37길 19, 3층 (답십리동)","",""
"강북참사랑재가방문센터","C0609756432","(재가노인복지시설) 재가노인복지시설","재가노인복지시설","자치구","1130500000","강북구","서울특별시 강북구 오현로 32, 5층 (미아동)","",""
"한사랑재가복지센터","C0609756480","(재가노인복지시설) 재가노인복지시설","재가노인복지시설","자치구","1121500000","광진구","서울특별시 광진구 광나루로56길 85, 7층 E-120호 (구의동)","",""
"함께하는 방문요양센터","C0609756518","(재가노인복지시설) 재가노인복지시설","재가노인복지시설","자치구","1162000000","관악구","서울특별시 관악구 낙성대로 32, 202호 (봉천동)","",""
"나무방문간호센터","C0609756585","(재가노인복지시설) 재가노인복지시설","재가노인복지시설","자치구","1123000000","동대문구","서울특별시 동대문구 난계로26길 11, 3층 301호 (신설동)","",""
"아이에이치케어","C0609756587","(재가노인복지시설) 재가노인복지시설","재가노인복지시설","자치구","1153000000","구로구","서울특별시 구로구 서해안로 2098, 302호 (항동)","",""
"상록재가복지센터","C0609756588","(재가노인복지시설) 재가노인복지시설","재가노인복지시설","자치구","1153000000","구로구","서울특별시 구로구 공원로 3, 지층 003호 (구로동, 구로선경오피스텔)","",""
"구름기둥 방문간호요양센터","C0609756589","(재가노인복지시설) 재가노인복지시설","재가노인복지시설","자치구","1153000000","구로구","서울특별시 구로구 개봉로3길 59, 1층 (개봉동)","",""
"양천방문요양센터","C0609756629","(재가노인복지시설) 재가노인복지시설","재가노인복지시설","자치구","1147000000","양천구","서울특별시 양천구 화곡로8길 19, 1층 (신월동)","",""
"성심재가복지센터","C0609756682","(재가노인복지시설) 재가노인복지시설","재가노인복지시설","자치구","1154500000","금천구","서울특별시 금천구 금하로 763, 1층 117,118호 (시흥동)","",""
"제이제이방문간호센터","C0609756955","(재가노인복지시설) 재가노인복지시설","재가노인복지시설","자치구","1121500000","광진구","서울특별시 광진구 긴고랑로13길 33, 1층 (중곡동)","",""
"늘함께협동조합노인복지센터","C0609756956","(재가노인복지시설) 재가노인복지시설","재가노인복지시설","자치구","1121500000","광진구","서울특별시 광진구 능동로44길 41, 1층 (중곡동)","",""
"세빛방문요양센터","C0609757065","(재가노인복지시설) 재가노인복지시설","재가노인복지시설","자치구","1138000000","은평구","서울특별시 은평구 연서로 149, 상가동 217호 (갈현동, 동광갈현베르빌)","",""
"압구정현대방문요양센터","C0609757103","(재가노인복지시설) 재가노인복지시설","재가노인복지시설","자치구","1168000000","강남구","서울특별시 강남구 압구정로29길 71, 4동 지하층 3-1호 (압구정동)","",""
"더 한마음재가노인복지센터","C0609758208","(재가노인복지시설) 재가노인복지시설","재가노인복지시설","자치구","1150000000","강서구","서울특별시 강서구 국회대로 105, 3층 304호 (화곡동)","",""
"골드린 재가복지센터","C0609758210","(재가노인복지시설) 재가노인복지시설","재가노인복지시설","자치구","1150000000","강서구","서울특별시 강서구 양천로 400-12, 2층 209-3호 (등촌동)","",""
"효감재가요양복지센터","C0609758321","(재가노인복지시설) 재가노인복지시설","재가노인복지시설","자치구","1147000000","양천구","서울특별시 양천구 목동중앙남로9길 41, 2층 (목동)","",""
"(주)다정통합복지센터","C0609758586","(재가노인복지시설) 재가노인복지시설","재가노인복지시설","자치구","1120000000","성동구","서울특별시 성동구 용답중앙11길 18, 1층 (용답동)","",""
"늘봄방문요양센터","C0609758596","(재가노인복지시설) 재가노인복지시설","재가노인복지시설","자치구","1138000000","은평구","서울특별시 은평구 통일로 671, 3층 (녹번동, 오피스텔수안)","",""
"늘푸른재가노인복지센터","C0609758801","(재가노인복지시설) 재가노인복지시설","재가노인복지시설","자치구","1138000000","은평구","서울특별시 은평구 갈현로 139, 1층 (구산동)","",""
"365행복재가노인복지센터","C0609758983","(재가노인복지시설) 재가노인복지시설","재가노인복지시설","자치구","1129000000","성북구","서울특별시 성북구 동소문로10길 34, 2층 (삼선동4가)","",""
"온정재가복지센터","C0609759002","(재가노인복지시설) 재가노인복지시설","재가노인복지시설","자치구","1129000000","성북구","서울특별시 성북구 정릉로32길 20-18, 1층 (정릉동)","",""
"온케어재가복지센터","C0609763269","(재가노인복지시설) 재가노인복지시설","재가노인복지시설","자치구","1141000000","서대문구","서울특별시 서대문구 세검정로1길 61 (홍은동)","",""
"  A플러스성심재가복지센터","C0609763271","(재가노인복지시설) 재가노인복지시설","재가노인복지시설","자치구","1141000000","서대문구","서울특별시 서대문구 수색로4나길 11, A동 2층 210호 (남가좌동, dmc가재울아이파크아파트)","",""
"가온재가복지센터","C0609763403","(재가노인복지시설) 재가노인복지시설","재가노인복지시설","자치구","1129000000","성북구","서울특별시 성북구 정릉로26길 8, 상가동 1층 105호 (정릉동)","",""
"봄햇살 재가방문요양센터","C0609763444","(재가노인복지시설) 재가노인복지시설","재가노인복지시설","자치구","1159000000","동작구","서울특별시 동작구 보라매로 100-2, 3층 301호 (신대방동, 스타하우스)","",""
"(A)비지팅엔젤스 강서방화재가방문요양지점","C0609763624","(재가노인복지시설) 재가노인복지시설","재가노인복지시설","자치구","1150000000","강서구","서울특별시 강서구 양천로14길 74, 전면좌측호 (방화동)","",""
"참조은 데이케어센터","C0609763655","(재가노인복지시설) 재가노인복지시설","재가노인복지시설","자치구","1150000000","강서구","서울특별시 강서구 양천로 31, 3층 (방화동)","",""
"휴먼재활주간보호센터","C0609763961","(재가노인복지시설) 재가노인복지시설","재가노인복지시설","자치구","1156000000","영등포구","서울특별시 영등포구 시흥대로 675, 5층 (대림동)","",""
"보듬재가복지센터","C0609764029","(재가노인복지시설) 재가노인복지시설","재가노인복지시설","자치구","1130500000","강북구","서울특별시 강북구 수유로8길 18, 1층 (수유동)","",""
"모두의재가복지센터","C0609764115","(재가노인복지시설) 재가노인복지시설","재가노인복지시설","자치구","1132000000","도봉구","서울특별시 도봉구 방학로2길 52, 1층 (방학동)","",""
"고운결 방문요양센터","C0609764118","(재가노인복지시설) 재가노인복지시설","재가노인복지시설","자치구","1123000000","동대문구","서울특별시 동대문구 답십리로 77, 1층 12호 (전농동)","",""
"온담공릉데이케어센터","C0609765220","(재가노인복지시설) 재가노인복지시설","재가노인복지시설","자치구","1135000000","노원구","서울특별시 노원구 공릉로 181, 2층 (공릉동, 대상빌딩)","",""
"공감 재가복지센터","C0609765342","(재가노인복지시설) 재가노인복지시설","재가노인복지시설","자치구","1150000000","강서구","서울특별시 강서구 등촌로39길 36, 2층 201호 (등촌동)","",""
"우리행복한 재가복지센터","C0609765472","(재가노인복지시설) 재가노인복지시설","재가노인복지시설","자치구","1147000000","양천구","서울특별시 양천구 남부순환로59길 13, 202호 (신월동)","",""
"장성재가복지센터","C0609765485","(재가노인복지시설) 재가노인복지시설","재가노인복지시설","자치구","1147000000","양천구","서울특별시 양천구 목동중앙본로 35, 1층 101호 (목동)","",""
"중랑금강단기보호센터","C0609765500","(재가노인복지시설) 재가노인복지시설","재가노인복지시설","자치구","1126000000","중랑구","서울특별시 중랑구 망우로 262, 2층 (상봉동)","",""
"늘곁에간호재가복지센터","C0609765507","(재가노인복지시설) 재가노인복지시설","재가노인복지시설","자치구","1126000000","중랑구","서울특별시 중랑구 동일로130길 10, 103호 (중화동)","",""
"브니엘재가복지센터","C0609765598","(재가노인복지시설) 재가노인복지시설","재가노인복지시설","자치구","1156000000","영등포구","서울특별시 영등포구 도신로15라길 5-7, 상가동 105호 (도림동, 한라아파트)","",""
"브라보 방문요양 마포센터","C0609765997","(재가노인복지시설) 재가노인복지시설","재가노인복지시설","자치구","1144000000","마포구","서울특별시 마포구 월드컵북로 137, 3층 (성산동, 304-2호)","",""
"해담재가복지센터","C0609768192","(재가노인복지시설) 재가노인복지시설","재가노인복지시설","자치구","1156000000","영등포구","서울특별시 영등포구 영등포로28길 5, 2층 85, 86호 (당산동1가, 당산동코오롱주.상복합아파트)","",""
"브라보 데이케어 마포라운지","C0609769166","(재가노인복지시설) 재가노인복지시설","재가노인복지시설","자치구","1144000000","마포구","서울특별시 마포구 월드컵북로 137 (성산동, 2층, 3층 일부(304-1호))","",""
"광진늘봄재가센터","C0609769220","(재가노인복지시설) 재가노인복지시설","재가노인복지시설","자치구","1121500000","광진구","서울특별시 광진구 구의로4길 11, 1층 (구의동)","",""
"광진효나눔센터","C0609769224","(재가노인복지시설) 재가노인복지시설","재가노인복지시설","자치구","1121500000","광진구","서울특별시 광진구 면목로 132-1, 2층 (중곡동)","",""
"마포한결데이케어센터","C0609770401","(재가노인복지시설) 재가노인복지시설","재가노인복지시설","자치구","1144000000","마포구","서울특별시 마포구 효창원로 243 (공덕동, B1~4층(101호 제외))","",""
"아셀데이케어센터","C0609770516","(재가노인복지시설) 재가노인복지시설","재가노인복지시설","자치구","1171000000","송파구","서울특별시 송파구 가락로 209, 2층 (송파동)","",""
"청춘더하기 방문요양센터 금천시흥점","C0609770564","(재가노인복지시설) 재가노인복지시설","재가노인복지시설","자치구","1154500000","금천구","서울특별시 금천구 시흥대로 97, 315호 (시흥동)","",""
"행복한 가족","C0609770782","(재가노인복지시설) 재가노인복지시설","재가노인복지시설","자치구","1150000000","강서구","서울특별시 강서구 강서로56길 56, 1층 101, 102호 (등촌동, 메종드남광)","",""
"다사랑재가복지센터","C0609770837","(재가노인복지시설) 재가노인복지시설","재가노인복지시설","자치구","1130500000","강북구","서울특별시 강북구 솔샘로 251, 지하1층 2호 (미아동)","",""
"정성재가복지센터","C0609770838","(재가노인복지시설) 재가노인복지시설","재가노인복지시설","자치구","1130500000","강북구","서울특별시 강북구 도봉로13가길 10, 102호 (미아동)","",""
"늘 행복한 재가복지센터","C0609770851","(재가노인복지시설) 재가노인복지시설","재가노인복지시설","자치구","1130500000","강북구","서울특별시 강북구 한천로170길 20, 103호 (수유동)","",""
"도봉인지재활데이케어센터","C0609770859","(재가노인복지시설) 재가노인복지시설","재가노인복지시설","자치구","1132000000","도봉구","서울특별시 도봉구 마들로13길 175, 3층 (창동)","",""
"도봉인지재활데이케어센터","C0609770860","(재가노인복지시설) 재가노인복지시설","재가노인복지시설","자치구","1132000000","도봉구","서울특별시 도봉구 마들로13길 175, 3층 (창동, 잼스빌딩)","",""
"행복동행재가복지센터","C0609770870","(재가노인복지시설) 재가노인복지시설","재가노인복지시설","자치구","1130500000","강북구","서울특별시 강북구 한천로140길 64, 1층 (수유동)","",""
"이음재가복지센터","C0609770954","(재가노인복지시설) 재가노인복지시설","재가노인복지시설","자치구","1141000000","서대문구","서울특별시 서대문구 홍연길 82, 1층 3호 (연희동)","",""
"(주)케어링 방문요양센터 서울 서대문점","C0609770956","(재가노인복지시설) 재가노인복지시설","재가노인복지시설","자치구","1141000000","서대문구","서울특별시 서대문구 북아현로1길 17, 101엠동 B105호 (북아현동, 이편한세상신촌)","",""
"돌봄의정석 재가노인복지센터","C0609770966","(재가노인복지시설) 재가노인복지시설","재가노인복지시설","자치구","1150000000","강서구","서울특별시 강서구 공항대로 242, 11층 1122호 (마곡동)","",""
"안토재가복지센터","C0609771003","(재가노인복지시설) 재가노인복지시설","재가노인복지시설","자치구","1114000000","중구","서울특별시 중구 다산로 93, 101호 (신당동, 태산빌딩)","",""
"어울림재가복지센터","C0609771007","(재가노인복지시설) 재가노인복지시설","재가노인복지시설","자치구","1150000000","강서구","서울특별시 강서구 금낭화로 287-19, 상가동 202호 (방화동)","",""
"예스재가복지센터","C0609771052","(재가노인복지시설) 재가노인복지시설","재가노인복지시설","자치구","1147000000","양천구","서울특별시 양천구 중앙로29길 61, 상가 동 111호 (신월동, 신정뉴타운롯데캐슬)","",""
"(A)비지팅엔젤스 광진방문요양간호지점","C0609771060","(재가노인복지시설) 재가노인복지시설","재가노인복지시설","자치구","1121500000","광진구","서울특별시 광진구 광나루로38길 74, 102호 (구의동)","",""
"해오름재가복지센터","C0609771073","(재가노인복지시설) 재가노인복지시설","재가노인복지시설","자치구","1162000000","관악구","서울특별시 관악구 신림로32길 14, 1층 (신림동)","",""
"라온재가복지센터","C0609771097","(재가노인복지시설) 재가노인복지시설","재가노인복지시설","자치구","1150000000","강서구","서울특별시 강서구 가로공원로 179, 지층 (화곡동)","",""
"오사랑재가복지센터","C0609771492","(재가노인복지시설) 재가노인복지시설","재가노인복지시설","자치구","1159000000","동작구","서울특별시 동작구 동작대로9길 20-6, 101호 (사당동)","",""
"한우리케어방문요양센터","C0609771544","(재가노인복지시설) 재가노인복지시설","재가노인복지시설","자치구","1144000000","마포구","서울특별시 마포구 성미산로13길 14, 1층 101호 (성산동, 하정아트빌)","",""
"엠지새롬데이케어센터","C0609771625","(재가노인복지시설) 재가노인복지시설","재가노인복지시설","자치구","1153000000","구로구","서울특별시 구로구 경인로19길 37-7 (오류동)","",""
"스마일시니어참마음재가복지센터","C0609771674","(재가노인복지시설) 재가노인복지시설","재가노인복지시설","자치구","1132000000","도봉구","서울특별시 도봉구 도봉로125길 100, 지층 (쌍문동)","",""
"사랑모아데이케어센터","C0609771778","(재가노인복지시설) 재가노인복지시설","재가노인복지시설","자치구","1150000000","강서구","서울특별시 강서구 강서로52길 50, 2층 (내발산동)","",""
"바른재가복지센터","C0609771829","(재가노인복지시설) 재가노인복지시설","재가노인복지시설","자치구","1117000000","용산구","서울특별시 용산구 원효로77길 30, 1층 102호 (원효로1가)","",""
"해오름재가복지센터","C0609771875","(재가노인복지시설) 재가노인복지시설","재가노인복지시설","자치구","1165000000","서초구","서울특별시 서초구 서초중앙로20길 34-5, 201호 (서초동)","",""
"가로공원재활데이케어센터","C0609771893","(재가노인복지시설) 재가노인복지시설","재가노인복지시설","자치구","1147000000","양천구","서울특별시 양천구 가로공원로 136, 3층 (신월동)","",""
"가로공원재활데이케어센터","C0609771894","(재가노인복지시설) 재가노인복지시설","재가노인복지시설","자치구","1147000000","양천구","서울특별시 양천구 가로공원로 146, 3층 (신월동)","",""
"안심동행재가복지센터","C0609771949","(재가노인복지시설) 재가노인복지시설","재가노인복지시설","자치구","1129000000","성북구","서울특별시 성북구 정릉로34길 26-8 (정릉동)","",""
"고마운재가복지센터","C0609776294","(재가노인복지시설) 재가노인복지시설","재가노인복지시설","자치구","1135000000","노원구","서울특별시 노원구 상계로9나길 22, 1층 101호 (상계동)","",""
"돌봄지기 재가복지센터","C0609776295","(재가노인복지시설) 재가노인복지시설","재가노인복지시설","자치구","1135000000","노원구","서울특별시 노원구 노원로1길 74, 지층 A호 (공릉동)","",""
"두이홈재가노인복지센터 노원점","C0609776301","(재가노인복지시설) 재가노인복지시설","재가노인복지시설","자치구","1135000000","노원구","서울특별시 노원구 월계로 370, 1층 128호 (월계동, 희성프라자)","",""
"케어닥 어르신돌봄학교 마포직영 데이케어센터","C0609776338","(재가노인복지시설) 재가노인복지시설","재가노인복지시설","자치구","1144000000","마포구","서울특별시 마포구 성미산로11길 5, 1,2층 (성산동)","",""
"은평행복드림재가노인복지센터","C0609776355","(재가노인복지시설) 재가노인복지시설","재가노인복지시설","자치구","1138000000","은평구","서울특별시 은평구 백련산로 6, 102호 (응암동, 대주 피오레 아파트 상가)","",""
"국민건강복지센터","C0609776359","(재가노인복지시설) 재가노인복지시설","재가노인복지시설","자치구","1138000000","은평구","서울특별시 은평구 갈현로 201 (갈현동)","",""
"은평성심재가복지센터","C0609776371","(재가노인복지시설) 재가노인복지시설","재가노인복지시설","자치구","1138000000","은평구","서울특별시 은평구 진관3로 77, 923동 상가층 101호 (진관동, 은평뉴타운 구파발)","",""
"사랑애방문요양센터","C0609776375","(재가노인복지시설) 재가노인복지시설","재가노인복지시설","자치구","1138000000","은평구","서울특별시 은평구 은평로 15, 104호 (신사동)","",""
"아트재가복지센터","C0609776402","(재가노인복지시설) 재가노인복지시설","재가노인복지시설","자치구","1120000000","성동구","서울특별시 성동구 용답23길 6-1 (용답동)","",""
"온마음365케어재가센터","C0609776546","(재가노인복지시설) 재가노인복지시설","재가노인복지시설","자치구","1159000000","동작구","서울특별시 동작구 사당로20길 18, 102호 (사당동)","",""
"당신옆에 ㅈ재가복지센터","C0609776549","(재가노인복지시설) 재가노인복지시설","재가노인복지시설","자치구","1159000000","동작구","서울특별시 동작구 사당로16마길 6, 1층 (사당동)","",""
"당신옆에 재가복지센터","C0609776550","(재가노인복지시설) 재가노인복지시설","재가노인복지시설","자치구","1159000000","동작구","서울특별시 동작구 사당로16마길 6, 1층 (사당동)","",""
"청담정방문요양재가센터","C0609776564","(재가노인복지시설) 재가노인복지시설","재가노인복지시설","자치구","1168000000","강남구","서울특별시 강남구 학동로101길 21, 204호 (청담동, 신우빌딩)","",""
"조이실버복지타운","C0609777365","(재가노인복지시설) 재가노인복지시설","재가노인복지시설","자치구","1129000000","성북구","서울특별시 성북구 화랑로11길 26, B112호 (하월곡동, 월곡갑을명가 )","",""
"한마음데이케어방문요양센터","C0609777532","(재가노인복지시설) 재가노인복지시설","재가노인복지시설","자치구","1168000000","강남구","서울특별시 강남구 논현로12길 19-4, 2-3층 (개포동)","",""
"실버캐슬요양원","C0609777575","(재가노인복지시설) 재가노인복지시설","재가노인복지시설","자치구","1154500000","금천구","서울특별시 금천구 시흥대로139길 14, 2층 (독산동)","",""
"영등포재가노인지원센터","F03910","(재가노인복지시설) 재가노인복지시설","재가노인복지시설","자치구","1156000000","영등포구","서울특별시 영등포구 선유서로34길 10 (양평동3가)","",""
"구립영등포노인복지센터 병설 데이케어센터","F04102","(재가노인복지시설) 재가노인복지시설","재가노인복지시설","자치구","1156000000","영등포구","서울특별시 영등포구 선유서로34길 103층 (양평동3가)","",""
"재가노인지원서비스센터","F04146","(재가노인복지시설) 재가노인복지시설","재가노인복지시설","자치구","1138000000","은평구","","",""
"금호데이케어센터","F04341","(재가노인복지시설) 재가노인복지시설","재가노인복지시설","자치구","1120000000","성동구","서울특별시 성동구 독서당로 272 (금호동4가, 금호동 대우아파트)","",""
"청운실버데이케어센터","F04361","(재가노인복지시설) 재가노인복지시설","재가노인복지시설","자치구","1111000000","종로구","서울특별시 종로구 자하문로28길 29 (청운동)","",""
"강서시니어스주야간보호센터","F04393","(재가노인복지시설) 재가노인복지시설","재가노인복지시설","자치구","1150000000","강서구","서울특별시 강서구 공항대로 315 (등촌동)","",""
"에녹요양협동조합 주야간보호센터","F04410","(재가노인복지시설) 재가노인복지시설","재가노인복지시설","자치구","1156000000","영등포구","서울특별시 영등포구 가마산로 3133층 (대림동)","",""
"갈현동성당데이케어센터","F04423","(재가노인복지시설) 재가노인복지시설","재가노인복지시설","자치구","1138000000","은평구","서울특별시 은평구 통일로83길 24-9 (갈현동)","",""
"구파발성당데이케어센터","F04424","(재가노인복지시설) 재가노인복지시설","재가노인복지시설","자치구","1138000000","은평구","서울특별시 은평구 진관2로 29-16 (진관동)","",""
"서울숲단기보호센터","F04450","(재가노인복지시설) 재가노인복지시설","재가노인복지시설","자치구","1120000000","성동구","서울특별시 성동구 뚝섬로 401-24층 (성수동2가)","",""
"금호동성당데이케어센터","F04453","(재가노인복지시설) 재가노인복지시설","재가노인복지시설","자치구","1120000000","성동구","서울특별시 성동구 무수막18길 36 (금호동2가)","",""
"왕십리성당데이케어센터","F04454","(재가노인복지시설) 재가노인복지시설","재가노인복지시설","자치구","1120000000","성동구","서울특별시 성동구 무학로10길 21 (홍익동)","",""
"성동구립사근동데이케어센터","F04455","(재가노인복지시설) 재가노인복지시설","재가노인복지시설","자치구","1120000000","성동구","서울특별시 성동구 사근동길 37 (사근동)","",""
"성수데이케어센터","F04456","(재가노인복지시설) 재가노인복지시설","재가노인복지시설","자치구","1120000000","성동구","서울특별시 성동구 성덕정길 79 (성수동2가)","",""
"금호무지개노인복지센터","F04457","(재가노인복지시설) 재가노인복지시설","재가노인복지시설","자치구","1120000000","성동구","서울특별시 성동구 금호로13길 17201호 (금호동2가)","",""
"천호동성당데이케어센터","F04558","(재가노인복지시설) 재가노인복지시설","재가노인복지시설","자치구","1174000000","강동구","서울특별시 강동구 구천면로 236-15층 (천호동)","",""
"에이스희망케어센터","F04610","(재가노인복지시설) 재가노인복지시설","재가노인복지시설","자치구","1123000000","동대문구","서울특별시 동대문구 고산자로 420경동프라자 6층 (용두동)","",""
"서울시립동대문실버케어센터","F04768","(재가노인복지시설) 재가노인복지시설","재가노인복지시설","자치구","1100000000","서울특별시","서울특별시 동대문구 황물로 12 (답십리동)","",""
"서울시립마포실버케어센터","F04769","(재가노인복지시설) 재가노인복지시설","재가노인복지시설","자치구","1144000000","마포구","서울특별시 마포구 백범로31길 21 (공덕동)","",""
"구립연희안산데이케어센터","F14038","(재가노인복지시설) 재가노인복지시설","재가노인복지시설","자치구","1141000000","서대문구","서울특별시 서대문구 연희로29길 5","",""
"우면데이케어센터","F14084","(재가노인복지시설) 재가노인복지시설","재가노인복지시설","자치구","1165000000","서초구","서울특별시 서초구 양재대로2길 106우면동 767(우면동)","",""
"삼농데이케어센터","G0044","(재가노인복지시설) 재가노인복지시설","재가노인복지시설","자치구","1153000000","구로구","서울특별시 구로구 오류로8길 84 (오류동)","",""
"까리따스데이케어센터","G0079","(재가노인복지시설) 재가노인복지시설","재가노인복지시설","자치구","1165000000","서초구","서울특별시 서초구 남부순환로 2124, 4층 (방배동)","",""
"태릉데이케어센터","G0101","(재가노인복지시설) 재가노인복지시설","재가노인복지시설","자치구","1135000000","노원구","서울특별시 노원구 동일로176길 47-18 (공릉동)","",""
"유린원광방문요양센터","G0117","(재가노인복지시설) 재가노인복지시설","재가노인복지시설","자치구","1126000000","중랑구","서울특별시 중랑구 신내로 56 (신내동)","",""
"광진노인보호센터","G0156","(재가노인복지시설) 재가노인복지시설","재가노인복지시설","자치구","1121500000","광진구","서울특별시 광진구 뚝섬로58길 13 (자양동)","",""
"서울시양천구재가노인복지기관","G0190","(재가노인복지시설) 재가노인복지시설","재가노인복지시설","자치구","1147000000","양천구","서울특별시 양천구 목동남로 52 (신정동)","",""
"사랑과섬김요양원단기보호","G0220","(재가노인복지시설) 재가노인복지시설","재가노인복지시설","자치구","1126000000","중랑구","서울특별시 중랑구 묵동 239번지 51호 창성빌딩 2층","",""
"삼동재가방문요양센터","G0240","(재가노인복지시설) 재가노인복지시설","재가노인복지시설","자치구","1130500000","강북구","서울특별시 강북구 한천로105길 24, 지하1층 (번동)","",""
"여민데이케어센터","G0250","(재가노인복지시설) 재가노인복지시설","재가노인복지시설","자치구","1141000000","서대문구","서울특별시 서대문구 증가로4길 58-6 (홍은동)","",""
"구립한남데이케어센터","G0362","(재가노인복지시설) 재가노인복지시설","재가노인복지시설","자치구","1117000000","용산구","서울특별시 용산구 독서당로 103 (한남동)","",""
"부모사랑데이케어센터","G0455","(재가노인복지시설) 재가노인복지시설","재가노인복지시설","자치구","1135000000","노원구","서울특별시 노원구 광운로 48, 2층 (월계동)","",""
"국민건강보험공단 서울요양원 재가복지센터","G0568","(재가노인복지시설) 재가노인복지시설","재가노인복지시설","자치구","1168000000","강남구","서울특별시 강남구 헌릉로590길 50 (세곡동)","",""
"참마음노인복지센터","G0572","(재가노인복지시설) 재가노인복지시설","재가노인복지시설","자치구","1147000000","양천구","서울특별시 양천구 지양로13길 6, 201호 (신월동)","",""
"훼밀리데이케어센터","G0577","(재가노인복지시설) 재가노인복지시설","재가노인복지시설","자치구","1171000000","송파구","서울특별시 송파구 문정동 150-30 3층","",""
"가온요양원1주야간","G0760","(재가노인복지시설) 재가노인복지시설","재가노인복지시설","자치구","1130500000","강북구","서울특별시 강북구 한천로 1075, 3층 (수유동)","",""
"성산노인복지센터","G0817","(재가노인복지시설) 재가노인복지시설","재가노인복지시설","자치구","1144000000","마포구","서울특별시 마포구 월드컵북로12안길 68, 1층 (성산동)","",""
"구립효창데이케어센터","G0837","(재가노인복지시설) 재가노인복지시설","재가노인복지시설","자치구","1117000000","용산구","서울특별시 용산구 효창원로 146-12 (효창동, 효창종합사회복지관 1층)","",""
"구립신내노인종합복지관 병설 신내데이케어센터","G0862","(재가노인복지시설) 재가노인복지시설","재가노인복지시설","자치구","1126000000","중랑구","서울특별시 중랑구 신내로15길 175, 1층 (신내동, 구립신내노인종합복지관)","",""
"시립중랑노인전문요양원 병설 데이케어센터","G0874","(재가노인복지시설) 재가노인복지시설","재가노인복지시설","자치구","1126000000","중랑구","서울특별시 중랑구 양원역로 38, 1층 (망우동, 시립중랑노인전문요양원)","",""
"서울종합데이케어센터","G0910","(재가노인복지시설) 재가노인복지시설","재가노인복지시설","자치구","1144000000","마포구","서울특별시 마포구 토정로32길 4, 3층 (용강동)","",""
"늘푸른돌봄센터","G0934","(재가노인복지시설) 재가노인복지시설","재가노인복지시설","자치구","1121500000","광진구","서울특별시 광진구 용마산로8길 65 (중곡동)","",""
"삼선데이케어센터","G0947","(재가노인복지시설) 재가노인복지시설","재가노인복지시설","자치구","1129000000","성북구","서울특별시 성북구 동소문로 40, 4,6층 (동소문동3가)","",""
"혜화동성당데이케어센터","G1034","(재가노인복지시설) 재가노인복지시설","재가노인복지시설","자치구","1111000000","종로구","서울특별시 종로구 혜화로12길 14-9 (혜화동)","",""
"그레이스 실버데이케어센터","G1042","(재가노인복지시설) 재가노인복지시설","재가노인복지시설","자치구","1153000000","구로구","서울특별시 구로구 서해안로 2295, 2층 (오류동)","",""
"화곡본동성당데이케어센터","G1053","(재가노인복지시설) 재가노인복지시설","재가노인복지시설","자치구","1150000000","강서구","서울특별시 강서구 까치산로2길 43, 5층 (화곡동)","",""
"금호동성당데이케어센터","G1056","(재가노인복지시설) 재가노인복지시설","재가노인복지시설","자치구","1120000000","성동구","서울특별시 성동구 무수막18길 36 (금호동2가)","",""
"구파발성당데이케어센터","G1060","(재가노인복지시설) 재가노인복지시설","재가노인복지시설","자치구","1138000000","은평구","서울특별시 은평구 진관2로 29-16 (진관동)","",""
"시흥4동성당데이케어센터","G1065","(재가노인복지시설) 재가노인복지시설","재가노인복지시설","자치구","1154500000","금천구","서울특별시 금천구 독산로38길 10 (시흥동)","",""
"고척동성당데이케어센터","G1069","(재가노인복지시설) 재가노인복지시설","재가노인복지시설","자치구","1153000000","구로구","서울특별시 구로구 고척로52나길 42, 3층 (고척동, 고척동성당)","",""
"왕십리성당데이케어센터","G1070","(재가노인복지시설) 재가노인복지시설","재가노인복지시설","자치구","1120000000","성동구","서울특별시 성동구 무학로10길 21 (홍익동)","",""
"행운동성당데이케어센터","G1073","(재가노인복지시설) 재가노인복지시설","재가노인복지시설","자치구","1162000000","관악구","서울특별시 관악구 행운4길 39 (봉천동)","",""
"천호동성당데이케어센터","G1075","(재가노인복지시설) 재가노인복지시설","재가노인복지시설","자치구","1174000000","강동구","서울특별시 강동구 구천면로 236-1, 5층 (천호동, 안토니오관)","",""
"갈현동성당데이케어센터","G1088","(재가노인복지시설) 재가노인복지시설","재가노인복지시설","자치구","1138000000","은평구","서울특별시 은평구 통일로83길 24-9 (갈현동)","",""
"구립영등포치매전문데이케어센터","G1093","(재가노인복지시설) 재가노인복지시설","재가노인복지시설","자치구","1156000000","영등포구","서울특별시 영등포구 당산로29길 9, 5층 (당산동3가)","",""
"서울숲 단기보호센터","G1109","(재가노인복지시설) 재가노인복지시설","재가노인복지시설","자치구","1120000000","성동구","서울특별시 성동구 뚝섬로 401-2, 4층 (일산빌딩)","",""
"벧엘데이케어센터","G1115","(재가노인복지시설) 재가노인복지시설","재가노인복지시설","자치구","1162000000","관악구","서울특별시 관악구 문성로 96, 4층 (신림동, 미성빌딩)","",""
"서울시 광진구 재가노인복지기관","G1146","(재가노인복지시설) 재가노인복지시설","재가노인복지시설","자치구","1121500000","광진구","서울특별시 광진구 긴고랑로 136, 1층 (중곡동)","",""
"엔젤복지센터","G1216","(재가노인복지시설) 재가노인복지시설","재가노인복지시설","자치구","1162000000","관악구","서울특별시 관악구 봉천로 411-1, 501호 (봉천동)","",""
"(주)감사하는사람들노인복지센터","G1234","(재가노인복지시설) 재가노인복지시설","재가노인복지시설","자치구","1156000000","영등포구","서울특별시 영등포구 영등포로 353, 202호 (신길동)","",""
"밝은내데이케어센터","G1290","(재가노인복지시설) 재가노인복지시설","재가노인복지시설","자치구","1147000000","양천구","서울특별시 양천구 신월로24길 19 (신월동)","",""
"수유실버데이케어센터","G1293","(재가노인복지시설) 재가노인복지시설","재가노인복지시설","자치구","1130500000","강북구","서울특별시 강북구 노해로23길 94 (수유동)","",""
"미아실버데이케어센터","G1298","(재가노인복지시설) 재가노인복지시설","재가노인복지시설","자치구","1130500000","강북구","서울특별시 강북구 솔매로43길 25 (미아동)","",""
"서울시니어스강남타워 데이케어센터","G1315","(재가노인복지시설) 재가노인복지시설","재가노인복지시설","자치구","1168000000","강남구","서울특별시 강남구 자곡로 100-2 (자곡동, 서울특별시니어스강남타워)","",""
"목동실버데이케어센터","G1361","(재가노인복지시설) 재가노인복지시설","재가노인복지시설","자치구","1147000000","양천구","서울특별시 양천구 목동중앙로3길 21 (목동, 목동실버복지문화센터)","",""
"금천노인종합복지관 병설 금천데이케어센터","G1362","(재가노인복지시설) 재가노인복지시설","재가노인복지시설","자치구","1154500000","금천구","서울특별시 금천구 시흥대로51길 93-32 (시흥동)","",""
"사회복지법인 운가자비원 운가데이케어센터","G1458","(재가노인복지시설) 재가노인복지시설","재가노인복지시설","자치구","1130500000","강북구","서울특별시 강북구 삼양로112길 ","",""
"효사랑데이케어센터","G1468","(재가노인복지시설) 재가노인복지시설","재가노인복지시설","자치구","1162000000","관악구","서울특별시 관악구 신림로12길 18, 4층 (신림동, 명성빌딩)","",""
"잠실데이케어센터","G1509","(재가노인복지시설) 재가노인복지시설","재가노인복지시설","자치구","1171000000","송파구","서울특별시 송파구 오금로36길 39, 2,3,4층 (가락동)","",""
"작은베들레헴데이케어센터","G1546","(재가노인복지시설) 재가노인복지시설","재가노인복지시설","자치구","1132000000","도봉구","서울특별시 도봉구 우이천로45길 22-9 (쌍문동)","",""
"국민재가복지센터","G1566","(재가노인복지시설) 재가노인복지시설","재가노인복지시설","자치구","1150000000","강서구","서울특별시 강서구 공항대로41길 51, 206호 (등촌동)","",""
"목동중앙데이케어센터","G1646","(재가노인복지시설) 재가노인복지시설","재가노인복지시설","자치구","1147000000","양천구","서울특별시 양천구 목동중앙북로7가길 60, 5층 (목동)","",""
"카멜리아요양원 단기보호","G1690","(재가노인복지시설) 재가노인복지시설","재가노인복지시설","자치구","1126000000","중랑구","서울특별시 중랑구 동일로 933, 6층, 7층 (묵동, 수정빌딩)","",""
"강서힐링데이케어센터","G1757","(재가노인복지시설) 재가노인복지시설","재가노인복지시설","자치구","1150000000","강서구","서울특별시 강서구 수명로 68-23 (내발산동, 더이안타워)","",""
"희나리데이케어센터","G1791","(재가노인복지시설) 재가노인복지시설","재가노인복지시설","자치구","1171000000","송파구","서울특별시 송파구 백제고분로42길 5, 5층 (송파동, 송파여성문화회관 5층)","",""
"압구정데이케어센터","G2081","(재가노인복지시설) 재가노인복지시설","재가노인복지시설","자치구","1168000000","강남구","서울특별시 강남구 도산대로53길 5 (신사동)","",""
"강남구립 세심정데이케어센터","G2086","(재가노인복지시설) 재가노인복지시설","재가노인복지시설","자치구","1168000000","강남구","서울특별시 강남구 논현로115길 35-1 (논현동)","",""
"학수정데이케어센터","G2093","(재가노인복지시설) 재가노인복지시설","재가노인복지시설","자치구","1168000000","강남구","서울특별시 강남구 도산대로17길 45 (신사동)","",""
"마천데이케어센터","G2168","(재가노인복지시설) 재가노인복지시설","재가노인복지시설","자치구","1171000000","송파구","서울특별시 송파구 마천로 251, 2층 (마천동)","",""
"소풍데이케어센터","G2316","(재가노인복지시설) 재가노인복지시설","재가노인복지시설","자치구","1123000000","동대문구","서울특별시 동대문구 한천로 137, 2~3층 (답십리동)","",""
"중랑제일주야간보호센터","G2384","(재가노인복지시설) 재가노인복지시설","재가노인복지시설","자치구","1126000000","중랑구","서울특별시 중랑구 용마산로112길 90, 2층 (망우동)","",""
" 평강요양원단기보호센터","G2404","(재가노인복지시설) 재가노인복지시설","재가노인복지시설","자치구","1126000000","중랑구","서울특별시 중랑구 용마산로112길 90, 3층 (망우동, 성공빌딩)","",""
"금호데이케어센터","G2442","(재가노인복지시설) 재가노인복지시설","재가노인복지시설","자치구","1120000000","성동구","서울특별시 성동구 독서당로 272, 3층 301,302호 (금호동4가, 대우월드타운)","",""
"더행복데이케어센터","G2487","(재가노인복지시설) 재가노인복지시설","재가노인복지시설","자치구","1121500000","광진구","서울특별시 광진구 뚝섬로56길 40, 3,4층 (자양동)","",""
"가천단기보호센터","G2526","(재가노인복지시설) 재가노인복지시설","재가노인복지시설","자치구","1126000000","중랑구","서울특별시 중랑구 신내로14길13, 4층 (신내동)","",""
"(weforyou)위포유재활데이케어센터","G2551","(재가노인복지시설) 재가노인복지시설","재가노인복지시설","자치구","1150000000","강서구","서울특별시 강서구 공항대로 365, 7층 (등촌동, 환주빌딩)","",""
"나이팅게일데이케어센터","G2615","(재가노인복지시설) 재가노인복지시설","재가노인복지시설","자치구","1147000000","양천구","서울특별시 양천구 신월로 304, 5층 (신정동)","",""
"중랑리베데이케어센터","G2641","(재가노인복지시설) 재가노인복지시설","재가노인복지시설","자치구","1126000000","중랑구","서울특별시 중랑구 동일로 608, 4,5층 (면목동)","",""
"엘림요양원 단기보호","G2695","(재가노인복지시설) 재가노인복지시설","재가노인복지시설","자치구","1126000000","중랑구","서울특별시 중랑구 봉우재로 79, 3층 (상봉동, 화성빌딩)","",""
"(주)KB골든라이프케어 강동케어센터","G2759","(재가노인복지시설) 재가노인복지시설","재가노인복지시설","자치구","1174000000","강동구","서울특별시 강동구 아리수로93나길 10 (강일동)","",""
"성동구립 사근동데이케어센터","G2857","(재가노인복지시설) 재가노인복지시설","재가노인복지시설","자치구","1120000000","성동구","서울특별시 성동구 사근동길 37, 3층 (사근동)","",""
"효사랑나눔데이케어센터","G2874","(재가노인복지시설) 재가노인복지시설","재가노인복지시설","자치구","1135000000","노원구","서울특별시 노원구 덕릉로 712-4, 2,3,4층 (중계동)","",""
"정원단기요양센타","G2892","(재가노인복지시설) 재가노인복지시설","재가노인복지시설","자치구","1126000000","중랑구","서울특별시 중랑구 용마산로112길 90, 4층 (망우동)","",""
"꿈이있는데이케어센터","G2918","(재가노인복지시설) 재가노인복지시설","재가노인복지시설","자치구","1126000000","중랑구","서울특별시 중랑구 동일로 680 (면목동)","",""
"신효데이케어앤드 주식회사","G2920","(재가노인복지시설) 재가노인복지시설","재가노인복지시설","자치구","1171000000","송파구","서울특별시 송파구 가락로 45, 2,3,4층 (석촌동)","",""
"석관데이케어센터","G2930","(재가노인복지시설) 재가노인복지시설","재가노인복지시설","자치구","1129000000","성북구","서울특별시 성북구 화랑로 278, 5층, 6층 (석관동)","",""
"죽헌 미르데이센터(관악2호)","G2934","(재가노인복지시설) 재가노인복지시설","재가노인복지시설","자치구","1162000000","관악구","서울특별시 관악구 은천로 25, 3층 (봉천동, 정암빌딩)","",""
"관악중앙데이케어센터","G2956","(재가노인복지시설) 재가노인복지시설","재가노인복지시설","자치구","1162000000","관악구","서울특별시 관악구 봉천로 421, 2.3층 (봉천동, 샤인텔)","",""
"서림노인복지센터","G3011","(재가노인복지시설) 재가노인복지시설","재가노인복지시설","자치구","1162000000","관악구","서울특별시 관악구 신림로 211, 2,4층 (신림동, 미보빌딩)","",""
"구로제일데이케어센터","G3024","(재가노인복지시설) 재가노인복지시설","재가노인복지시설","자치구","1153000000","구로구","서울특별시 구로구 가마산로27길 14, 3,4층 (구로동)","",""
"수락데이케어센터","G3039","(재가노인복지시설) 재가노인복지시설","재가노인복지시설","자치구","1135000000","노원구","서울특별시 노원구 수락산로 222, 4층 (상계동)","",""
"A플러스잠실데이케어센터","G3109","(재가노인복지시설) 재가노인복지시설","재가노인복지시설","자치구","1171000000","송파구","서울특별시 송파구 백제고분로 235, 2, 4층 (삼전동)","",""
"(주)가가호호재가주간복지센터","G3136","(재가노인복지시설) 재가노인복지시설","재가노인복지시설","자치구","1126000000","중랑구","서울특별시 중랑구 겸재로54길 99 (면목동)","",""
"(사)굿하트 금천데이케어센터","G3158","(재가노인복지시설) 재가노인복지시설","재가노인복지시설","자치구","1154500000","금천구","서울특별시 금천구 시흥대로 비즈메드 빌딩 12 층","",""
"효도로어르신학교(데이케어센터)","G3165","(재가노인복지시설) 재가노인복지시설","재가노인복지시설","자치구","1153000000","구로구","서울특별시 구로구 경인로 393-7, 2동 8층 (고척동)","",""
"성내데이케어센터","G3170","(재가노인복지시설) 재가노인복지시설","재가노인복지시설","자치구","1174000000","강동구","서울특별시 강동구 풍성로 138, 4~6층 (성내동)","",""
"공릉데이케어센터","G3291","(재가노인복지시설) 재가노인복지시설","재가노인복지시설","자치구","1135000000","노원구","서울특별시 노원구 동일로 1127 (공릉동)","",""
"진각홈케어 성북센터","G3319","(재가노인복지시설) 재가노인복지시설","재가노인복지시설","자치구","1129000000","성북구","서울특별시 성북구 장월로1길 107, 302호 (하월곡동)","",""
"굿 데이케어센터","G3358","(재가노인복지시설) 재가노인복지시설","재가노인복지시설","자치구","1141000000","서대문구","서울특별시 서대문구 연희로 165, 2층 (연희동)","",""
"명성노인복지센터","G3403","(재가노인복지시설) 재가노인복지시설","재가노인복지시설","자치구","1129000000","성북구","서울특별시 성북구 보국문로4길 8, 2층 (정릉동)","",""
"남가좌데이케어센터","G3406","(재가노인복지시설) 재가노인복지시설","재가노인복지시설","자치구","1141000000","서대문구","서울특별시 서대문구 명지대길 103, 1층 (남가좌동)","",""
"고운케어재가복지센터","G3430","(재가노인복지시설) 재가노인복지시설","재가노인복지시설","자치구","1159000000","동작구","서울특별시 동작구 보라매로 106, 3층 (신대방동)","",""
"엔젤리아데이케어센터","G3442","(재가노인복지시설) 재가노인복지시설","재가노인복지시설","자치구","1150000000","강서구","서울특별시 강서구 금낭화로 5, 2층 (방화동)","",""
"구립용마데이케어센터","G3446","(재가노인복지시설) 재가노인복지시설","재가노인복지시설","자치구","1126000000","중랑구","서울특별시 중랑구 용마산로94길 98 (면목동)","",""
"(주)성동돌봄센터","G3450","(재가노인복지시설) 재가노인복지시설","재가노인복지시설","자치구","1120000000","성동구","서울특별시 성동구 왕십리로 309, 2층 205호 (행당동, 왕십리이스타빌)","",""
"역삼사랑데이케어센터","G3475","(재가노인복지시설) 재가노인복지시설","재가노인복지시설","자치구","1168000000","강남구","서울특별시 강남구 논현로72길 16 (역삼동)","",""
"'강북햇살데이케어센터'","G3545","(재가노인복지시설) 재가노인복지시설","재가노인복지시설","자치구","1130500000","강북구","서울특별시 강북구 삼양로 438 (수유동, 한일빌딩 2층)","",""
"우리들주야간보호센터","G3564","(재가노인복지시설) 재가노인복지시설","재가노인복지시설","자치구","1153000000","구로구","서울특별시 구로구 고척동 72번지 7호 문화골든타워 9층","",""
"구립동안사랑데이케어센터","G3684","(재가노인복지시설) 재가노인복지시설","재가노인복지시설","자치구","1123000000","동대문구","서울특별시 동대문구 황물로 30, 1~2층 (답십리동)","",""
"금천한내데이케어센터","G3688","(재가노인복지시설) 재가노인복지시설","재가노인복지시설","자치구","1154500000","금천구","서울특별시 금천구 한내로 69-15 (독산동, 독산13단지 고령자복지주택 4~5층)","",""
"구세군홍제데이케어센터","G3692","(재가노인복지시설) 재가노인복지시설","재가노인복지시설","자치구","1141000000","서대문구","서울특별시 서대문구 홍은중앙로 113, 3층 (홍은동, 홍은빌딩)","",""
"구립중림어르신데이케어센터","G3709","(재가노인복지시설) 재가노인복지시설","재가노인복지시설","자치구","1114000000","중구","서울특별시 중구 서소문로6길 16, 4층 (중림동)","",""
"목동굿모닝데이케어센터 목동굿모닝방문요양센터","G3719","(재가노인복지시설) 재가노인복지시설","재가노인복지시설","자치구","1147000000","양천구","서울특별시 양천구 공항대로 594, 2층, 3층 (목동)","",""
"늘봄노인주야간보호센터","G3878","(재가노인복지시설) 재가노인복지시설","재가노인복지시설","자치구","1171000000","송파구","서울특별시 송파구 마천로 264, 5층 (거여동, 흥일빌딩)","",""
"늘봄재가노인복지센터","G3887","(재가노인복지시설) 재가노인복지시설","재가노인복지시설","자치구","1126000000","중랑구","서울특별시 중랑구 겸재로 204, 2층 (면목동)","",""
"구립대림1동데이케어센터","G3898","(재가노인복지시설) 재가노인복지시설","재가노인복지시설","자치구","1156000000","영등포구","서울특별시 영등포구 디지털로 441 (대림동)","",""
"구립신길5동데이케어센터","G3899","(재가노인복지시설) 재가노인복지시설","재가노인복지시설","자치구","1156000000","영등포구","서울특별시 영등포구 도림로80길 6 (신길동)","",""
"에녹요양협동조합 주야간보호센터","G3910","(재가노인복지시설) 재가노인복지시설","재가노인복지시설","자치구","1156000000","영등포구","서울특별시 영등포구 가마산로 313, 3층, 4층 (대림동)","",""
"서울데이케어센터","G3915","(재가노인복지시설) 재가노인복지시설","재가노인복지시설","자치구","1123000000","동대문구","서울특별시 동대문구 신이문로 27, 7~8층 (이문동)","",""
"응암데이케어","G3922","(재가노인복지시설) 재가노인복지시설","재가노인복지시설","자치구","1138000000","은평구","서울특별시 은평구 백련산로 133, 5,6층 (응암동)","",""
"우리실버홈케어복지센터","G3947","(재가노인복지시설) 재가노인복지시설","재가노인복지시설","자치구","1147000000","양천구","서울특별시 양천구 가로공원로 123, 201호 (신월동, 우진팰리스)","",""
"(A+)한성노인복지센터","G3969","(재가노인복지시설) 재가노인복지시설","재가노인복지시설","자치구","1126000000","중랑구","서울특별시 중랑구 동일로129길 35, 205호 (중화동, 태능시장 주상복합빌딩)","",""
"숲데이케어센터","G3971","(재가노인복지시설) 재가노인복지시설","재가노인복지시설","자치구","1159000000","동작구","서울특별시 동작구 상도로68길 1-20, 2층 (상도동)","",""
"벧엘데이케어센터","G4005","(재가노인복지시설) 재가노인복지시설","재가노인복지시설","자치구","1162000000","관악구","서울특별시 관악구 문성로 96, 4,5층 (신림동)","",""
"천세노인복지센터","G4017","(재가노인복지시설) 재가노인복지시설","재가노인복지시설","자치구","1153000000","구로구","서울특별시 구로구 경인로55길 21 (구로동)","",""
"한결재가돌봄센터","G4033","(재가노인복지시설) 재가노인복지시설","재가노인복지시설","자치구","1132000000","도봉구","서울특별시 도봉구 도봉로164길 33-25, 502호 (도봉동)","",""
"마포봄데이케어센터","G4057","(재가노인복지시설) 재가노인복지시설","재가노인복지시설","자치구","1144000000","마포구","서울특별시 마포구 대흥로 54, 5층 501호 (대흥동)","",""
"'A+'서울노인복지센터","G4064","(재가노인복지시설) 재가노인복지시설","재가노인복지시설","자치구","1126000000","중랑구","서울특별시 중랑구 신내로16길 33, 106호 (신내동, 신내동 의료안심주택)","",""
"금호무지개노인복지센터","G4093","(재가노인복지시설) 재가노인복지시설","재가노인복지시설","자치구","1120000000","성동구","서울특별시 성동구 금호로13길 17 (금호동2가)","",""
"강서시니어스주야간보호센터","G4098","(재가노인복지시설) 재가노인복지시설","재가노인복지시설","자치구","1150000000","강서구","서울특별시 강서구 공항대로 315 (등촌동)","",""
"서울희망데이케어센터","G4125","(재가노인복지시설) 재가노인복지시설","재가노인복지시설","자치구","1156000000","영등포구","서울특별시 영등포구 도신로 235 (신길동)","",""
"구립신내우리데이케어센터","G4140","(재가노인복지시설) 재가노인복지시설","재가노인복지시설","자치구","1126000000","중랑구","서울특별시 중랑구 망우로65길 20 (신내동)","",""
"목동 연세데이케어센터","G4156","(재가노인복지시설) 재가노인복지시설","재가노인복지시설","자치구","1147000000","양천구","서울특별시 양천구 목동중앙본로3길 10, 1층 (목동)","",""
"백세만세데이케어센터","G4188","(재가노인복지시설) 재가노인복지시설","재가노인복지시설","자치구","1121500000","광진구","서울특별시 광진구 광나루로 556, 4층 (구의동, 씨엔씨빌딩)","",""
"해피데이케어센터","G4189","(재가노인복지시설) 재가노인복지시설","재가노인복지시설","자치구","1138000000","은평구","서울특별시 은평구 진흥로 91-1, 4~6층 (역촌동)","",""
"금천희망데이케어센터","G4237","(재가노인복지시설) 재가노인복지시설","재가노인복지시설","자치구","1154500000","금천구","서울특별시 금천구 금하로 658, 2,3층 (시흥동)","",""
"(금천)하늘방문요양센터","G4240","(재가노인복지시설) 재가노인복지시설","재가노인복지시설","자치구","1154500000","금천구","서울특별시 금천구 독산로85길 36, 205호 (독산동, 독산 오르페움타워)","",""
"행복 데이케어센터","G4271","(재가노인복지시설) 재가노인복지시설","재가노인복지시설","자치구","1174000000","강동구","서울특별시 강동구 올림픽로98길 30, 3층 (암사동)","",""
"중랑구재가노인복지센터","G4277","(재가노인복지시설) 재가노인복지시설","재가노인복지시설","자치구","1126000000","중랑구","서울특별시 중랑구 답십리로77길 105, 2층 (면목동)","",""
"관악난향데이케어센터","G4308","(재가노인복지시설) 재가노인복지시설","재가노인복지시설","자치구","1162000000","관악구","서울특별시 관악구 난곡로 42, 2층 (신림동)","",""
"구립갈월데이케어센터","G4371","(재가노인복지시설) 재가노인복지시설","재가노인복지시설","자치구","1117000000","용산구","서울특별시 용산구 두텁바위로 25, 3층 (갈월동, 갈월종합사회복지관)","",""
"(A)청춘시대 재활복지센터","G4528","(재가노인복지시설) 재가노인복지시설","재가노인복지시설","자치구","1126000000","중랑구","서울특별시 중랑구 용마산로125가길 47, 2,3층 (신내동)","",""
"동광노인복지센터","G4629","(재가노인복지시설) 재가노인복지시설","재가노인복지시설","자치구","1159000000","동작구","서울특별시 동작구 성대로1가길 12 (상도동)","",""
"구로 100세대학데이케어센터","G4641","(재가노인복지시설) 재가노인복지시설","재가노인복지시설","자치구","1153000000","구로구","서울특별시 구로구 경인로43길 22, 2층 (고척동)","",""
"평강마을 데이케어센터","G4646","(재가노인복지시설) 재가노인복지시설","재가노인복지시설","자치구","1121500000","광진구","서울특별시 광진구 자양번영로4길 13, 3층 (자양동)","",""
"관악희망데이케어센터","G4655","(재가노인복지시설) 재가노인복지시설","재가노인복지시설","자치구","1162000000","관악구","서울특별시 관악구 봉천로 391, 5층 (봉천동)","",""
"가가호호데이케어센터","G4679","(재가노인복지시설) 재가노인복지시설","재가노인복지시설","자치구","1147000000","양천구","서울특별시 양천구 월정로 39, 2층 (신월동)","",""
"상암데이케어센터","G4680","(재가노인복지시설) 재가노인복지시설","재가노인복지시설","자치구","1144000000","마포구","서울특별시 마포구 월드컵로42길 2, 2층 (상암동)","",""
"더봄데이케어센터","G4693","(재가노인복지시설) 재가노인복지시설","재가노인복지시설","자치구","1141000000","서대문구","서울특별시 서대문구 응암로 16, 2~3층 (북가좌동)","",""
"바른데이케어센터","G4702","(재가노인복지시설) 재가노인복지시설","재가노인복지시설","자치구","1129000000","성북구","서울특별시 성북구 보문로40길 11, 2,4층 (동소문동5가, 성신여대역솔하임)","",""
"구립모랫말데이케어센터","G4715","(재가노인복지시설) 재가노인복지시설","재가노인복지시설","자치구","1156000000","영등포구","서울특별시 영등포구 도영로 41, 5층 (도림동, 구립모랫말데이케어센터)","",""
"'품앗이노인복지센터'","G4733","(재가노인복지시설) 재가노인복지시설","재가노인복지시설","자치구","1162000000","관악구","서울특별시 관악구 장군봉2길 13, 1층 (봉천동)","",""
"우리노인복지센터","G4735","(재가노인복지시설) 재가노인복지시설","재가노인복지시설","자치구","1159000000","동작구","서울특별시 동작구 남부순환로 2053 (사당동)","",""
"개포데이케어센터","G4755","(재가노인복지시설) 재가노인복지시설","재가노인복지시설","자치구","1168000000","강남구","서울특별시 강남구 삼성로 38, 504~506호 (개포동, 개포빌딩)","",""
"강서중앙데이케어센터","G4834","(재가노인복지시설) 재가노인복지시설","재가노인복지시설","자치구","1150000000","강서구","서울특별시 강서구 양천로 132, 1,2층 (방화동, 한림리첸빌)","",""
"구로미가데이케어센터","G4840","(재가노인복지시설) 재가노인복지시설","재가노인복지시설","자치구","1153000000","구로구","서울특별시 구로구 천왕로 32, 6,7층 605,701호 (천왕동, 에이스프라자)","",""
"굿피플데이케어센터","G4857","(재가노인복지시설) 재가노인복지시설","재가노인복지시설","자치구","1162000000","관악구","서울특별시 관악구 난곡로 299, 4층 (신림동)","",""
"풍납데이케어센터","G4874","(재가노인복지시설) 재가노인복지시설","재가노인복지시설","자치구","1171000000","송파구","서울특별시 송파구 강동대로3길 5 (풍납동)","",""
"오손도손종합복지센터","G4947","(재가노인복지시설) 재가노인복지시설","재가노인복지시설","자치구","1132000000","도봉구","서울특별시 도봉구 도당로13길 22, 3층 (방학동)","",""
"강서데이케어센터","G4964","(재가노인복지시설) 재가노인복지시설","재가노인복지시설","자치구","1150000000","강서구","서울특별시 강서구 화곡로 225, 7층 (화곡동)","",""
"희망재가장기요양기관","G5028","(재가노인복지시설) 재가노인복지시설","재가노인복지시설","자치구","1126000000","중랑구","서울특별시 중랑구 면목로58길 18 (면목동)","",""
"고수련노인복지센터","G5036","(재가노인복지시설) 재가노인복지시설","재가노인복지시설","자치구","1135000000","노원구","서울특별시 노원구 노원로34길 102, 2층 (상계동)","",""
"늘봄데이케어센터","G5050","(재가노인복지시설) 재가노인복지시설","재가노인복지시설","자치구","1135000000","노원구","서울특별시 노원구 한글비석로47길 58, 2층 (상계동, 우림빌딩)","",""
"KB골든라이프케어 위례케어센터","G5085","(재가노인복지시설) 재가노인복지시설","재가노인복지시설","자치구","1171000000","송파구","서울특별시 송파구 위례광장로 220, 1층 (장지동)","",""
"(협)사랑방데이케어센터","G5106","(재가노인복지시설) 재가노인복지시설","재가노인복지시설","자치구","1147000000","양천구","서울특별시 양천구 가로공원로 146, 2층 (신월동, 정용빌딩)","",""
"참사랑실버재활주간보호센터","G5110","(재가노인복지시설) 재가노인복지시설","재가노인복지시설","자치구","1123000000","동대문구","서울특별시 동대문구 장한로23길 21, 2층 (장안동)","",""
"늘봄데이케어센터","G5156","(재가노인복지시설) 재가노인복지시설","재가노인복지시설","자치구","1147000000","양천구","서울특별시 양천구 목동중앙남로3길 42, 지층,1층 (목동)","",""
"엔젤노인재가복지센터","G5163","(재가노인복지시설) 재가노인복지시설","재가노인복지시설","자치구","1126000000","중랑구","서울특별시 중랑구 사가정로50길 12, 1층 (면목동)","",""
"'(A+)'누리 봄 방문간호요양센터","G5165","(재가노인복지시설) 재가노인복지시설","재가노인복지시설","자치구","1126000000","중랑구","서울특별시 중랑구 면목로 401 (면목동)","",""
"은평사랑데이케어센터","G5168","(재가노인복지시설) 재가노인복지시설","재가노인복지시설","자치구","1138000000","은평구","서울특별시 은평구 응암로 356, 1층 (녹번동, 녹번타워)","",""
"가족사랑 데이케어","G5173","(재가노인복지시설) 재가노인복지시설","재가노인복지시설","자치구","1126000000","중랑구","서울특별시 중랑구 망우로 244, 5층 (상봉동)","",""
"DMC실버케어","G5178","(재가노인복지시설) 재가노인복지시설","재가노인복지시설","자치구","1141000000","서대문구","서울특별시 서대문구 응암로 76, 4층 (북가좌동)","",""
"늘푸른데이케어센터","G5224","(재가노인복지시설) 재가노인복지시설","재가노인복지시설","자치구","1135000000","노원구","서울특별시 노원구 공릉로43길 18, 2층 (공릉동)","",""
"88재활데이케어센터","G5318","(재가노인복지시설) 재가노인복지시설","재가노인복지시설","자치구","1135000000","노원구","서울특별시 노원구 상계로27길 12 (상계동, 401호,402호,501호,502호,503호)","",""
"감동드림데이케어센터","G5323","(재가노인복지시설) 재가노인복지시설","재가노인복지시설","자치구","1154500000","금천구","서울특별시 금천구 금하로 720, 5층 (시흥동, 에벤에셀프라자)","",""
"가가호호 데이케어센터","G5341","(재가노인복지시설) 재가노인복지시설","재가노인복지시설","자치구","1162000000","관악구","서울특별시 관악구 은천로 25, 5층 (봉천동, 정암빌딩)","",""
"예담주야간보호센터","G5390","(재가노인복지시설) 재가노인복지시설","재가노인복지시설","자치구","1123000000","동대문구","서울특별시 동대문구 장한로27길 29, 301호 (장안동)","",""
"강서목동재가복지센터","G5510","(재가노인복지시설) 재가노인복지시설","재가노인복지시설","자치구","1147000000","양천구","서울특별시 양천구 국회대로 252, 205호 (신정동)","",""
"에스더블유135재가요양센터","G5519","(재가노인복지시설) 재가노인복지시설","재가노인복지시설","자치구","1147000000","양천구","서울특별시 양천구 남부순환로60길 5-2, 102호 (신월동)","",""
"봄날재가복지센터","G5528","(재가노인복지시설) 재가노인복지시설","재가노인복지시설","자치구","1147000000","양천구","서울특별시 양천구 오목로 114, 1층 (신월동)","",""
"다인재가노인복지센터","G5601","(재가노인복지시설) 재가노인복지시설","재가노인복지시설","자치구","1126000000","중랑구","서울특별시 중랑구 사가정로 383, 2층 (면목동)","",""
"나무 주간보호센터","G5633","(재가노인복지시설) 재가노인복지시설","재가노인복지시설","자치구","1135000000","노원구","서울특별시 노원구 화랑로 463, 2층 (공릉동)","",""
"인연방문요양센터","G5648","(재가노인복지시설) 재가노인복지시설","재가노인복지시설","자치구","1138000000","은평구","서울특별시 은평구 진흥로1길 38-20 (역촌동)","",""
"동행재가복지센터","G5708","(재가노인복지시설) 재가노인복지시설","재가노인복지시설","자치구","1138000000","은평구","서울특별시 은평구 갈현로17가길 3, 1층 (구산동)","",""
"서서울어르신복지관병설서서울데이케어센터","G5711","(재가노인복지시설) 재가노인복지시설","재가노인복지시설","자치구","1147000000","양천구","서울특별시 양천구 가로공원로60가길 16, 3층 (신월동)","",""
"사계절 노인장기요양기관","G5747","(재가노인복지시설) 재가노인복지시설","재가노인복지시설","자치구","1156000000","영등포구","서울특별시 영등포구 영신로 1-2, 4층 (도림동)","",""
"마음다함 어르신돌봄센터 독산점","G5788","(재가노인복지시설) 재가노인복지시설","재가노인복지시설","자치구","1154500000","금천구","서울특별시 금천구 벚꽃로6길 21, 3층 (독산동, 예일빌딩)","",""
"곰달래복지센터","G5812","(재가노인복지시설) 재가노인복지시설","재가노인복지시설","자치구","1147000000","양천구","서울특별시 양천구 곰달래로14길 16-2, 301호 (신월동)","",""
"경희재가복지센터","G5842","(재가노인복지시설) 재가노인복지시설","재가노인복지시설","자치구","1132000000","도봉구","서울특별시 도봉구 우이천로34길 9, 1층 (쌍문동)","",""
"무지개노인복지센터","G5856","(재가노인복지시설) 재가노인복지시설","재가노인복지시설","자치구","1126000000","중랑구","서울특별시 중랑구 신내로 115, 상가동 108호 (신내동, 신내아파트)","",""
"9학년데이케어센터(재활)","G5959","(재가노인복지시설) 재가노인복지시설","재가노인복지시설","자치구","1174000000","강동구","서울특별시 강동구 구천면로 304, 2~3층 (천호동)","",""
"에덴재가복지센터","G6002","(재가노인복지시설) 재가노인복지시설","재가노인복지시설","자치구","1132000000","도봉구","서울특별시 도봉구 방학로 203, 2층 201호 (방학동, 신동아상가)","",""
"중계재가복지센터","G6018","(재가노인복지시설) 재가노인복지시설","재가노인복지시설","자치구","1135000000","노원구","서울특별시 노원구 중계로 90, 209호 (중계동, 우암타운)","",""
"동작어르신돌봄센터","G6048","(재가노인복지시설) 재가노인복지시설","재가노인복지시설","자치구","1159000000","동작구","서울특별시 동작구 장승배기로20길 2, 2층 (노량진동)","",""
"(A+)은혜방문요양센터","G6049","(재가노인복지시설) 재가노인복지시설","재가노인복지시설","자치구","1147000000","양천구","서울특별시 양천구 신정중앙로16길 12, 지층 (신정동)","",""
"군자 연세데이케어센터","G6052","(재가노인복지시설) 재가노인복지시설","재가노인복지시설","자치구","1121500000","광진구","서울특별시 광진구 군자로 108, 4층 (군자동, 군자빌딩)","",""
"참기쁨 재가복지센터","G6059","(재가노인복지시설) 재가노인복지시설","재가노인복지시설","자치구","1126000000","중랑구","서울특별시 중랑구 용마산로122길 4 (망우동)","",""
"엘림재가방문센터","G6084","(재가노인복지시설) 재가노인복지시설","재가노인복지시설","자치구","1126000000","중랑구","서울특별시 중랑구 송림길 102, 1층 (망우동)","",""
"임사랑방문재가센터","G6100","(재가노인복지시설) 재가노인복지시설","재가노인복지시설","자치구","1147000000","양천구","서울특별시 양천구 목동중앙북로7가길 55, 4층 2호 (목동)","",""
"구로제일데이케어센터사랑점","G6101","(재가노인복지시설) 재가노인복지시설","재가노인복지시설","자치구","1153000000","구로구","서울특별시 구로구 가마산로 265, 2층 (구로동, 한솔로이젠트)","",""
"효드림재가복지센터","G6135","(재가노인복지시설) 재가노인복지시설","재가노인복지시설","자치구","1147000000","양천구","서울특별시 양천구 남부순환로40길 53, 1층 (신월동)","",""
"어버이사랑노인의료복지센터2 병설 데이케어센터","G6142","(재가노인복지시설) 재가노인복지시설","재가노인복지시설","자치구","1156000000","영등포구","서울특별시 영등포구 도림로 318, 5층 (신길동)","",""
"어버이사랑노인의료복지센터3 병설 데이케어센터","G6143","(재가노인복지시설) 재가노인복지시설","재가노인복지시설","자치구","1156000000","영등포구","서울특별시 영등포구 도림로 318, 6층 (신길동)","",""
"고구려복지센터","G6149","(재가노인복지시설) 재가노인복지시설","재가노인복지시설","자치구","1129000000","성북구","서울특별시 성북구 한천로 598, 4층 (석관동, 세진빌딩)","",""
"양천나루재가복지센터","G6156","(재가노인복지시설) 재가노인복지시설","재가노인복지시설","자치구","1147000000","양천구","서울특별시 양천구 곰달래로13길 59-1, 1층 (신월동)","",""
"행복케어","G6199","(재가노인복지시설) 재가노인복지시설","재가노인복지시설","자치구","1171000000","송파구","서울특별시 송파구 동남로 286, 2층 (오금동)","",""
"스마일복지센터","G6208","(재가노인복지시설) 재가노인복지시설","재가노인복지시설","자치구","1138000000","은평구","서울특별시 은평구 통일로 906, 3층 (불광동, 해피플러스1)","",""
"우리 데이케어센터","G6209","(재가노인복지시설) 재가노인복지시설","재가노인복지시설","자치구","1132000000","도봉구","서울특별시 도봉구 도봉로163길 10, 4층 (도봉동)","",""
"보람방문복지센터","G6221","(재가노인복지시설) 재가노인복지시설","재가노인복지시설","자치구","1147000000","양천구","서울특별시 양천구 남부순환로67길 20, 2층 (신월동)","",""
"복지세상 사회적협동조합 방문목욕센터","G6227","(재가노인복지시설) 재가노인복지시설","재가노인복지시설","자치구","1135000000","노원구","서울특별시 노원구 동일로 1127, 3층 1호 (공릉동, 공릉종합사회복지관)","",""
"한마음노인복지센터","G6229","(재가노인복지시설) 재가노인복지시설","재가노인복지시설","자치구","1138000000","은평구","서울특별시 은평구 서오릉로9길 9, 101호 (역촌동, 조운아트빌)","",""
"153통합돌봄재가센터","G6264","(재가노인복지시설) 재가노인복지시설","재가노인복지시설","자치구","1123000000","동대문구","서울특별시 동대문구 사가정로 6, 3층 (답십리동, 청계 G well estates)","",""
"강북하루정요양원","G6287","(재가노인복지시설) 재가노인복지시설","재가노인복지시설","자치구","1130500000","강북구","서울특별시 강북구 삼양로 433, 5층 (수유동)","",""
"강서재활전문데이케어센터","G6293","(재가노인복지시설) 재가노인복지시설","재가노인복지시설","자치구","1150000000","강서구","서울특별시 강서구 방화동로 115, 3,4층 (방화동)","",""
"갓사랑노인재가복지센터","G6302","(재가노인복지시설) 재가노인복지시설","재가노인복지시설","자치구","1130500000","강북구","서울특별시 강북구 삼양로32나길 19, 103호 (미아동)","",""
"유진실버방문요양센터","G6325","(재가노인복지시설) 재가노인복지시설","재가노인복지시설","자치구","1147000000","양천구","서울특별시 양천구 목동중앙북로5길 29, 203호 (목동, 그랜드비스타)","",""
"늘사랑 요양복지센터","G6380","(재가노인복지시설) 재가노인복지시설","재가노인복지시설","자치구","1130500000","강북구","서울특별시 강북구 오현로21길 42, 지층 1호 (번동)","",""
"홍제천데이케어센터","G6445","(재가노인복지시설) 재가노인복지시설","재가노인복지시설","자치구","1141000000","서대문구","서울특별시 서대문구 연희로 237, 2층~3층 (연희동)","",""
"늘푸른돌봄센터 노원중랑점","G6461","(재가노인복지시설) 재가노인복지시설","재가노인복지시설","자치구","1135000000","노원구","서울특별시 노원구 노원로 333, 209호 (중계동)","",""
"나눔재활데이케어센터","G6476","(재가노인복지시설) 재가노인복지시설","재가노인복지시설","자치구","1162000000","관악구","서울특별시 관악구 난곡로 189, 4,5층 (신림동)","",""
"행복 방문요양 복지센터","G6481","(재가노인복지시설) 재가노인복지시설","재가노인복지시설","자치구","1121500000","광진구","서울특별시 광진구 자양로 294, 2층 (구의동)","",""
"사랑배달 재가노인복지센터","G6497","(재가노인복지시설) 재가노인복지시설","재가노인복지시설","자치구","1174000000","강동구","서울특별시 강동구 양재대로 1522, 201호 (길동)","",""
"부모사랑복지센터","G6516","(재가노인복지시설) 재가노인복지시설","재가노인복지시설","자치구","1147000000","양천구","서울특별시 양천구 목동로3길 57, 상가동 108호 (신정동, 양천아파트)","",""
"더사랑데이케어센터","G6538","(재가노인복지시설) 재가노인복지시설","재가노인복지시설","자치구","1121500000","광진구","서울특별시 광진구 자양로 138, 1층 (구의동)","",""
"정담 재활 주야간보호센터","G6572","(재가노인복지시설) 재가노인복지시설","재가노인복지시설","자치구","1114000000","중구","서울특별시 중구 다산로36길 101, 2층 (신당동)","",""
"명지재가노인복지센터","G6593","(재가노인복지시설) 재가노인복지시설","재가노인복지시설","자치구","1162000000","관악구","서울특별시 관악구 난곡로 316, 6층 (신림동, 진성타워)","",""
"우리재가방문요양센터","G6623","(재가노인복지시설) 재가노인복지시설","재가노인복지시설","자치구","1130500000","강북구","서울특별시 강북구 도봉로68길 19-3, 지하1층 1호 (미아동)","",""
"부모사랑 노인복지센터","G6642","(재가노인복지시설) 재가노인복지시설","재가노인복지시설","자치구","1141000000","서대문구","서울특별시 서대문구 통일로 375, 1층 (홍제동)","",""
"'A+한결방문요양센터'","G6647","(재가노인복지시설) 재가노인복지시설","재가노인복지시설","자치구","1126000000","중랑구","서울특별시 중랑구 신내로 112, 202호 (신내동)","",""
"보문사랑데이케어센터","G6665","(재가노인복지시설) 재가노인복지시설","재가노인복지시설","자치구","1129000000","성북구","서울특별시 성북구 고려대로 28, B1층 (안암동2가, 밀로바니)","",""
"구로은빛노인복지센터","G6688","(재가노인복지시설) 재가노인복지시설","재가노인복지시설","자치구","1153000000","구로구","서울특별시 구로구 가마산로26길 10, 201,203호 (구로동)","",""
"엄마사랑 재가노인복지센터","G6725","(재가노인복지시설) 재가노인복지시설","재가노인복지시설","자치구","1159000000","동작구","서울특별시 동작구 남부순환로 2023, 101호 (사당동)","",""
"아리아케어 방문요양 송파 잠실센터","G6734","(재가노인복지시설) 재가노인복지시설","재가노인복지시설","자치구","1171000000","송파구","서울특별시 송파구 풍성로25길 19, 202호 (풍납동)","",""
"참사랑 재가복지센터","G6753","(재가노인복지시설) 재가노인복지시설","재가노인복지시설","자치구","1159000000","동작구","서울특별시 동작구 대림로 30, 1층 (신대방동)","",""
"가자 재가방문요양센터","G6768","(재가노인복지시설) 재가노인복지시설","재가노인복지시설","자치구","1129000000","성북구","서울특별시 성북구 한천로99길 24-23, 201호 (장위동)","",""
"99팔팔재가노인복지센터","G6775","(재가노인복지시설) 재가노인복지시설","재가노인복지시설","자치구","1150000000","강서구","서울특별시 강서구 월정로30길 64 (화곡동)","",""
"강북THE행복한데이케어센터","G6805","(재가노인복지시설) 재가노인복지시설","재가노인복지시설","자치구","1130500000","강북구","서울특별시 강북구 삼양로77길 51, 2층 (수유동, 에덴빌딩)","",""
"송파아셀재활주간보호센터","G6835","(재가노인복지시설) 재가노인복지시설","재가노인복지시설","자치구","1171000000","송파구","서울특별시 송파구 가락로 209, 2층 (송파동)","",""
"은평재가노인복지센터","G6866","(재가노인복지시설) 재가노인복지시설","재가노인복지시설","자치구","1138000000","은평구","서울특별시 은평구 은평로 193, 3층 301호 (녹번동)","",""
"'(A)'위례행복케어방문요양 송파점","G6880","(재가노인복지시설) 재가노인복지시설","재가노인복지시설","자치구","1171000000","송파구","서울특별시 송파구 위례순환로 478, 5층 501호 (장지동)","",""
"'YesCare'예스케어 주간보호 중랑 센터","G6893","(재가노인복지시설) 재가노인복지시설","재가노인복지시설","자치구","1126000000","중랑구","서울특별시 중랑구 동일로 938, 3층 (묵동, 월등스카이뷰 아파트)","",""
"세곡데이케어센터","G6901","(재가노인복지시설) 재가노인복지시설","재가노인복지시설","자치구","1168000000","강남구","서울특별시 강남구 헌릉로590길 68 (세곡동)","",""
"효?보살핌데이케어센터","G6920","(재가노인복지시설) 재가노인복지시설","재가노인복지시설","자치구","1162000000","관악구","서울특별시 관악구 은천로 51, 4층 (봉천동)","",""
"가나안 재가복지센터","G6922","(재가노인복지시설) 재가노인복지시설","재가노인복지시설","자치구","1171000000","송파구","서울특별시 송파구 거마로22길 38, 1층 (마천동)","",""
"나팔소리재가노인복지센터","G6928","(재가노인복지시설) 재가노인복지시설","재가노인복지시설","자치구","1138000000","은평구","서울특별시 은평구 연서로37길 29, 1층 (불광동)","",""
"상도재가복지센터 본점","G6929","(재가노인복지시설) 재가노인복지시설","재가노인복지시설","자치구","1159000000","동작구","서울특별시 동작구 성대로 67, 1층 (상도동)","",""
"은평신사재가방문요양센터","G6940","(재가노인복지시설) 재가노인복지시설","재가노인복지시설","자치구","1138000000","은평구","서울특별시 은평구 은평로3가길 1, 지하 1호 (신사동)","",""
"강북제일재가복지센터","G6942","(재가노인복지시설) 재가노인복지시설","재가노인복지시설","자치구","1138000000","은평구","서울특별시 은평구 역말로 101, 4층 (역촌동, 토마스빌딩)","",""
"힐링재가센터","G6945","(재가노인복지시설) 재가노인복지시설","재가노인복지시설","자치구","1150000000","강서구","서울특별시 강서구 강서로 183, 8층 (화곡동)","",""
"엔젤홈케어 동작","G6950","(재가노인복지시설) 재가노인복지시설","재가노인복지시설","자치구","1159000000","동작구","서울특별시 동작구 여의대방로 198, 지층 (대방동, 남경빌딩)","",""
"The섬김 재가요양복지센터","G6972","(재가노인복지시설) 재가노인복지시설","재가노인복지시설","자치구","1129000000","성북구","서울특별시 성북구 장위로35길 34, 202호 (장위동)","",""
"가가호호 정가네 데이케어센터","G7002","(재가노인복지시설) 재가노인복지시설","재가노인복지시설","자치구","1138000000","은평구","서울특별시 은평구 증산로 419, 2층 ,6층 (신사동, CJ빌딩)","",""
"성창주야간보호센터","G7015","(재가노인복지시설) 재가노인복지시설","재가노인복지시설","자치구","1123000000","동대문구","서울특별시 동대문구 한천로37길 23, B동 4층 (답십리동, 창승빌딩)","",""
"A+강일데이케어센터","G7024","(재가노인복지시설) 재가노인복지시설","재가노인복지시설","자치구","1174000000","강동구","서울특별시 강동구 아리수로93길 33, 6~7층 (강일동, 베스트프라자)","",""
"케어링 복지용구센터","G7032","(재가노인복지시설) 재가노인복지시설","재가노인복지시설","자치구","1168000000","강남구","서울특별시 강남구 논현로38길 34, 3층 (도곡동)","",""
"120재가복지/활동지원센터","G7037","(재가노인복지시설) 재가노인복지시설","재가노인복지시설","자치구","1123000000","동대문구","서울특별시 동대문구 고산자로34길 70, A동 203호 (용두동, 효성해링턴플레이스)","",""
"기억튼튼재활전문데이케어센터(강북점)","G7096","(재가노인복지시설) 재가노인복지시설","재가노인복지시설","자치구","1130500000","강북구","서울특별시 강북구 오현로 194, 3, 4층 (번동)","",""
"성모사랑데이케어센터","G7108","(재가노인복지시설) 재가노인복지시설","재가노인복지시설","자치구","1132000000","도봉구","서울특별시 도봉구 마들로13길 165, 5층 (창동, 세영빌딩)","",""
"노원복지용구","G7112","(재가노인복지시설) 재가노인복지시설","재가노인복지시설","자치구","1135000000","노원구","서울특별시 노원구 상계로 193-14, 지층 2,3호 (상계동, 상계대림쇼핑센터)","",""
"소명 재가 노인복지시설 센터","G7135","(재가노인복지시설) 재가노인복지시설","재가노인복지시설","자치구","1135000000","노원구","서울특별시 노원구 덕릉로126라길 25, 1층 제02호 (상계동)","",""
"서원재가노인복지센터","G7148","(재가노인복지시설) 재가노인복지시설","재가노인복지시설","자치구","1132000000","도봉구","서울특별시 도봉구 마들로 684-9, 310호 (도봉동)","",""
"강동 어르신 방문요양센터","G7152","(재가노인복지시설) 재가노인복지시설","재가노인복지시설","자치구","1174000000","강동구","서울특별시 강동구 천호대로 1095, 5층 502-1호 (천호동, 현대코아아파트)","",""
"늘편한 재가노인복지센터","G7160","(재가노인복지시설) 재가노인복지시설","재가노인복지시설","자치구","1174000000","강동구","서울특별시 강동구 구천면로 318, 3층 (천호동)","",""
"목동효사랑데이케어센터","G7171","(재가노인복지시설) 재가노인복지시설","재가노인복지시설","자치구","1147000000","양천구","서울특별시 양천구 오목로 193, 3층 (신정동)","",""
"그린방문요양재가센터","G7190","(재가노인복지시설) 재가노인복지시설","재가노인복지시설","자치구","1144000000","마포구","서울특별시 마포구 희우정로16길 46-15, 지층 101호 (망원동)","",""
"효성실버데이케어센터","G7206","(재가노인복지시설) 재가노인복지시설","재가노인복지시설","자치구","1132000000","도봉구","서울특별시 도봉구 우이천로 357, 2층 (쌍문동, 양지파크빌)","",""
"화평재가방문요양센터","G7219","(재가노인복지시설) 재가노인복지시설","재가노인복지시설","자치구","1126000000","중랑구","서울특별시 중랑구 용마산로81길 8, 1층 (면목동)","",""
"효재가복지센터","G7231","(재가노인복지시설) 재가노인복지시설","재가노인복지시설","자치구","1174000000","강동구","서울특별시 강동구 천호대로182길 35, 2층 (둔촌동)","",""
"초록숲데이케어센터","G7245","(재가노인복지시설) 재가노인복지시설","재가노인복지시설","자치구","1144000000","마포구","서울특별시 마포구 마포대로11길 44-81, B1층 (아현동)","",""
"리조이스재가방문센타","G7310","(재가노인복지시설) 재가노인복지시설","재가노인복지시설","자치구","1174000000","강동구","서울특별시 강동구 풍성로 194, 1층 105호 (성내동)","",""
"엘스방문요양센터","G7324","(재가노인복지시설) 재가노인복지시설","재가노인복지시설","자치구","1171000000","송파구","서울특별시 송파구 올림픽로 88, 812호 (잠실동, 올림픽타워)","",""
"토탈방문간호 재가노인복지센터","G7325","(재가노인복지시설) 재가노인복지시설","재가노인복지시설","자치구","1150000000","강서구","서울특별시 강서구 공항대로 242, 7층 722호 (마곡동, 열림M타워II)","",""
"중구행복돌봄센터","G7327","(재가노인복지시설) 재가노인복지시설","재가노인복지시설","자치구","1114000000","중구","서울특별시 중구 난계로 185, 8층 (황학동)","",""
"다솜재가복지센터","G7341","(재가노인복지시설) 재가노인복지시설","재가노인복지시설","자치구","1123000000","동대문구","서울특별시 동대문구 사가정로2길 106 (답십리동)","",""
"다솜재가노인복지센터","G7345","(재가노인복지시설) 재가노인복지시설","재가노인복지시설","자치구","1171000000","송파구","서울특별시 송파구 오금로 58, 8층 805호 (신천동, 잠실 아이 스페이스)","",""
"아리아케어 방문요양 강남 압구정센터","G7346","(재가노인복지시설) 재가노인복지시설","재가노인복지시설","자치구","1168000000","강남구","서울특별시 강남구 압구정로36길 34-4, 202호 (신사동)","",""
"다모아재가복지센터","G7357","(재가노인복지시설) 재가노인복지시설","재가노인복지시설","자치구","1159000000","동작구","서울특별시 동작구 여의대방로36길 30, 지층 (대방동)","",""
"참사랑재가노인복지센터","G7365","(재가노인복지시설) 재가노인복지시설","재가노인복지시설","자치구","1123000000","동대문구","서울특별시 동대문구 답십리로 74, 1층 (전농동)","",""
"보람방문요양센터","G7384","(재가노인복지시설) 재가노인복지시설","재가노인복지시설","자치구","1171000000","송파구","서울특별시 송파구 송이로33길 8, 1층 (문정동, 포레스트)","",""
"실버벨재가복지센터","G7412","(재가노인복지시설) 재가노인복지시설","재가노인복지시설","자치구","1130500000","강북구","서울특별시 강북구 도봉로53길 37, 1층 (미아동)","",""
"더조은 방문요양센터","G7422","(재가노인복지시설) 재가노인복지시설","재가노인복지시설","자치구","1121500000","광진구","서울특별시 광진구 광나루로56길 63, 216호 (구의동, 현대프라임아파트 프라임프라자)","",""
"바른돌봄 재가노인복지센터","G7432","(재가노인복지시설) 재가노인복지시설","재가노인복지시설","자치구","1162000000","관악구","서울특별시 관악구 남부순환로 1679, 210호 (봉천동)","",""
"해든데이케어센터","G7446","(재가노인복지시설) 재가노인복지시설","재가노인복지시설","자치구","1150000000","강서구","서울특별시 강서구 곰달래로 170, 2층 (화곡동)","",""
"가온효사랑 방문요양센터","G7447","(재가노인복지시설) 재가노인복지시설","재가노인복지시설","자치구","1126000000","중랑구","서울특별시 중랑구 겸재로54길 106 (면목동)","",""
"나래케어재가방문요양센터","G7452","(재가노인복지시설) 재가노인복지시설","재가노인복지시설","자치구","1138000000","은평구","서울특별시 은평구 은평로16길 6, 2층 (응암동)","",""
"예가재가복지센터","G7453","(재가노인복지시설) 재가노인복지시설","재가노인복지시설","자치구","1138000000","은평구","서울특별시 은평구 통일로80길 20, 2호 (불광동)","",""
"성수더효데이케어센터","G7473","(재가노인복지시설) 재가노인복지시설","재가노인복지시설","자치구","1120000000","성동구","서울특별시 성동구 성덕정길 149, 3층 (성수동2가, 영화빌딩)","",""
"새서울재가복지센터","G7485","(재가노인복지시설) 재가노인복지시설","재가노인복지시설","자치구","1156000000","영등포구","서울특별시 영등포구 신길로 71, 3층 (신길동)","",""
"그사랑 노인복지센터","G7495","(재가노인복지시설) 재가노인복지시설","재가노인복지시설","자치구","1153000000","구로구","서울특별시 구로구 오류로8길 85, 202호 (오류동)","",""
"참조은재가복지센터","G7499","(재가노인복지시설) 재가노인복지시설","재가노인복지시설","자치구","1153000000","구로구","서울특별시 구로구 신도림로7길 2, 202호 (신도림동)","",""
"아리아케어 방문요양 성북 종암센터","G7513","(재가노인복지시설) 재가노인복지시설","재가노인복지시설","자치구","1129000000","성북구","서울특별시 성북구 월곡로7길 1, 1층 (종암동)","",""
"성북구립 장위데이케어센터","G7583","(재가노인복지시설) 재가노인복지시설","재가노인복지시설","자치구","1129000000","성북구","서울특별시 성북구 한천로 708, 2층 (장위동)","",""
"서광재가복지센터","G7594","(재가노인복지시설) 재가노인복지시설","재가노인복지시설","자치구","1138000000","은평구","서울특별시 은평구 연서로5길 3, 3층 (역촌동, 덕우빌딩)","",""
"하나재가노인복지센터","G7600","(재가노인복지시설) 재가노인복지시설","재가노인복지시설","자치구","1159000000","동작구","서울특별시 동작구 성대로29길 61, 1층 (상도동)","",""
"솔향주야간보호센터","G7634","(재가노인복지시설) 재가노인복지시설","재가노인복지시설","자치구","1135000000","노원구","서울특별시 노원구 한글비석로15길 27, 6층 (중계동, 월산빌딩)","",""
"성북솔샘데이케어센터","G7772","(재가노인복지시설) 재가노인복지시설","재가노인복지시설","자치구","1129000000","성북구","서울특별시 성북구 종암로19길 50, 3층 (종암동)","",""
"다온 재가복지센터","G7783","(재가노인복지시설) 재가노인복지시설","재가노인복지시설","자치구","1153000000","구로구","서울특별시 구로구 구로중앙로 60, 6층 605호 (구로동, 대림오페라타워)","",""
"예인복지센터","G7795","(재가노인복지시설) 재가노인복지시설","재가노인복지시설","자치구","1153000000","구로구","서울특별시 구로구 경인로 98, 1층 (오류동)","",""
"실버플러스양천복지센터","G7805","(재가노인복지시설) 재가노인복지시설","재가노인복지시설","자치구","1147000000","양천구","서울특별시 양천구 오목로40길 12 (신정동)","",""
"담터재가복지센터","G7809","(재가노인복지시설) 재가노인복지시설","재가노인복지시설","자치구","1135000000","노원구","서울특별시 노원구 공릉로 154-13, B02호 (공릉동)","",""
"다은재가노인복지센터","G7817","(재가노인복지시설) 재가노인복지시설","재가노인복지시설","자치구","1132000000","도봉구","서울특별시 도봉구 노해로 341, 1114호 (창동)","",""
"연세사랑복지센터","G7835","(재가노인복지시설) 재가노인복지시설","재가노인복지시설","자치구","1147000000","양천구","서울특별시 양천구 남부순환로 684, 202호 (신정동, 세영프라임)","",""
"'(A)'+1중랑재가복지센터","G7838","(재가노인복지시설) 재가노인복지시설","재가노인복지시설","자치구","1126000000","중랑구","서울특별시 중랑구 봉우재로14길 13, 2층 (면목동)","",""
"수락재가요양센터","G7841","(재가노인복지시설) 재가노인복지시설","재가노인복지시설","자치구","1135000000","노원구","서울특별시 노원구 동일로241나길 4, 1층 102호 (상계동)","",""
"기억튼튼방문요양센터","G7850","(재가노인복지시설) 재가노인복지시설","재가노인복지시설","자치구","1132000000","도봉구","서울특별시 도봉구 덕릉로 264, 2층 (창동)","",""
"미소방문요양재가센터","G7871","(재가노인복지시설) 재가노인복지시설","재가노인복지시설","자치구","1126000000","중랑구","서울특별시 중랑구 신내로17길 83, 상가동 지하1층 05호 (신내동)","",""
"고운복지센터","G7872","(재가노인복지시설) 재가노인복지시설","재가노인복지시설","자치구","1135000000","노원구","서울특별시 노원구 동일로227길 86, 1606동 108호 (상계동, 상계주공16단지아파트)","",""
"(주)케어링 방문요양센터 서울 서초점","G7978","(재가노인복지시설) 재가노인복지시설","재가노인복지시설","자치구","1165000000","서초구","서울특별시 서초구 남부순환로337가길 3-8, 3층 (서초동)","",""
"동작시니어재가복지센터","G7983","(재가노인복지시설) 재가노인복지시설","재가노인복지시설","자치구","1159000000","동작구","서울특별시 동작구 만양로 19, 상가동 141호 (노량진동)","",""
"어르신돌봄재가방문요양센터","G8008","(재가노인복지시설) 재가노인복지시설","재가노인복지시설","자치구","1144000000","마포구","서울특별시 마포구 성암로11길 13, 1층 좌측호 (중동)","",""
"온누리 방문요양센터","G8012","(재가노인복지시설) 재가노인복지시설","재가노인복지시설","자치구","1121500000","광진구","서울특별시 광진구 면목로 63-2, 1층 (중곡동, 정호빌딩)","",""
"베스트케어방문요양센터","G8013","(재가노인복지시설) 재가노인복지시설","재가노인복지시설","자치구","1153000000","구로구","서울특별시 구로구 공원로 47, 410호 (구로동, 두산타워오피스텔)","",""
"기쁨방문요양센터","G8017","(재가노인복지시설) 재가노인복지시설","재가노인복지시설","자치구","1132000000","도봉구","서울특별시 도봉구 마들로 724, 222호 (도봉동, 도봉한양수자인)","",""
"드림데이케어센터","G8037","(재가노인복지시설) 재가노인복지시설","재가노인복지시설","자치구","1123000000","동대문구","서울특별시 동대문구 답십리로 264, 301호 (장안동)","",""
"돌보인 방문요양센터 은평점","G8038","(재가노인복지시설) 재가노인복지시설","재가노인복지시설","자치구","1138000000","은평구","서울특별시 은평구 은평로21길 36, 2층 203호 (녹번동, 예인빌딩)","",""
"이레재가센터","G8039","(재가노인복지시설) 재가노인복지시설","재가노인복지시설","자치구","1147000000","양천구","서울특별시 양천구 지양로 26, 301호 (신월동, 뉴쇼핑프라자)","",""
"연세효데이케어센터","G8060","(재가노인복지시설) 재가노인복지시설","재가노인복지시설","자치구","1147000000","양천구","서울특별시 양천구 오목로 181, 3층 (신정동, 신정빌딩)","",""
"나눔돌봄 사회적협동조합","G8077","(재가노인복지시설) 재가노인복지시설","재가노인복지시설","자치구","1153000000","구로구","서울특별시 구로구 구로동로35나길 14, 지하1층 (구로동)","",""
"정성가득재가노인복지센터","G8103","(재가노인복지시설) 재가노인복지시설","재가노인복지시설","자치구","1147000000","양천구","서울특별시 양천구 오목로37길 9, 1층 (신정동)","",""
"좋은어르신돌봄센터","G8123","(재가노인복지시설) 재가노인복지시설","재가노인복지시설","자치구","1159000000","동작구","서울특별시 동작구 상도로53길 70, 206호 (상도동, 상도SH빌 아파트상가)","",""
"참조은 데이케어센터","G8140","(재가노인복지시설) 재가노인복지시설","재가노인복지시설","자치구","1150000000","강서구","서울특별시 강서구 양천로 31, 3층 (방화동)","",""
"서울방문복지센터","G8142","(재가노인복지시설) 재가노인복지시설","재가노인복지시설","자치구","1171000000","송파구","서울특별시 송파구 백제고분로 383, 3층 302호 (송파동)","",""
"(A)비지팅엔젤스 금천시흥방문요양지점","G8193","(재가노인복지시설) 재가노인복지시설","재가노인복지시설","자치구","1154500000","금천구","서울특별시 금천구 은행나무로 6, 2층 202호 (시흥동)","",""
"광진늘푸른단기보호센타","G8202","(재가노인복지시설) 재가노인복지시설","재가노인복지시설","자치구","1121500000","광진구","서울특별시 광진구 뚝섬로 613, 6층 (자양동)","",""
"더조은재가노인복지센타","G8224","(재가노인복지시설) 재가노인복지시설","재가노인복지시설","자치구","1171000000","송파구","서울특별시 송파구 송파대로28길 24, 10층 1012호 (가락동, 밀리아나2차)","",""
"자양방문요양센터","G8241","(재가노인복지시설) 재가노인복지시설","재가노인복지시설","자치구","1121500000","광진구","서울특별시 광진구 아차산로 321-1, 1층 (자양동)","",""
"꿀벌방문요양센터","G8257","(재가노인복지시설) 재가노인복지시설","재가노인복지시설","자치구","1126000000","중랑구","서울특별시 중랑구 중랑역로43길 37, 202호 (묵동)","",""
"사랑나눔재가복지센터","G8264","(재가노인복지시설) 재가노인복지시설","재가노인복지시설","자치구","1162000000","관악구","서울특별시 관악구 문성로 76, 308호 (신림동)","",""
"강서구립 든든데이케어센터","G8266","(재가노인복지시설) 재가노인복지시설","재가노인복지시설","자치구","1150000000","강서구","서울특별시 강서구 공항대로2가길 5, 2층, 3층 (공항동)","",""
"효월드데이케어센터","G8277","(재가노인복지시설) 재가노인복지시설","재가노인복지시설","자치구","1153000000","구로구","서울특별시 구로구 경인로 584, 2층 202호 (신도림동, 신도림팰러티움)","",""
"이도재가복지센터","G8287","(재가노인복지시설) 재가노인복지시설","재가노인복지시설","자치구","1150000000","강서구","서울특별시 강서구 강서로 293-1, 303호 (내발산동)","",""
"강남돌봄재가센터","G8303","(재가노인복지시설) 재가노인복지시설","재가노인복지시설","자치구","1165000000","서초구","서울특별시 서초구 반포대로18길 36, 201동 2308호 (서초동, 서초센트럴IPARK)","",""
"창동노인통합재가센터","G8336","(재가노인복지시설) 재가노인복지시설","재가노인복지시설","자치구","1132000000","도봉구","서울특별시 도봉구 도봉로136가길 4, 5층 503호 (창동, 창동리더스빌딩)","",""
"두이홈데이케어센터","G8337","(재가노인복지시설) 재가노인복지시설","재가노인복지시설","자치구","1132000000","도봉구","서울특별시 도봉구 덕릉로59길 73-26, 1층 (창동, 강북로 장로교회)","",""
"소풍방문요양센터","G8350","(재가노인복지시설) 재가노인복지시설","재가노인복지시설","자치구","1126000000","중랑구","서울특별시 중랑구 면목로29길 43, 1층 (면목동)","",""
"행복더함 재가노인복지센터","G8356","(재가노인복지시설) 재가노인복지시설","재가노인복지시설","자치구","1162000000","관악구","서울특별시 관악구 양산길 3 (신림동)","",""
"아리아케어 방문요양 송파가락센터","G8379","(재가노인복지시설) 재가노인복지시설","재가노인복지시설","자치구","1171000000","송파구","서울특별시 송파구 송이로26길 3, 2층 202호 (가락동)","",""
"행복드림 재가노인복지센터","G8389","(재가노인복지시설) 재가노인복지시설","재가노인복지시설","자치구","1123000000","동대문구","서울특별시 동대문구 전농로17길 25, 1층 (전농동)","",""
"재활앤데이케어센터","G8417","(재가노인복지시설) 재가노인복지시설","재가노인복지시설","자치구","1144000000","마포구","서울특별시 마포구 모래내로7길 62, 4~5층 (성산동)","",""
"케세라(주)","G8436","(재가노인복지시설) 재가노인복지시설","재가노인복지시설","자치구","1150000000","강서구","서울특별시 강서구 공항대로 53, 303호 (공항동, 유현빌딩)","",""
"가족사랑방문요양복지센터","G8437","(재가노인복지시설) 재가노인복지시설","재가노인복지시설","자치구","1130500000","강북구","서울특별시 강북구 인수봉로 198, 1층 (수유동)","",""
"봄재가센터","G8461","(재가노인복지시설) 재가노인복지시설","재가노인복지시설","자치구","1141000000","서대문구","서울특별시 서대문구 응암로 133, 101동 103호 (북가좌동, 대경아르체)","",""
"구립온수데이케어센터","G8477","(재가노인복지시설) 재가노인복지시설","재가노인복지시설","자치구","1153000000","구로구","서울특별시 구로구 부일로9길 111, 4층 (온수동)","",""
"'다사랑' 방문요양센터","G8508","(재가노인복지시설) 재가노인복지시설","재가노인복지시설","자치구","1126000000","중랑구","서울특별시 중랑구 망우로 240, 2층 (상봉동)","",""
"예사랑재가복지센터","G8512","(재가노인복지시설) 재가노인복지시설","재가노인복지시설","자치구","1138000000","은평구","서울특별시 은평구 가좌로7나길 30, 상가동 1-3호 (응암동, 응암우성아파트)","",""
"아라실버케어센터","G8526","(재가노인복지시설) 재가노인복지시설","재가노인복지시설","자치구","1165000000","서초구","서울특별시 서초구 방배로16길 6, 3층 (방배동)","",""
"(주)가온사랑재가복지센터","G8536","(재가노인복지시설) 재가노인복지시설","재가노인복지시설","자치구","1135000000","노원구","서울특별시 노원구 동일로195길 7, 4층 401호 (공릉동)","",""
"수정실버케어센터","G8537","(재가노인복지시설) 재가노인복지시설","재가노인복지시설","자치구","1147000000","양천구","서울특별시 양천구 중앙로46길 3, 2층 205호 (신정동, 신우빌딩)","",""
"이룸재가방문요양센터","G8543","(재가노인복지시설) 재가노인복지시설","재가노인복지시설","자치구","1138000000","은평구","서울특별시 은평구 연서로 170-3, 지층 B02호 (대조동)","",""
"그리심재가노인복지센터","G8555","(재가노인복지시설) 재가노인복지시설","재가노인복지시설","자치구","1165000000","서초구","서울특별시 서초구 바우뫼로7길 16, 7층 703호 (우면동, 대화프라자)","",""
"'(A)비지팅엔젤스 노원공릉방문요양지점","G8557","(재가노인복지시설) 재가노인복지시설","재가노인복지시설","자치구","1135000000","노원구","서울특별시 노원구 동일로173가길 81, 203호 (공릉동)","",""
"석준재가복지센터","G8575","(재가노인복지시설) 재가노인복지시설","재가노인복지시설","자치구","1132000000","도봉구","서울특별시 도봉구 노해로63가길 63, 204호 (창동)","",""
"벧엘노인재가복지센터","G8577","(재가노인복지시설) 재가노인복지시설","재가노인복지시설","자치구","1159000000","동작구","서울특별시 동작구 사당로 90, 110동 1503호 (사당동, 사당 롯데캐슬 골든포레)","",""
"라온주야간보호센터","G8585","(재가노인복지시설) 재가노인복지시설","재가노인복지시설","자치구","1132000000","도봉구","서울특별시 도봉구 도봉로 669, 4층 401호 (방학동, 이정빌딩)","",""
"아름드리데이케어센터","G8634","(재가노인복지시설) 재가노인복지시설","재가노인복지시설","자치구","1171000000","송파구","서울특별시 송파구 백제고분로 237, 4,5층 (삼전동)","",""
"형제커뮤니티재가노인복지센터","G8651","(재가노인복지시설) 재가노인복지시설","재가노인복지시설","자치구","1114000000","중구","서울특별시 중구 수표로10길 30, 1층 (초동)","",""
"케어링 고은센터","G8652","(재가노인복지시설) 재가노인복지시설","재가노인복지시설","자치구","1165000000","서초구","서울특별시 서초구 서초대로 396, 402-2호 (서초동, 강남빌딩)","",""
"케어링 가온센터","G8654","(재가노인복지시설) 재가노인복지시설","재가노인복지시설","자치구","1165000000","서초구","서울특별시 서초구 서초대로 396, 402-1호 (서초동, 강남빌딩)","",""
"월곡데이케어센터","G8659","(재가노인복지시설) 재가노인복지시설","재가노인복지시설","자치구","1129000000","성북구","서울특별시 성북구 오패산로10길 30, 204?301호 (하월곡동)","",""
"스마일시니어 초록 재가방문요양센터","G8662","(재가노인복지시설) 재가노인복지시설","재가노인복지시설","자치구","1120000000","성동구","서울특별시 성동구 마장로42길 16, 7동 104호 (마장동, 세림아파트)","",""
"송파복지용구 종합센터","G8681","(재가노인복지시설) 재가노인복지시설","재가노인복지시설","자치구","1171000000","송파구","서울특별시 송파구 백제고분로32길 42, 1층 (삼전동)","",""
"국민방문요양센터","G8714","(재가노인복지시설) 재가노인복지시설","재가노인복지시설","자치구","1165000000","서초구","서울특별시 서초구 반포대로24길 42-6, 302호 (서초동)","",""
"늘한마음방문요양센터","G8748","(재가노인복지시설) 재가노인복지시설","재가노인복지시설","자치구","1159000000","동작구","서울특별시 동작구 동작대로29길 110, 상가동 3층 307호 (사당동, 신동아아파트)","",""
"동부주간보호센터","G8755","(재가노인복지시설) 재가노인복지시설","재가노인복지시설","자치구","1123000000","동대문구","서울특별시 동대문구 왕산로 60-1, 2층 (용두동)","",""
"신정종합사회복지관병설신정데이케어센터","G8775","(재가노인복지시설) 재가노인복지시설","재가노인복지시설","자치구","1147000000","양천구","서울특별시 양천구 신정중앙로 36, 4층 (신정동)","",""
"'A'광은케어센터","G8782","(재가노인복지시설) 재가노인복지시설","재가노인복지시설","자치구","1126000000","중랑구","서울특별시 중랑구 신내로 127, 상가동 102호 (신내동)","",""
"백련데이케어","G8783","(재가노인복지시설) 재가노인복지시설","재가노인복지시설","자치구","1138000000","은평구","서울특별시 은평구 가좌로 306, 4층 (신사동)","",""
"마리아데이케어센터","G8786","(재가노인복지시설) 재가노인복지시설","재가노인복지시설","자치구","1168000000","강남구","서울특별시 강남구 논현로2길 40, 2~3층 (개포동, 대경빌딩)","",""
"서울시사회서비스원  서북모두돌봄센터","G8787","(재가노인복지시설) 재가노인복지시설","재가노인복지시설","자치구","1141000000","서대문구","서울특별시 서대문구 연희로 142, 2층 (연희동)","",""
"노원시니어방문요양센터","G8809","(재가노인복지시설) 재가노인복지시설","재가노인복지시설","자치구","1135000000","노원구","서울특별시 노원구 섬밭로 263, 지층 1호 (중계동, 롯데상가)","",""
"우리재가노인복지센터","G8823","(재가노인복지시설) 재가노인복지시설","재가노인복지시설","자치구","1138000000","은평구","서울특별시 은평구 진흥로7나길 17-3, B1층 (역촌동, 아름주택)","",""
"참사랑데이케어센터","G8836","(재가노인복지시설) 재가노인복지시설","재가노인복지시설","자치구","1171000000","송파구","서울특별시 송파구 마천로 89, 3,4층 312, 411호 (오금동)","",""
"재단법인 서울특별시 사회서비스원 (중랑종합재가센터)","G8856","(재가노인복지시설) 재가노인복지시설","재가노인복지시설","자치구","1126000000","중랑구","서울특별시 중랑구 중랑역로 62, 3층 (중화동)","",""
"서대문한마음돌봄 사회적협동조합 사회서비스센터","G8877","(재가노인복지시설) 재가노인복지시설","재가노인복지시설","자치구","1141000000","서대문구","서울특별시 서대문구 북아현로22길 21, 101호 (북아현동)","",""
"우리실버복지센터","G8889","(재가노인복지시설) 재가노인복지시설","재가노인복지시설","자치구","1144000000","마포구","서울특별시 마포구 월드컵로3길 36, 302호 (합정동)","",""
"기쁨으로재가복지센터","G8914","(재가노인복지시설) 재가노인복지시설","재가노인복지시설","자치구","1147000000","양천구","서울특별시 양천구 중앙로29길 38, 101호 (신정동)","",""
"도우미실버케어재가복지센터","G8960","(재가노인복지시설) 재가노인복지시설","재가노인복지시설","자치구","1138000000","은평구","서울특별시 은평구 서오릉로6가길 2-3 (녹번동)","",""
"용산실버데이케어센터","G8964","(재가노인복지시설) 재가노인복지시설","재가노인복지시설","자치구","1117000000","용산구","서울특별시 용산구 원효로 67-8, 2층 (원효로4가)","",""
"정겨운 재가방문요양센터","G8977","(재가노인복지시설) 재가노인복지시설","재가노인복지시설","자치구","1129000000","성북구","서울특별시 성북구 삼선교로24길 60, 1층 (삼선동5가)","",""
"강동믿음재가복지센터","G8985","(재가노인복지시설) 재가노인복지시설","재가노인복지시설","자치구","1174000000","강동구","서울특별시 강동구 천중로49길 34, 101호 (길동)","",""
"한울재가복지센터","G8996","(재가노인복지시설) 재가노인복지시설","재가노인복지시설","자치구","1171000000","송파구","서울특별시 송파구 성내천로 331, 2층 (마천동)","",""
"우장산의료기","G9000","(재가노인복지시설) 재가노인복지시설","재가노인복지시설","자치구","1150000000","강서구","서울특별시 강서구 양천로 620, 217호 (등촌동, 등촌 지와인 아파트, 비지니스센터)","",""
"월계효사랑나눔센터","G9005","(재가노인복지시설) 재가노인복지시설","재가노인복지시설","자치구","1135000000","노원구","서울특별시 노원구 광운로12길 6 (월계동)","",""
"맑은샘단기보호센터","G9040","(재가노인복지시설) 재가노인복지시설","재가노인복지시설","자치구","1123000000","동대문구","서울특별시 동대문구 한천로37길 19, 2층 (답십리동)","",""
"구로종합사회복지관","G9042","(재가노인복지시설) 재가노인복지시설","재가노인복지시설","자치구","1153000000","구로구","서울특별시 구로구 디지털로31길 93, 4층 (구로동, 구로종합복지관)","",""
"서대문희망누리 사회적협동조합 재가복지센터","G9069","(재가노인복지시설) 재가노인복지시설","재가노인복지시설","자치구","1141000000","서대문구","서울특별시 서대문구 통일로34길 35, 1층 14호 (홍제동, 현대종합상가)","",""
"지극정성방문요양센터","G9079","(재가노인복지시설) 재가노인복지시설","재가노인복지시설","자치구","1132000000","도봉구","서울특별시 도봉구 도당로29길 74, 102호 (도봉동)","",""
"행복데이케어센터","G9085","(재가노인복지시설) 재가노인복지시설","재가노인복지시설","자치구","1132000000","도봉구","서울특별시 도봉구 도봉로 677, 3층 (방학동, 우리들메디빌딩)","",""
"효성재가요양복지센터","G9104","(재가노인복지시설) 재가노인복지시설","재가노인복지시설","자치구","1111000000","종로구","서울특별시 종로구 대학로5길 3, 201호 (연건동)","",""
"가온 방문요양","G9126","(재가노인복지시설) 재가노인복지시설","재가노인복지시설","자치구","1171000000","송파구","서울특별시 송파구 석촌호수로 134 (삼전동, 2층 8,42,43호 (한일빌딩))","",""
"극진복지센터","G9133","(재가노인복지시설) 재가노인복지시설","재가노인복지시설","자치구","1171000000","송파구","서울특별시 송파구 마천로57길 20, 5층 (마천동)","",""
"아름다운 동행 복지센터","G9141","(재가노인복지시설) 재가노인복지시설","재가노인복지시설","자치구","1171000000","송파구","서울특별시 송파구 오금로 487, 3층 (거여동)","",""
"한솔재가복지센터","G9187","(재가노인복지시설) 재가노인복지시설","재가노인복지시설","자치구","1129000000","성북구","서울특별시 성북구 한천로69길 6-12, 지층 01호 (석관동)","",""
"평안어르신재가센터","G9191","(재가노인복지시설) 재가노인복지시설","재가노인복지시설","자치구","1132000000","도봉구","서울특별시 도봉구 도당로29길 10, 101호 (방학동)","",""
"정다운재가복지센터","G9194","(재가노인복지시설) 재가노인복지시설","재가노인복지시설","자치구","1135000000","노원구","서울특별시 노원구 덕릉로118길 29, 3층 310호 (상계동, 불암현대아파트상가)","",""
"두레재가복지센터","G9213","(재가노인복지시설) 재가노인복지시설","재가노인복지시설","자치구","1150000000","강서구","서울특별시 강서구 화곡로13길 119, 3층 (화곡동)","",""
"다담 노인복지센터","G9242","(재가노인복지시설) 재가노인복지시설","재가노인복지시설","자치구","1135000000","노원구","서울특별시 노원구 노원로16길 15, 1층 10호 (하계동, 중계9단지주공영구임대아파트상가)","",""
"봄 연세데이케어센터","G9257","(재가노인복지시설) 재가노인복지시설","재가노인복지시설","자치구","1150000000","강서구","서울특별시 강서구 화곡로 274, 3층 (화곡동)","",""
"스마일시니어요양센터","G9258","(재가노인복지시설) 재가노인복지시설","재가노인복지시설","자치구","1162000000","관악구","서울특별시 관악구 봉천로 438, 3층 (봉천동)","",""
"작은사랑재가복지센터","G9265","(재가노인복지시설) 재가노인복지시설","재가노인복지시설","자치구","1159000000","동작구","서울특별시 동작구 여의대방로 250, 1층 101호 (대방동, 대림아파트상가)","",""
"좋은만남 방문요양센터","G9314","(재가노인복지시설) 재가노인복지시설","재가노인복지시설","자치구","1135000000","노원구","서울특별시 노원구 노원로19길 23, 상가동 2층 205-5호 (중계동)","",""
"어울림 재가복지센터","G9321","(재가노인복지시설) 재가노인복지시설","재가노인복지시설","자치구","1171000000","송파구","서울특별시 송파구 백제고분로11길 28-14, 401호 (잠실동)","",""
"구로우리네재가복지센터","G9322","(재가노인복지시설) 재가노인복지시설","재가노인복지시설","자치구","1153000000","구로구","서울특별시 구로구 구로동로28길 20-3, 101호 (구로동)","",""
"선우재가복지센터","G9324","(재가노인복지시설) 재가노인복지시설","재가노인복지시설","자치구","1168000000","강남구","서울특별시 강남구 개포로110길 15, 2층 206-1호 (일원동)","",""
"'장원데이케어방문요양중랑센터","G9340","(재가노인복지시설) 재가노인복지시설","재가노인복지시설","자치구","1126000000","중랑구","서울특별시 중랑구 용마공원로2길 12 (망우동)","",""
"가족처럼재가복지센터","G9356","(재가노인복지시설) 재가노인복지시설","재가노인복지시설","자치구","1153000000","구로구","서울특별시 구로구 구로동로26길 79, 3층 (구로동)","",""
"이레재가방문센터","G9388","(재가노인복지시설) 재가노인복지시설","재가노인복지시설","자치구","1130500000","강북구","서울특별시 강북구 오패산로30길 51, 1층 (미아동)","",""
"효심노인복지센터","G9404","(재가노인복지시설) 재가노인복지시설","재가노인복지시설","자치구","1129000000","성북구","서울특별시 성북구 장위로 89-1, 1층 (장위동)","",""
"굿재가복지센터","G9411","(재가노인복지시설) 재가노인복지시설","재가노인복지시설","자치구","1132000000","도봉구","서울특별시 도봉구 덕릉로63길 3, 3층 (창동)","",""
"에벤에셀데이케어센터","G9437","(재가노인복지시설) 재가노인복지시설","재가노인복지시설","자치구","1159000000","동작구","서울특별시 동작구 알마타길 21-42, 4층 (대방동)","",""
"평강재가복지센터","G9455","(재가노인복지시설) 재가노인복지시설","재가노인복지시설","자치구","1138000000","은평구","서울특별시 은평구 응암로 190-10, 1층 (응암동)","",""
"드림재가복지센터","G9512","(재가노인복지시설) 재가노인복지시설","재가노인복지시설","자치구","1159000000","동작구","서울특별시 동작구 양녕로25마길 45, 1층 (상도동)","",""
"아가페데이케어센터","G9543","(재가노인복지시설) 재가노인복지시설","재가노인복지시설","자치구","1162000000","관악구","서울특별시 관악구 난곡로 341, 4층 (신림동)","",""
"연지 재가복지센터","G9546","(재가노인복지시설) 재가노인복지시설","재가노인복지시설","자치구","1168000000","강남구","서울특별시 강남구 양재대로55길 6, 303호 (일원동)","",""
"아리랑재가복지센터","G9547","(재가노인복지시설) 재가노인복지시설","재가노인복지시설","자치구","1159000000","동작구","서울특별시 동작구 만양로 65 (노량진동)","",""
"오병이어재가복지센터","G9564","(재가노인복지시설) 재가노인복지시설","재가노인복지시설","자치구","1138000000","은평구","서울특별시 은평구 역말로10길 30-1, 5층 (대조동)","",""
"동서울어르신복지센터","G9571","(재가노인복지시설) 재가노인복지시설","재가노인복지시설","자치구","1121500000","광진구","서울특별시 광진구 아차산로53길 69 (구의동)","",""
"(주)가온사랑복지용구","G9614","(재가노인복지시설) 재가노인복지시설","재가노인복지시설","자치구","1135000000","노원구","서울특별시 노원구 동일로195길 7, 4층 (공릉동)","",""
"(주)실버웨이복지법인 강북노인복지센터","G9661","(재가노인복지시설) 재가노인복지시설","재가노인복지시설","자치구","1130500000","강북구","서울특별시 강북구 도봉로 144, 3,6층 (미아동)","",""
"한마음재가복지센터","G9667","(재가노인복지시설) 재가노인복지시설","재가노인복지시설","자치구","1150000000","강서구","서울특별시 강서구 공항대로7길 27, 203호 (공항동, 청성스카이)","",""
"함께하는재가복지센터","G9735","(재가노인복지시설) 재가노인복지시설","재가노인복지시설","자치구","1150000000","강서구","서울특별시 강서구 등촌로39길 11-9, 2층 201호 (등촌동)","",""
"수남 플러스 재가센터","G9783","(재가노인복지시설) 재가노인복지시설","재가노인복지시설","자치구","1135000000","노원구","서울특별시 노원구 월계로 325, 2층 201호 (월계동, 복합상가)","",""
"돌보인 방문요양센터 강서점","G9795","(재가노인복지시설) 재가노인복지시설","재가노인복지시설","자치구","1150000000","강서구","서울특별시 강서구 우장산로16길 42, 2층 (화곡동)","",""
"어르신돌봄 재가노인복지센터","G9798","(재가노인복지시설) 재가노인복지시설","재가노인복지시설","자치구","1147000000","양천구","서울특별시 양천구 신정중앙로 52, 3층 308호 (신정동)","",""
"행복나눔노인복지센터","G9807","(재가노인복지시설) 재가노인복지시설","재가노인복지시설","자치구","1117000000","용산구","서울특별시 용산구 한강대로43길 13, 712호 (한강로2가, 한강로 대우아이빌)","",""
"오순도순재가복지센터","G9826","(재가노인복지시설) 재가노인복지시설","재가노인복지시설","자치구","1135000000","노원구","서울특별시 노원구 노원로38길 76, 102동 103호 (상계동)","",""
"예사랑재가노인복지센터","G9838","(재가노인복지시설) 재가노인복지시설","재가노인복지시설","자치구","1120000000","성동구","서울특별시 성동구 성덕정길 45, 2층 (성수동1가)","",""
"새소망재가복지센터","G9857","(재가노인복지시설) 재가노인복지시설","재가노인복지시설","자치구","1120000000","성동구","서울특별시 성동구 용답15가길 2 (용답동)","",""
"참 데이케어센터","G9872","(재가노인복지시설) 재가노인복지시설","재가노인복지시설","자치구","1123000000","동대문구","서울특별시 동대문구 이문로 136, 2층 13~15호 (이문동, 이문동 웰츠타워)","",""
"여기 조은 재가복지센터","G9913","(재가노인복지시설) 재가노인복지시설","재가노인복지시설","자치구","1129000000","성북구","서울특별시 성북구 보문로 119-1, 2층 201호 (보문동2가)","",""
"가온누리방문요양센터","G9921","(재가노인복지시설) 재가노인복지시설","재가노인복지시설","자치구","1135000000","노원구","서울특별시 노원구 한글비석로49길 27, 1층 (상계동)","",""
"닮터데이케어센터","G9970","(재가노인복지시설) 재가노인복지시설","재가노인복지시설","자치구","1130500000","강북구","서울특별시 강북구 오현로 32, 3층 (미아동)","",""
"임마뉴엘방문요양센터","G9981","(재가노인복지시설) 재가노인복지시설","재가노인복지시설","자치구","1162000000","관악구","서울특별시 관악구 관악로11나길 14, 지층 (봉천동)","",""
"온누리","I0164","(재가노인복지시설) 재가노인복지시설","재가노인복지시설","자치구","1162000000","관악구","서울특별시 관악구 관악로 211 (봉천동,2층)","",""
"굿피플 복지센터","I0436","(재가노인복지시설) 재가노인복지시설","재가노인복지시설","자치구","1156000000","영등포구","서울특별시 영등포구 영등포로 130, 상가동 207호 (당산동1가)","",""
"소망방문요양복지센터","J1290","(재가노인복지시설) 재가노인복지시설","재가노인복지시설","자치구","1156000000","영등포구","서울특별시 영등포구 양평로30가길 19, 204동 303호 (양평동6가, 동양아파트 상가)","",""
"동우요양원요양센터","J1827","(재가노인복지시설) 재가노인복지시설","재가노인복지시설","자치구","1126000000","중랑구","서울특별시 중랑구 망우로 422, 5,6층 (망우동)","",""
"'반석'데이케어센터","J1874","(재가노인복지시설) 재가노인복지시설","재가노인복지시설","자치구","1174000000","강동구","서울특별시 강동구 양재대로130길 11, 2~3층 (명일동)","",""
"사당데이케어센터","J1910","(재가노인복지시설) 재가노인복지시설","재가노인복지시설","자치구","1159000000","동작구","서울특별시 동작구 남부순환로 2081 (사당동)","",""
"대은가정봉사원파견센터","J2231","(재가노인복지시설) 재가노인복지시설","재가노인복지시설","자치구","1130500000","강북구","서울특별시 강북구 인수봉로60가길 32, 101 (수유동, 대성아트빌)","",""
"사랑나눔노인복지센터","J2632","(재가노인복지시설) 재가노인복지시설","재가노인복지시설","자치구","1153000000","구로구","서울특별시 구로구 경인로55길 21, 301호 (구로동)","",""
"두레데이케어센터","J2795","(재가노인복지시설) 재가노인복지시설","재가노인복지시설","자치구","1126000000","중랑구","서울특별시 중랑구 신내로 45 (신내동)","",""
"송파한국노인복지센터","J4579","(재가노인복지시설) 재가노인복지시설","재가노인복지시설","자치구","1171000000","송파구","서울특별시 송파구 가락로42길 17, 2층 (방이동)","",""
"'(A+)'부모사랑복지센터","J4830","(재가노인복지시설) 재가노인복지시설","재가노인복지시설","자치구","1174000000","강동구","서울특별시 강동구 상암로 87-1, 1층 (암사동)","",""
"효드림단기보호센터","J6545","(재가노인복지시설) 재가노인복지시설","재가노인복지시설","자치구","1147000000","양천구","서울특별시 양천구 곰달래로 47, 2층 (신월동)","",""
"새마음데이케어센터","J6647","(재가노인복지시설) 재가노인복지시설","재가노인복지시설","자치구","1147000000","양천구","105번지 6호","",""
"유나노인복지센터","J7204","(재가노인복지시설) 재가노인복지시설","재가노인복지시설","자치구","1126000000","중랑구","서울특별시 중랑구 중랑역로 238-5, 지층 (묵동)","",""
"창5동 데이케어센터","J7329","(재가노인복지시설) 재가노인복지시설","재가노인복지시설","자치구","1132000000","도봉구","서울특별시 도봉구 노해로63가길 34 (창동)","",""
"우리마포데이케어센터","J7410","(재가노인복지시설) 재가노인복지시설","재가노인복지시설","자치구","1144000000","마포구","서울특별시 마포구 신촌로26길 10 (노고산동, 우리마포복지관(4,5층))","",""
"삼화데이케어센터","J7590","(재가노인복지시설) 재가노인복지시설","재가노인복지시설","자치구","1159000000","동작구","서울특별시 동작구 사당로13길 42 (사당동)","",""
"홍광데이케어센터","J7699","(재가노인복지시설) 재가노인복지시설","재가노인복지시설","자치구","1141000000","서대문구","서울특별시 서대문구 통일로39길 22-31 (홍제동)","",""
"송학데이케어센터","J8138","(재가노인복지시설) 재가노인복지시설","재가노인복지시설","자치구","1159000000","동작구","서울특별시 동작구 상도동 210번지 249호 3,4,5층","",""
"(주)삼성종합복지센터","J8282","(재가노인복지시설) 재가노인복지시설","재가노인복지시설","자치구","1132000000","도봉구","서울특별시 도봉구 도봉로106길 23, 102동 302호 (창동, 북한산현대홈시티)","",""
"엔젤데이케어센터","J8436","(재가노인복지시설) 재가노인복지시설","재가노인복지시설","자치구","1159000000","동작구","서울특별시 동작구 사당로16라길 9 (사당동)","",""
"(A+)성원노인복지센터","J8681","(재가노인복지시설) 재가노인복지시설","재가노인복지시설","자치구","1165000000","서초구","서울특별시 서초구 청두곶8길 3, 2층 202호 (방배동)","",""
"강남제일재가노인복지센터","J8697","(재가노인복지시설) 재가노인복지시설","재가노인복지시설","자치구","1168000000","강남구","서울특별시 강남구 개포로 237, 302호 (개포동, 유진빌딩)","",""
"지브로 방문요양센터","J9447","(재가노인복지시설) 재가노인복지시설","재가노인복지시설","자치구","1165000000","서초구","서울특별시 서초구 강남대로43길 22-1, 2층 (서초동)","",""
"무수골데이케어센터","J9466","(재가노인복지시설) 재가노인복지시설","재가노인복지시설","자치구","1132000000","도봉구","서울특별시 도봉구 도봉로169가길 52 (도봉동)","",""
"우리단기보호센터","J9738","(재가노인복지시설) 재가노인복지시설","재가노인복지시설","자치구","1147000000","양천구","서울특별시 양천구 공항대로 594, 3층 (목동, 사라제이빌딩)","",""
"천세노인복지센터","L0626","(재가노인복지시설) 재가노인복지시설","재가노인복지시설","자치구","1153000000","구로구","서울특별시 구로구 부일로 967, 4층 (궁동)","",""
"기쁨과나눔재가복지센터","M0330","(재가노인복지시설) 재가노인복지시설","재가노인복지시설","자치구","1132000000","도봉구","서울특별시 도봉구 도봉로137길 48, 2층 (쌍문동)","",""
"'행복드림복지협동조합'","M0791","(재가노인복지시설) 재가노인복지시설","재가노인복지시설","자치구","1141000000","서대문구","서울특별시 서대문구 응암로 73, 2~3층 (북가좌동, 창안빌딩)","",""
"수유데이케어센터","M0911","(재가노인복지시설) 재가노인복지시설","재가노인복지시설","자치구","1130500000","강북구","서울특별시 강북구 덕릉로 46, 3층 (수유동)","",""
"두레데이케어","M1408","(재가노인복지시설) 재가노인복지시설","재가노인복지시설","자치구","1126000000","중랑구","서울특별시 중랑구 신내동 537번지 3호 해성빌딩 5층","",""
"강북실버데이케어센터","M1499","(재가노인복지시설) 재가노인복지시설","재가노인복지시설","자치구","1130500000","강북구","서울특별시 강북구 오패산로 290 (미아동)","",""
"상계동성당데이케어센터","M3864","(재가노인복지시설) 재가노인복지시설","재가노인복지시설","자치구","1135000000","노원구","서울특별시 노원구 덕릉로 736 (상계동)","",""
"소망재가복지센터","P0007","(재가노인복지시설) 재가노인복지시설","재가노인복지시설","자치구","1141000000","서대문구","서울특별시 서대문구 통일로 175, 3층 (천연동)","",""
"사랑방문요양센터","P0009","(재가노인복지시설) 재가노인복지시설","재가노인복지시설","자치구","1162000000","관악구","서울특별시 관악구 남부순환로141길 7, 1층 (신림동)","",""
"'(A)비지팅엔젤스 영등포대림방문요양지점","P0019","(재가노인복지시설) 재가노인복지시설","재가노인복지시설","자치구","1156000000","영등포구","서울특별시 영등포구 대림로8길 15, 103호 (대림동)","",""
"봄빛 어르신 재가복지센터","P0028","(재가노인복지시설) 재가노인복지시설","재가노인복지시설","자치구","1171000000","송파구","서울특별시 송파구 올림픽로 336 (방이동, 대우유토피아오피스텔 1406호)","",""
"소망재가복지센터","P0047","(재가노인복지시설) 재가노인복지시설","재가노인복지시설","자치구","1147000000","양천구","서울특별시 양천구 목동남로4길 6-23, 4층 2호 (신정동, 목동2차우성아파트 B상가)","",""
"케어모어","P0069","(재가노인복지시설) 재가노인복지시설","재가노인복지시설","자치구","1135000000","노원구","서울특별시 노원구 동일로237가길 17 (상계동)","",""
"서진재가복지센터","P0072","(재가노인복지시설) 재가노인복지시설","재가노인복지시설","자치구","1130500000","강북구","서울특별시 강북구 삼양로 633, 3층 (우이동)","",""
"새나눔요양재가복지센타","P0083","(재가노인복지시설) 재가노인복지시설","재가노인복지시설","자치구","1126000000","중랑구","서울특별시 중랑구 동일로95길 5, 1층 (면목동)","",""
"굿모닝재가방문요양센터","P0093","(재가노인복지시설) 재가노인복지시설","재가노인복지시설","자치구","1138000000","은평구","서울특별시 은평구 은평로 33-4, 2층 (신사동)","",""
"소나무방문요양센터","P0107","(재가노인복지시설) 재가노인복지시설","재가노인복지시설","자치구","1159000000","동작구","서울특별시 동작구 만양로14길 4, 201호 (노량진동)","",""
"(A)비지팅엔젤스 동대문중앙방문요양지점","P0137","(재가노인복지시설) 재가노인복지시설","재가노인복지시설","자치구","1123000000","동대문구","서울특별시 동대문구 장한로 64, 301호 (장안동)","",""
"종로재가복지센터","P0143","(재가노인복지시설) 재가노인복지시설","재가노인복지시설","자치구","1111000000","종로구","서울특별시 종로구 사직로 105, 205호 (내자동, 정남빌딩)","",""
"송파가족사랑방문요양센터","P0183","(재가노인복지시설) 재가노인복지시설","재가노인복지시설","자치구","1171000000","송파구","서울특별시 송파구 새말로17길 6, 2층 201호 (문정동)","",""
"한양 방문 요양센터","P0211","(재가노인복지시설) 재가노인복지시설","재가노인복지시설","자치구","1171000000","송파구","서울특별시 송파구 가락로40길 9, 302호 (방이동)","",""
"엘림재가복지시설","P0219","(재가노인복지시설) 재가노인복지시설","재가노인복지시설","자치구","1147000000","양천구","서울특별시 양천구 오목로32길 21-1, 1층 (신정동)","",""
"누가재가복지센터","P0221","(재가노인복지시설) 재가노인복지시설","재가노인복지시설","자치구","1138000000","은평구","서울특별시 은평구 연서로3길 29, 2층 (역촌동)","",""
"365 어르신사랑 복지센터","P0236","(재가노인복지시설) 재가노인복지시설","재가노인복지시설","자치구","1153000000","구로구","서울특별시 구로구 공원로 41, 221호 (구로동, 현대파크빌)","",""
"미소방문요양센터","P0256","(재가노인복지시설) 재가노인복지시설","재가노인복지시설","자치구","1132000000","도봉구","서울특별시 도봉구 도당로13길 64, 1층 (방학동)","",""
"효사랑방문요양복지센터","P0313","(재가노인복지시설) 재가노인복지시설","재가노인복지시설","자치구","1117000000","용산구","서울특별시 용산구 새창로35길 18 (원효로2가)","",""
"케어링 다솜센터","P0326","(재가노인복지시설) 재가노인복지시설","재가노인복지시설","자치구","1165000000","서초구","서울특별시 서초구 서초대로 396, 402-4호 (서초동, 강남빌딩)","",""
"케어링 라온센터","P0327","(재가노인복지시설) 재가노인복지시설","재가노인복지시설","자치구","1165000000","서초구","서울특별시 서초구 서초대로 396, 402-5호 (서초동, 강남빌딩)","",""
"효재가복지센터","P0350","(재가노인복지시설) 재가노인복지시설","재가노인복지시설","자치구","1132000000","도봉구","서울특별시 도봉구 도당로 133, 4층 402호 (방학동)","",""
"은혜데이케어센터","P0353","(재가노인복지시설) 재가노인복지시설","재가노인복지시설","자치구","1138000000","은평구","서울특별시 은평구 서오릉로 31, 2층 (녹번동)","",""
"산돌재가노인복지센터","P0360","(재가노인복지시설) 재가노인복지시설","재가노인복지시설","자치구","1141000000","서대문구","서울특별시 서대문구 세검정로1길 7, 2층 (홍은동)","",""
"강서실버 재가복지센터","P0361","(재가노인복지시설) 재가노인복지시설","재가노인복지시설","자치구","1150000000","강서구","서울특별시 강서구 까치산로4길 29, 2층 (화곡동)","",""
"강서나래재가복지센터","P0370","(재가노인복지시설) 재가노인복지시설","재가노인복지시설","자치구","1150000000","강서구","서울특별시 강서구 초록마을로10길 6-8, 101호 (화곡동)","",""
"창동한마음방문요양센터","P0377","(재가노인복지시설) 재가노인복지시설","재가노인복지시설","자치구","1132000000","도봉구","서울특별시 도봉구 노해로 384, 1층 29호 (창동)","",""
"더큰사랑재가복지센터","P0381","(재가노인복지시설) 재가노인복지시설","재가노인복지시설","자치구","1162000000","관악구","서울특별시 관악구 조원로16길 27, 가동 1층 11호 (신림동)","",""
"다솜재활재가노인센터","P0394","(재가노인복지시설) 재가노인복지시설","재가노인복지시설","자치구","1156000000","영등포구","서울특별시 영등포구 영등포로 32, 205~208호 (양평동2가)","",""
"미소천사 재가노인복지센터","P0438","(재가노인복지시설) 재가노인복지시설","재가노인복지시설","자치구","1153000000","구로구","서울특별시 구로구 고척로21나길 22, 1층 (개봉동)","",""
"소원재가복지센터","P0440","(재가노인복지시설) 재가노인복지시설","재가노인복지시설","자치구","1156000000","영등포구","서울특별시 영등포구 선유로 27, 1104호 (문래동5가)","",""
"예닮재가복지센터","P0462","(재가노인복지시설) 재가노인복지시설","재가노인복지시설","자치구","1129000000","성북구","서울특별시 성북구 오패산로8길 4-4, 지하1호 (하월곡동)","",""
"금빛주야간보호센터","P0466","(재가노인복지시설) 재가노인복지시설","재가노인복지시설","자치구","1123000000","동대문구","서울특별시 동대문구 사가정로 262, 2층 (장안동)","",""
"유한헬스케어","P0492","(재가노인복지시설) 재가노인복지시설","재가노인복지시설","자치구","1141000000","서대문구","서울특별시 서대문구 가좌로 98, 3층 (홍은동)","",""
"동아의료기","P0538","(재가노인복지시설) 재가노인복지시설","재가노인복지시설","자치구","1126000000","중랑구","서울특별시 중랑구 동일로 786, 103호 (중화동, 두암빌딩)","",""
"다올림 노인복지재가센터","P0573","(재가노인복지시설) 재가노인복지시설","재가노인복지시설","자치구","1174000000","강동구","서울특별시 강동구 상암로 41, 207호 (암사동, 암사동양덱스빌)","",""
"최고야 방문요양센터","P0590","(재가노인복지시설) 재가노인복지시설","재가노인복지시설","자치구","1165000000","서초구","서울특별시 서초구 반포대로14길 36, 510호 (서초동, 현대전원오피스)","",""
"은빛노인복지센터","P0601","(재가노인복지시설) 재가노인복지시설","재가노인복지시설","자치구","1126000000","중랑구","서울특별시 중랑구 용마산로 670, B동 104호 (망우동, 신내역 프라디움 더 테라스)","",""
"슬기재활재가간호센터","P0604","(재가노인복지시설) 재가노인복지시설","재가노인복지시설","자치구","1130500000","강북구","서울특별시 강북구 인수봉로 202, 1층 (수유동, 전면 기준 좌측)","",""
"미소뜰재가복지센터","P0607","(재가노인복지시설) 재가노인복지시설","재가노인복지시설","자치구","1132000000","도봉구","서울특별시 도봉구 도봉로181길 26, 102호 (도봉동)","",""
"창동휴재활데이케어센터","P0615","(재가노인복지시설) 재가노인복지시설","재가노인복지시설","자치구","1132000000","도봉구","서울특별시 도봉구 도봉로110라길 69-6, 2층 (창동)","",""
"구립강감찬데이케어센터","P0617","(재가노인복지시설) 재가노인복지시설","재가노인복지시설","자치구","1162000000","관악구","서울특별시 관악구 대학12길 16, 3~4층 (신림동, 대학경로당)","",""
"중랑행복재가노인복지센타","P0645","(재가노인복지시설) 재가노인복지시설","재가노인복지시설","자치구","1126000000","중랑구","서울특별시 중랑구 중랑역로 73-1 (중화동)","",""
"가족사랑 재가복지센터","P0649","(재가노인복지시설) 재가노인복지시설","재가노인복지시설","자치구","1147000000","양천구","서울특별시 양천구 은행정로 37, 302호 (신정동)","",""
"진심방문요양센터","P0650","(재가노인복지시설) 재가노인복지시설","재가노인복지시설","자치구","1132000000","도봉구","서울특별시 도봉구 덕릉로53길 19, 1층 좌측호 (창동)","",""
"디파이 케어","P0679","(재가노인복지시설) 재가노인복지시설","재가노인복지시설","자치구","1171000000","송파구","서울특별시 송파구 법원로 114, E동 지하2층 E-B201호 (문정동)","",""
"송파행복데이케어센터","P0682","(재가노인복지시설) 재가노인복지시설","재가노인복지시설","자치구","1171000000","송파구","서울특별시 송파구 새말로 125, 5층 501호 (문정동, 어은회관)","",""
"예은 재가복지센터","P0686","(재가노인복지시설) 재가노인복지시설","재가노인복지시설","자치구","1168000000","강남구","서울특별시 강남구 선릉로155길 23-8, 303호 (신사동)","",""
"양천재가복지센터","P0701","(재가노인복지시설) 재가노인복지시설","재가노인복지시설","자치구","1147000000","양천구","서울특별시 양천구 목동중앙북로18길 5, 4층 (목동)","",""
"*(ABC)우림요양센터","P0708","(재가노인복지시설) 재가노인복지시설","재가노인복지시설","자치구","1126000000","중랑구","서울특별시 중랑구 용마산로 494, 5층 (망우동, 상아프라자)","",""
"햇살재가복지센터","P0712","(재가노인복지시설) 재가노인복지시설","재가노인복지시설","자치구","1150000000","강서구","서울특별시 강서구 양천로57길 36, B상가동 2층 209호 (가양동, 가양도시개발공사아파트)","",""
"참사랑재가센터","P0744","(재가노인복지시설) 재가노인복지시설","재가노인복지시설","자치구","1144000000","마포구","서울특별시 마포구 희우정로 100, 302호 (망원동)","",""
"효도방문재가센터","P0765","(재가노인복지시설) 재가노인복지시설","재가노인복지시설","자치구","1144000000","마포구","서울특별시 마포구 성미산로 20-1, 지1층 (성산동)","",""
"늘편한방문요양센터","P0773","(재가노인복지시설) 재가노인복지시설","재가노인복지시설","자치구","1135000000","노원구","서울특별시 노원구 한글비석로54길 116, 214호 (상계동)","",""
"행복누리재가복지센터","P0791","(재가노인복지시설) 재가노인복지시설","재가노인복지시설","자치구","1135000000","노원구","서울특별시 노원구 노원로 421, 마상가동 212호 (상계동)","",""
"푸른재가복지센터","P0792","(재가노인복지시설) 재가노인복지시설","재가노인복지시설","자치구","1144000000","마포구","서울특별시 마포구 백범로 13, 3층 302호 (노고산동, 신촌르메이에르타운2)","",""
"감사방문요양센터","P0801","(재가노인복지시설) 재가노인복지시설","재가노인복지시설","자치구","1141000000","서대문구","서울특별시 서대문구 통일로 344, 201동 상가비201호 (홍제동, 무악청구아파트)","",""
"미소요양재가센터","P0831","(재가노인복지시설) 재가노인복지시설","재가노인복지시설","자치구","1144000000","마포구","서울특별시 마포구 양화로 183, 613호 (동교동, 홍익인간오피스텔)","",""
"스마일시니어 데이케어센터 중랑지점","P0837","(재가노인복지시설) 재가노인복지시설","재가노인복지시설","자치구","1126000000","중랑구","서울특별시 중랑구 용마산로 434, 2층 (면목동, 에코빌딩)","",""
"둔촌데이케어센터","P0840","(재가노인복지시설) 재가노인복지시설","재가노인복지시설","자치구","1174000000","강동구","서울특별시 강동구 천호대로 1210, 5층 (둔촌동)","",""
"살림데이케어센터","P0923","(재가노인복지시설) 재가노인복지시설","재가노인복지시설","자치구","1138000000","은평구","서울특별시 은평구 갈현로12길 17-1, 2~4층 (역촌동)","",""
"유케어G","P0948","(재가노인복지시설) 재가노인복지시설","재가노인복지시설","자치구","1162000000","관악구","서울특별시 관악구 관악로 222, 2층 (봉천동)","",""
"'시니어홈케어 재가방문요양센터","P0994","(재가노인복지시설) 재가노인복지시설","재가노인복지시설","자치구","1159000000","동작구","서울특별시 동작구 보라매로 100-4, 4층 (신대방동)","",""
"큰사랑재가복지센터","P0996","(재가노인복지시설) 재가노인복지시설","재가노인복지시설","자치구","1130500000","강북구","서울특별시 강북구 삼양로20길 9, 1층 (미아동)","",""
"행복한재가복지센터","P0997","(재가노인복지시설) 재가노인복지시설","재가노인복지시설","자치구","1130500000","강북구","서울특별시 강북구 노해로17길 60, 1층 (수유동)","",""
"번동힐데이케어센터","P0998","(재가노인복지시설) 재가노인복지시설","재가노인복지시설","자치구","1130500000","강북구","서울특별시 강북구 오현로25다길 72 (번동)","",""
"A+ 실버웨이 성북데이케어센터","P1053","(재가노인복지시설) 재가노인복지시설","재가노인복지시설","자치구","1129000000","성북구","서울특별시 성북구 북악산로 844, 상가동 2층 201호 (돈암동, 브라운스톤 돈암 아파트)","",""
"고운마음재가요양센터","P1084","(재가노인복지시설) 재가노인복지시설","재가노인복지시설","자치구","1130500000","강북구","서울특별시 강북구 도봉로24길 8, 2층 201호 (미아동)","",""
"꽃피는재가복지센터","P1106","(재가노인복지시설) 재가노인복지시설","재가노인복지시설","자치구","1150000000","강서구","서울특별시 강서구 강서로17길 45, 2층 204호 (화곡동, 한양빌딩)","",""
"가나 플러스 복지센터","P1137","(재가노인복지시설) 재가노인복지시설","재가노인복지시설","자치구","1135000000","노원구","서울특별시 노원구 상계로35길 2, 3층 (상계동)","",""
"'(A)'서울HS재가복지센터","P1138","(재가노인복지시설) 재가노인복지시설","재가노인복지시설","자치구","1135000000","노원구","서울특별시 노원구 한글비석로 383, 지하1층 12호 (중계동)","",""
"행복숲 재가복지센터","P1139","(재가노인복지시설) 재가노인복지시설","재가노인복지시설","자치구","1123000000","동대문구","서울특별시 동대문구 천호대로77나길 3, 1층 (장안동)","",""
"스마일재가복지센터","P1157","(재가노인복지시설) 재가노인복지시설","재가노인복지시설","자치구","1156000000","영등포구","서울특별시 영등포구 문래북로 108, B101호 (문래동3가, 문래동 태영 데시앙)","",""
"한봄찬방문요양센터","P1159","(재가노인복지시설) 재가노인복지시설","재가노인복지시설","자치구","1162000000","관악구","서울특별시 관악구 봉천로 496-1, 2층 (봉천동)","",""
"뉴라이프복지센터","P1166","(재가노인복지시설) 재가노인복지시설","재가노인복지시설","자치구","1141000000","서대문구","서울특별시 서대문구 홍제내길 128, 303호 (홍제동, 주영빌딩)","",""
"해피재가복지센터","P1172","(재가노인복지시설) 재가노인복지시설","재가노인복지시설","자치구","1156000000","영등포구","서울특별시 영등포구 선유서로25길 18-10, 301호 (양평동2가)","",""
"우리실버돌봄센터","P1176","(재가노인복지시설) 재가노인복지시설","재가노인복지시설","자치구","1138000000","은평구","서울특별시 은평구 갈현로23길 20, 1층 (갈현동)","",""
"다솜방문요양센터","P1177","(재가노인복지시설) 재가노인복지시설","재가노인복지시설","자치구","1162000000","관악구","서울특별시 관악구 양녕로 35, 2층 (봉천동)","",""
"명성재가방문요양센터","P1181","(재가노인복지시설) 재가노인복지시설","재가노인복지시설","자치구","1126000000","중랑구","서울특별시 중랑구 면목로51길 25, 1층 (면목동)","",""
"라온재가복지센터","P1205","(재가노인복지시설) 재가노인복지시설","재가노인복지시설","자치구","1138000000","은평구","서울특별시 은평구 연서로21길 29, 3층 (갈현동)","",""
"서보재가복지센터","P1215","(재가노인복지시설) 재가노인복지시설","재가노인복지시설","자치구","1123000000","동대문구","서울특별시 동대문구 무학로28길 31, 301호 (용두동)","",""
"해돋이재가복지센터","P1219","(재가노인복지시설) 재가노인복지시설","재가노인복지시설","자치구","1174000000","강동구","서울특별시 강동구 진황도로 170, 1층 (둔촌동)","",""
"염리데이케어센터","P1233","(재가노인복지시설) 재가노인복지시설","재가노인복지시설","자치구","1144000000","마포구","서울특별시 마포구 대흥로24길 50, 2층 (염리동, 염리종합사회복지관)","",""
"가화락 재가노인복지센터","P1238","(재가노인복지시설) 재가노인복지시설","재가노인복지시설","자치구","1168000000","강남구","서울특별시 강남구 남부순환로365길 32, 5층 501호 (도곡동)","",""
"우리방문요양센터","P1258","(재가노인복지시설) 재가노인복지시설","재가노인복지시설","자치구","1171000000","송파구","서울특별시 송파구 양산로8길 4 (거여동, 211-1호(거여1단지 상가동))","",""
"늘푸른노인복지센터","P1262","(재가노인복지시설) 재가노인복지시설","재가노인복지시설","자치구","1123000000","동대문구","서울특별시 동대문구 천호대로45가길 36, 1층 (용두동)","",""
"도담재가요양센터","P1281","(재가노인복지시설) 재가노인복지시설","재가노인복지시설","자치구","1130500000","강북구","서울특별시 강북구 삼각산로 143-1, 상가A동 1층 108호 (수유동)","",""
"창동데이케어센터","P1342","(재가노인복지시설) 재가노인복지시설","재가노인복지시설","자치구","1132000000","도봉구","서울특별시 도봉구 해등로 125, 3층 (창동)","",""
"주사랑재가복지센터","P1361","(재가노인복지시설) 재가노인복지시설","재가노인복지시설","자치구","1123000000","동대문구","서울특별시 동대문구 답십리로48길 60, 1층 (답십리동, 우측)","",""
"스타방문요양센터","P1373","(재가노인복지시설) 재가노인복지시설","재가노인복지시설","자치구","1153000000","구로구","서울특별시 구로구 고척로6길 25 (오류동)","",""
"강남한티재가복지센터","P1374","(재가노인복지시설) 재가노인복지시설","재가노인복지시설","자치구","1168000000","강남구","서울특별시 강남구 선릉로 305, 2층 202호 (역삼동)","",""
"은빛방문요양센터","P1393","(재가노인복지시설) 재가노인복지시설","재가노인복지시설","자치구","1132000000","도봉구","서울특별시 도봉구 시루봉로15라길 11, 1층 (방학동)","",""
"여의도가족사랑재가복지센터","P1423","(재가노인복지시설) 재가노인복지시설","재가노인복지시설","자치구","1156000000","영등포구","서울특별시 영등포구 국제금융로8길 34, 1305호 (여의도동)","",""
"나누리재가어르신복지센터","P1444","(재가노인복지시설) 재가노인복지시설","재가노인복지시설","자치구","1150000000","강서구","서울특별시 강서구 양천로26길 18, 2층 205호 (마곡동, 정곡빌딩)","",""
"스마일시니어 미소나래재가복지센터","P1451","(재가노인복지시설) 재가노인복지시설","재가노인복지시설","자치구","1165000000","서초구","서울특별시 서초구 반포대로14길 71, 1908호 (서초동)","",""
"능력방문요양센터","P1477","(재가노인복지시설) 재가노인복지시설","재가노인복지시설","자치구","1138000000","은평구","서울특별시 은평구 갈현로41길 11, 3층 (갈현동)","",""
"희망노인복지사업소","P1487","(재가노인복지시설) 재가노인복지시설","재가노인복지시설","자치구","1138000000","은평구","서울특별시 은평구 진흥로 153-6, B1, 2층 B01,201(2)호 (대조동, 스타타운3차오)","",""
"삼성 재가복지센터","P1501","(재가노인복지시설) 재가노인복지시설","재가노인복지시설","자치구","1168000000","강남구","서울특별시 강남구 봉은사로 504, 402호 (삼성동)","",""
"보듬재가복지센터","P1506","(재가노인복지시설) 재가노인복지시설","재가노인복지시설","자치구","1171000000","송파구","서울특별시 송파구 마천로43길 31 (마천동)","",""
"한살림서울돌봄센터","P1542","(재가노인복지시설) 재가노인복지시설","재가노인복지시설","자치구","1132000000","도봉구","서울특별시 도봉구 도봉로 499, 302호 (쌍문동)","",""
"'YesCare'예스케어 주간보호 상봉 센터","P1544","(재가노인복지시설) 재가노인복지시설","재가노인복지시설","자치구","1126000000","중랑구","서울특별시 중랑구 망우로 316, 2층 (상봉동, 이지펠리스)","",""
"하랑재가복지센터","P1548","(재가노인복지시설) 재가노인복지시설","재가노인복지시설","자치구","1171000000","송파구","서울특별시 송파구 오금로54길 28-2, 101호 (거여동)","",""
"우리부모 방문요양센터","P1551","(재가노인복지시설) 재가노인복지시설","재가노인복지시설","자치구","1121500000","광진구","서울특별시 광진구 광장로3길 7, 1층 102호 (광장동)","",""
"연세노인복지센타","P1580","(재가노인복지시설) 재가노인복지시설","재가노인복지시설","자치구","1153000000","구로구","서울특별시 구로구 경인로 172, 201호 (오류동)","",""
"(A+)동행노인요양복지센터","P1590","(재가노인복지시설) 재가노인복지시설","재가노인복지시설","자치구","1120000000","성동구","서울특별시 성동구 동호로 100, 1층 111호 (금호동3가, 두산상가)","",""
"(주)구로 휴 복지법인주간보호센터","P1601","(재가노인복지시설) 재가노인복지시설","재가노인복지시설","자치구","1153000000","구로구","서울특별시 구로구 중앙로 9, 4,5층 (고척동)","",""
"대방재가복지센터","P1610","(재가노인복지시설) 재가노인복지시설","재가노인복지시설","자치구","1159000000","동작구","서울특별시 동작구 등용로 79 (대방동, 1층)","",""
"하계방문요양센터","P1635","(재가노인복지시설) 재가노인복지시설","재가노인복지시설","자치구","1135000000","노원구","서울특별시 노원구 섬밭로 190, 1층 104,105호 (하계동)","",""
"케이씨복지용구","P1648","(재가노인복지시설) 재가노인복지시설","재가노인복지시설","자치구","1171000000","송파구","서울특별시 송파구 성내천로 179, 1층 (마천동)","",""
"주민재가방문요양센터","P1655","(재가노인복지시설) 재가노인복지시설","재가노인복지시설","자치구","1111000000","종로구","서울특별시 종로구 돈화문로9가길 26-1 (돈의동)","",""
"감성재가노인복지센터","P1675","(재가노인복지시설) 재가노인복지시설","재가노인복지시설","자치구","1138000000","은평구","서울특별시 은평구 연서로 73, 1층 (역촌동)","",""
"한마음방문요양간호센터","P1680","(재가노인복지시설) 재가노인복지시설","재가노인복지시설","자치구","1171000000","송파구","서울특별시 송파구 위례성대로 158, 상가1공구동 103호 (오금동, 대림아파트)","",""
"공감방문요양센터","P1692","(재가노인복지시설) 재가노인복지시설","재가노인복지시설","자치구","1159000000","동작구","서울특별시 동작구 성대로11길 46, 지층 (상도동)","",""
"달빛방문요양센터","P1704","(재가노인복지시설) 재가노인복지시설","재가노인복지시설","자치구","1135000000","노원구","서울특별시 노원구 한글비석로24가길 20 (상계동)","",""
"동궁재가복지센터","P1710","(재가노인복지시설) 재가노인복지시설","재가노인복지시설","자치구","1165000000","서초구","서울특별시 서초구 남부순환로335길 41, 304호 (서초동, 삼원빌딩)","",""
"다모아재가복지센터","P1715","(재가노인복지시설) 재가노인복지시설","재가노인복지시설","자치구","1135000000","노원구","서울특별시 노원구 덕릉로 780, 101동 137호 (상계동, 동아불암복합상가아파트)","",""
"아이레네주야간보호센터","P1734","(재가노인복지시설) 재가노인복지시설","재가노인복지시설","자치구","1153000000","구로구","서울특별시 구로구 남부순환로 1291, B동 8층 (가리봉동, 영진오피스)","",""
"연세재가복지센터","P1746","(재가노인복지시설) 재가노인복지시설","재가노인복지시설","자치구","1129000000","성북구","서울특별시 성북구 삼선교로 12, 5층 (삼선동1가)","",""
"A+주은방문요양센터","P1756","(재가노인복지시설) 재가노인복지시설","재가노인복지시설","자치구","1123000000","동대문구","서울특별시 동대문구 약령시로21길 30, 4동 4,7호 (청량리동, 현대아파트)","",""
"고은방문요양센터","P1758","(재가노인복지시설) 재가노인복지시설","재가노인복지시설","자치구","1123000000","동대문구","서울특별시 동대문구 회기로 34, 4층 401호 (제기동)","",""
"(A+)가족사랑방문요양센터","P1765","(재가노인복지시설) 재가노인복지시설","재가노인복지시설","자치구","1171000000","송파구","서울특별시 송파구 마천로 256-1, 201호 (거여동)","",""
"동행복지센터","P1770","(재가노인복지시설) 재가노인복지시설","재가노인복지시설","자치구","1171000000","송파구","서울특별시 송파구 풍성로6길 11, 2층 (풍납동)","",""
"강북나눔돌봄센터 살핌","P1796","(재가노인복지시설) 재가노인복지시설","재가노인복지시설","자치구","1130500000","강북구","서울특별시 강북구 인수봉로42길 27, 2~3층 (수유동)","",""
"보건의료기","P1829","(재가노인복지시설) 재가노인복지시설","재가노인복지시설","자치구","1123000000","동대문구","서울특별시 동대문구 왕산로 264-1, 1층 (전농동)","",""
"하예성복지센터","P1844","(재가노인복지시설) 재가노인복지시설","재가노인복지시설","자치구","1126000000","중랑구","서울특별시 중랑구 용마산로106길 10 (망우동)","",""
"현미 재가복지센터","P1847","(재가노인복지시설) 재가노인복지시설","재가노인복지시설","자치구","1153000000","구로구","서울특별시 구로구 중앙로5길 62, 상가동 101호 (고척동)","",""
"서울노인재가복지회","P1853","(재가노인복지시설) 재가노인복지시설","재가노인복지시설","자치구","1135000000","노원구","서울특별시 노원구 덕릉로115가길 3 (상계동)","",""
"엘림재가센터","P1929","(재가노인복지시설) 재가노인복지시설","재가노인복지시설","자치구","1150000000","강서구","서울특별시 강서구 수명로1길 16, 제상가동 2층 202호 (내발산동)","",""
"바른마음재가복지센터","P1955","(재가노인복지시설) 재가노인복지시설","재가노인복지시설","자치구","1156000000","영등포구","서울특별시 영등포구 도영로 66, 상가동 213호 (도림동, 영등포아트자이아파트)","",""
"굿하트강동 재가복지센터","P1966","(재가노인복지시설) 재가노인복지시설","재가노인복지시설","자치구","1174000000","강동구","서울특별시 강동구 천호대로198길 8, 1층 (둔촌동)","",""
"벧엘데이케어센터","P1976","(재가노인복지시설) 재가노인복지시설","재가노인복지시설","자치구","1162000000","관악구","서울특별시 관악구 문성로 96, 4~5층 (신림동)","",""
"정원재가복지센터","P2015","(재가노인복지시설) 재가노인복지시설","재가노인복지시설","자치구","1132000000","도봉구","서울특별시 도봉구 마들로11길 73, 403호 (창동, 콤마프라자)","",""
"집으로재가센터","P2025","(재가노인복지시설) 재가노인복지시설","재가노인복지시설","자치구","1156000000","영등포구","서울특별시 영등포구 대림로 88, 4층 (대림동)","",""
"굿모닝의료기","P2043","(재가노인복지시설) 재가노인복지시설","재가노인복지시설","자치구","1141000000","서대문구","서울특별시 서대문구 충정로 67, 1층 (충정로2가)","",""
"다올방문요양센터","P2048","(재가노인복지시설) 재가노인복지시설","재가노인복지시설","자치구","1147000000","양천구","서울특별시 양천구 목동로 163, 301호 (신정동, 이스타팰리스)","",""
"사랑나눔 재가노인복지센터","P2050","(재가노인복지시설) 재가노인복지시설","재가노인복지시설","자치구","1117000000","용산구","서울특별시 용산구 후암로57길 35-15, 2층 (동자동)","",""
"베스트시니어 복지용구","P2068","(재가노인복지시설) 재가노인복지시설","재가노인복지시설","자치구","1141000000","서대문구","서울특별시 서대문구 연희로 26, 1층 101호 (창천동, 사회복지법인동방사회복지회본관)","",""
"효명데이케어센터","P2072","(재가노인복지시설) 재가노인복지시설","재가노인복지시설","자치구","1138000000","은평구","서울특별시 은평구 은평터널로5길 11-10, B1, B2호 (신사동, 호명펠리스)","",""
"우리들재가노인복지센터","P2073","(재가노인복지시설) 재가노인복지시설","재가노인복지시설","자치구","1156000000","영등포구","서울특별시 영등포구 도신로 258, 3층 (신길동)","",""
"효드림데이케어센터","P2075","(재가노인복지시설) 재가노인복지시설","재가노인복지시설","자치구","1162000000","관악구","서울특별시 관악구 관악로 111, 2층 (봉천동)","",""
"홍제방문요양센터","P2096","(재가노인복지시설) 재가노인복지시설","재가노인복지시설","자치구","1141000000","서대문구","서울특별시 서대문구 세무서2길 6, 2층 (홍제동)","",""
"효드림노인재가복지센터","P2100","(재가노인복지시설) 재가노인복지시설","재가노인복지시설","자치구","1130500000","강북구","서울특별시 강북구 덕릉로42길 9, 1층 (번동)","",""
"하사랑노인요양복지센터","P2106","(재가노인복지시설) 재가노인복지시설","재가노인복지시설","자치구","1147000000","양천구","서울특별시 양천구 목동중앙북로8나길 14, 102호 (목동)","",""
"다온재가복지센터","P2108","(재가노인복지시설) 재가노인복지시설","재가노인복지시설","자치구","1129000000","성북구","서울특별시 성북구 정릉로38마길 29 (정릉동, 정릉우성아파트 상가1 205호)","",""
"굿플러스방문요양센터","P2111","(재가노인복지시설) 재가노인복지시설","재가노인복지시설","자치구","1171000000","송파구","서울특별시 송파구 백제고분로40길 25, 303호 (석촌동)","",""
"둥지 방문요양센터","P2114","(재가노인복지시설) 재가노인복지시설","재가노인복지시설","자치구","1174000000","강동구","서울특별시 강동구 상암로 413, B03호 (상일동)","",""
"(A+)성수데이케어센터","P2137","(재가노인복지시설) 재가노인복지시설","재가노인복지시설","자치구","1120000000","성동구","서울특별시 성동구 성덕정길 79, 2층 (성수동2가)","",""
"다니엘재가실버케어센터","P2140","(재가노인복지시설) 재가노인복지시설","재가노인복지시설","자치구","1156000000","영등포구","서울특별시 영등포구 경인로 775, 2동 301-2호 (문래동3가)","",""
"봄날 재가요양센터","P2141","(재가노인복지시설) 재가노인복지시설","재가노인복지시설","자치구","1150000000","강서구","서울특별시 강서구 공항대로41길 66, 지하1층 153, 154호 (등촌동, 세신종합상가)","",""
"이편한동행 사회적협동조합","P2144","(재가노인복지시설) 재가노인복지시설","재가노인복지시설","자치구","1135000000","노원구","서울특별시 노원구 한글비석로 422, 4층 (상계동, 대창빌딩)","",""
"다나을방문요양센터","P2200","(재가노인복지시설) 재가노인복지시설","재가노인복지시설","자치구","1129000000","성북구","서울특별시 성북구 동소문로34길 24, 비상가동 207호 (돈암동)","",""
"물빛데이케어센터","P2201","(재가노인복지시설) 재가노인복지시설","재가노인복지시설","자치구","1138000000","은평구","서울특별시 은평구 수색로 256, 2동 (수색동)","",""
"129재가복지/방문요양센터","P2217","(재가노인복지시설) 재가노인복지시설","재가노인복지시설","자치구","1123000000","동대문구","서울특별시 동대문구 답십리로48길 64, 1층 (답십리동)","",""
"봉춘재가복지센터","P2247","(재가노인복지시설) 재가노인복지시설","재가노인복지시설","자치구","1129000000","성북구","서울특별시 성북구 종암로18길 3-4 (종암동)","",""
"늘섬김 재가복지센터","P2249","(재가노인복지시설) 재가노인복지시설","재가노인복지시설","자치구","1123000000","동대문구","서울특별시 동대문구 약령서길 74, 가동 1층 (제기동)","",""
"호은방문요양센터","P2261","(재가노인복지시설) 재가노인복지시설","재가노인복지시설","자치구","1141000000","서대문구","서울특별시 서대문구 거북골로 174-2, 지층 (북가좌동)","",""
"파랑새마을재가복지센터","P2272","(재가노인복지시설) 재가노인복지시설","재가노인복지시설","자치구","1138000000","은평구","서울특별시 은평구 서오릉로21길 3, 지층 1호 (구산동)","",""
"참사랑데이케어센터","P2283","(재가노인복지시설) 재가노인복지시설","재가노인복지시설","자치구","1159000000","동작구","서울특별시 동작구 등용로14길 71, 2층 (노량진동)","",""
"가연재가복지센터","P2288","(재가노인복지시설) 재가노인복지시설","재가노인복지시설","자치구","1156000000","영등포구","서울특별시 영등포구 대림로31길 40, 상가동 202호 (대림동)","",""
"A+엘림재가방문센터","P2297","(재가노인복지시설) 재가노인복지시설","재가노인복지시설","자치구","1126000000","중랑구","서울특별시 중랑구 용마산로115길 106, 3층 (망우동)","",""
" 좋은아침재가복지센터","P2309","(재가노인복지시설) 재가노인복지시설","재가노인복지시설","자치구","1174000000","강동구","서울특별시 강동구 암사길 20, 2층 201호 (암사동)","",""
"나래데이케어센터","P2325","(재가노인복지시설) 재가노인복지시설","재가노인복지시설","자치구","1141000000","서대문구","서울특별시 서대문구 모래내로 275, 2층, 3층 (홍은동)","",""
"서울현대재가센터","P2338","(재가노인복지시설) 재가노인복지시설","재가노인복지시설","자치구","1156000000","영등포구","서울특별시 영등포구 양평로12길 13, 2층 203호 (당산동6가, 서울현대실용전문학교)","",""
"디딤돌방문요양재가복지센터","P2346","(재가노인복지시설) 재가노인복지시설","재가노인복지시설","자치구","1138000000","은평구","서울특별시 은평구 통일로 590, 상가B동 1층 104호 (녹번동, 대림아파트)","",""
"(주)온가치 수요양보호사교육원 재가노인복지센터","P2351","(재가노인복지시설) 재가노인복지시설","재가노인복지시설","자치구","1123000000","동대문구","서울특별시 동대문구 전농로 22, 402호 (답십리동)","",""
"효은재가센터","P2371","(재가노인복지시설) 재가노인복지시설","재가노인복지시설","자치구","1153000000","구로구","서울특별시 구로구 부일로15길 16, 4층 (궁동)","",""
" 동행재가복지센터","P2398","(재가노인복지시설) 재가노인복지시설","재가노인복지시설","자치구","1126000000","중랑구","서울특별시 중랑구 겸재로54길 99 (면목동)","",""
"케어닥 방문요양센터 노원점","P2492","(재가노인복지시설) 재가노인복지시설","재가노인복지시설","자치구","1135000000","노원구","서울특별시 노원구 동일로 1014-1, 2층 201호 (공릉동)","",""
"생생노원재가복지센터","P2557","(재가노인복지시설) 재가노인복지시설","재가노인복지시설","자치구","1135000000","노원구","서울특별시 노원구 동일로191가길 25, 2층 (공릉동)","",""
"'(A)비지팅엔젤스 동작방문요양지점","P2566","(재가노인복지시설) 재가노인복지시설","재가노인복지시설","자치구","1159000000","동작구","서울특별시 동작구 남부순환로269길 44 (사당동)","",""
"정성가득재가복지센터","P2595","(재가노인복지시설) 재가노인복지시설","재가노인복지시설","자치구","1159000000","동작구","서울특별시 동작구 남부순환로271길 55, 202호 (사당동)","",""
"종로이화재가복지센터","P2602","(재가노인복지시설) 재가노인복지시설","재가노인복지시설","자치구","1111000000","종로구","서울특별시 종로구 지봉로 49, 2층 (창신동)","",""
"케어닥 방문요양센터 송파점","P2609","(재가노인복지시설) 재가노인복지시설","재가노인복지시설","자치구","1171000000","송파구","서울특별시 송파구 중대로 220, 301호 (가락동)","",""
"선오재가","P2625","(재가노인복지시설) 재가노인복지시설","재가노인복지시설","자치구","1144000000","마포구","서울특별시 마포구 백범로 178, B동 9층 907호 (공덕동, 신영지웰오피스텔)","",""
"늘봄복지용구","P2633","(재가노인복지시설) 재가노인복지시설","재가노인복지시설","자치구","1162000000","관악구","서울특별시 관악구 남부순환로 1855, 3층 303호 (봉천동)","",""
"(A)비지팅엔젤스 서울중구방문요양지점","P2646","(재가노인복지시설) 재가노인복지시설","재가노인복지시설","자치구","1114000000","중구","서울특별시 중구 청구로1길 23 (신당동, 신당동삼성아파트 상가1동 110호)","",""
"감동재가복지센터","P2655","(재가노인복지시설) 재가노인복지시설","재가노인복지시설","자치구","1129000000","성북구","서울특별시 성북구 동소문로 118, 803호 (동선동1가)","",""
"이로운재가요양센터 마포지점","P2664","(재가노인복지시설) 재가노인복지시설","재가노인복지시설","자치구","1144000000","마포구","서울특별시 마포구 마포대로 63-8, 13층 1344호 (도화동, 삼창프라자)","",""
"금빛재가복지센터","P2679","(재가노인복지시설) 재가노인복지시설","재가노인복지시설","자치구","1117000000","용산구","서울특별시 용산구 이촌로14길 16, 3동 1층 103호 (이촌동, 시범아파트)","",""
"소망재가복지 (단기보호, 방문요양)","P2737","(재가노인복지시설) 재가노인복지시설","재가노인복지시설","자치구","1123000000","동대문구","서울특별시 동대문구 한천로37길 19, 4층 (답십리동)","",""
"강동맘편한 방문요양센터","P2749","(재가노인복지시설) 재가노인복지시설","재가노인복지시설","자치구","1174000000","강동구","서울특별시 강동구 고덕로13길 5, 1층 101호 (암사동, 동호아시)","",""
"보금자리방문요양센터","P2757","(재가노인복지시설) 재가노인복지시설","재가노인복지시설","자치구","1165000000","서초구","서울특별시 서초구 효령로 304, 3층 3031호 (서초동)","",""
"세종재가노인복지센터","P2761","(재가노인복지시설) 재가노인복지시설","재가노인복지시설","자치구","1126000000","중랑구","서울특별시 중랑구 상봉로 21, 1층 (면목동)","",""
"밝은재가복지센터","P2772","(재가노인복지시설) 재가노인복지시설","재가노인복지시설","자치구","1138000000","은평구","서울특별시 은평구 진관3로 67, 911동 1층 101호 (진관동, 은평뉴타운 구파발)","",""
"인애재가노인복지센터","P2815","(재가노인복지시설) 재가노인복지시설","재가노인복지시설","자치구","1174000000","강동구","서울특별시 강동구 양재대로89길 16, 213호 (성내동, 파크프라자)","",""
"보은데이케어센터","P2819","(재가노인복지시설) 재가노인복지시설","재가노인복지시설","자치구","1123000000","동대문구","서울특별시 동대문구 한천로 213, 3층 (전농동)","",""
"대한재가복지센터","P2841","(재가노인복지시설) 재가노인복지시설","재가노인복지시설","자치구","1156000000","영등포구","서울특별시 영등포구 대림로 153, 4층 (대림동, 이충호 산부인과)","",""
"케어닥 방문요양센터 관악점","P2842","(재가노인복지시설) 재가노인복지시설","재가노인복지시설","자치구","1162000000","관악구","서울특별시 관악구 신림로 304, 2층 (신림동)","",""
"강북 효사랑 재가복지센터","P2849","(재가노인복지시설) 재가노인복지시설","재가노인복지시설","자치구","1130500000","강북구","서울특별시 강북구 삼양로77가길 3, 2층 (수유동)","",""
"가족같은재가복지센터","P2852","(재가노인복지시설) 재가노인복지시설","재가노인복지시설","자치구","1130500000","강북구","서울특별시 강북구 도봉로53길 48, 3층 1호 (미아동)","",""
"불암방문요양센터","P2871","(재가노인복지시설) 재가노인복지시설","재가노인복지시설","자치구","1135000000","노원구","서울특별시 노원구 덕릉로 814, 5층 (상계동, 재원빌딩)","",""
"사랑재가노인요양센터","P2880","(재가노인복지시설) 재가노인복지시설","재가노인복지시설","자치구","1171000000","송파구","서울특별시 송파구 올림픽로32길 22-23, 308호 (방이동)","",""
"노아복지재가센터","P2885","(재가노인복지시설) 재가노인복지시설","재가노인복지시설","자치구","1135000000","노원구","서울특별시 노원구 한글비석로20길 57, 403호 (중계동)","",""
"성모노인복지센터","P2892","(재가노인복지시설) 재가노인복지시설","재가노인복지시설","자치구","1138000000","은평구","서울특별시 은평구 서오릉로9길 9, B동 1층 101호 (역촌동, 조운아트빌)","",""
"예마재가복지센터","P2902","(재가노인복지시설) 재가노인복지시설","재가노인복지시설","자치구","1162000000","관악구","서울특별시 관악구 문성로 76, 303호 (신림동)","",""
"효사랑 부모님 돌봄 재가복지센터","P2908","(재가노인복지시설) 재가노인복지시설","재가노인복지시설","자치구","1168000000","강남구","서울특별시 강남구 광평로39길 3, 상가동 지하층 01호 (수서동)","",""
"홍릉단기보호센터","P2914","(재가노인복지시설) 재가노인복지시설","재가노인복지시설","자치구","1123000000","동대문구","서울특별시 동대문구 제기로 72, 5층 (제기동)","",""
"은혜방문요양센터","P2936","(재가노인복지시설) 재가노인복지시설","재가노인복지시설","자치구","1171000000","송파구","서울특별시 송파구 한가람로 406, 상가동 201호 (풍납동)","",""
"'A+'축복 재가복지센터","P2955","(재가노인복지시설) 재가노인복지시설","재가노인복지시설","자치구","1135000000","노원구","서울특별시 노원구 초안산로1길 15, 상가 7701동 205호 (월계동, 월계1단지주공영구임대(아))","",""
"강북해오름데이케어센터","P2983","(재가노인복지시설) 재가노인복지시설","재가노인복지시설","자치구","1130500000","강북구","서울특별시 강북구 삼양로 438, 3층 (수유동)","",""
"중랑효재가복지센터","P2984","(재가노인복지시설) 재가노인복지시설","재가노인복지시설","자치구","1126000000","중랑구","서울특별시 중랑구 면목로44길 32, 2층 (면목동)","",""
"서울특별시립마포실버케어센터 병설 데이케어","P3003","(재가노인복지시설) 재가노인복지시설","재가노인복지시설","자치구","1144000000","마포구","서울특별시 마포구 백범로31길 21 (공덕동)","",""
"라온방문요양센터","P3011","(재가노인복지시설) 재가노인복지시설","재가노인복지시설","자치구","1135000000","노원구","서울특별시 노원구 동일로193길 33, B01호 (공릉동, 한빛빌라)","",""
"으뜸어르신주야간보호센터","P3013","(재가노인복지시설) 재가노인복지시설","재가노인복지시설","자치구","1153000000","구로구","서울특별시 구로구 새말로 52, 3층 (구로동)","",""
"참좋은 방문요양센터","P3022","(재가노인복지시설) 재가노인복지시설","재가노인복지시설","자치구","1126000000","중랑구","서울특별시 중랑구 신내로 135, 상가1동 211호 (신내동)","",""
"나누리 재가복지센터","P3038","(재가노인복지시설) 재가노인복지시설","재가노인복지시설","자치구","1126000000","중랑구","서울특별시 중랑구 송림길 46-5, 1층 102호 (신내동)","",""
"이화재가복지센터","P3069","(재가노인복지시설) 재가노인복지시설","재가노인복지시설","자치구","1141000000","서대문구","서울특별시 서대문구 홍제내길 62, 1층 (홍제동)","",""
"(주)케어이룸 금천점","P3072","(재가노인복지시설) 재가노인복지시설","재가노인복지시설","자치구","1154500000","금천구","서울특별시 금천구 벚꽃로 30, 301호 (독산동, 금천 롯데캐슬 골드파크 2차)","",""
"효담재가복지센터","P3087","(재가노인복지시설) 재가노인복지시설","재가노인복지시설","자치구","1147000000","양천구","서울특별시 양천구 가로공원로60가길 15 (신월동)","",""
"행운목재가방문복지용구센터","P3124","(재가노인복지시설) 재가노인복지시설","재가노인복지시설","자치구","1154500000","금천구","서울특별시 금천구 문성로 44, 3층 (독산동)","",""
"도움재가노인복지센터","P3152","(재가노인복지시설) 재가노인복지시설","재가노인복지시설","자치구","1159000000","동작구","서울특별시 동작구 상도로41길 32 (상도1동)","",""
"송파노인재가복지센터","P3182","(재가노인복지시설) 재가노인복지시설","재가노인복지시설","자치구","1171000000","송파구","서울특별시 송파구 올림픽로 525, 상가동 1층 105호 (풍납동, 현대아파트)","",""
"새봄방문요양센터","P3192","(재가노인복지시설) 재가노인복지시설","재가노인복지시설","자치구","1171000000","송파구","서울특별시 송파구 백제고분로 384, 2층 (송파동, 용성빌딩)","",""
"시립동대문데이케어센터","P3208","(재가노인복지시설) 재가노인복지시설","재가노인복지시설","자치구","1123000000","동대문구","서울특별시 동대문구 황물로 12 (답십리동)","",""
"바른재가복지센터","P3223","(재가노인복지시설) 재가노인복지시설","재가노인복지시설","자치구","1150000000","강서구","서울특별시 강서구 화곡로 119, 604호 (화곡동, 동인빌딩)","",""
"효사랑재가요양센터","P3225","(재가노인복지시설) 재가노인복지시설","재가노인복지시설","자치구","1129000000","성북구","서울특별시 성북구 정릉로36길 55, 1층 (정릉동)","",""
"어울림재가복지센터","P3229","(재가노인복지시설) 재가노인복지시설","재가노인복지시설","자치구","1141000000","서대문구","서울특별시 서대문구 수색로2길 32, 2층 (남가좌동)","",""
"온사랑 방문요양센터","P3245","(재가노인복지시설) 재가노인복지시설","재가노인복지시설","자치구","1126000000","중랑구","서울특별시 중랑구 양원역로 3, 2층 (망우동)","",""
"두손 재가노인복지센터","P3269","(재가노인복지시설) 재가노인복지시설","재가노인복지시설","자치구","1129000000","성북구","서울특별시 성북구 삼선교로23길 23, 상가107호 (삼선동4가, 코오롱 아파트)","",""
"아리아케어방문요양강남대치센터","P3278","(재가노인복지시설) 재가노인복지시설","재가노인복지시설","자치구","1168000000","강남구","서울특별시 강남구 테헤란로114길 26, 2층 203호 (대치동)","",""
" 사랑방데이케어센터","P3281","(재가노인복지시설) 재가노인복지시설","재가노인복지시설","자치구","1126000000","중랑구","서울특별시 중랑구 용마산로 529, 2층 (망우동)","",""
"젤로스재활데이케어센터","P3290","(재가노인복지시설) 재가노인복지시설","재가노인복지시설","자치구","1138000000","은평구","서울특별시 은평구 통일로 884, 제지층 제비101호 (불광동, 백마노블레스텔)","",""
"다솜실버데이케어센터","P3304","(재가노인복지시설) 재가노인복지시설","재가노인복지시설","자치구","1138000000","은평구","서울특별시 은평구 서오릉로15길 5-11 (구산동)","",""
"사랑채재가복지센터","P3311","(재가노인복지시설) 재가노인복지시설","재가노인복지시설","자치구","1126000000","중랑구","서울특별시 중랑구 면목로 220, 2층 (면목동)","",""
"삼성시니어센터","P3332","(재가노인복지시설) 재가노인복지시설","재가노인복지시설","자치구","1120000000","성동구","서울특별시 성동구 용답중앙11다길 22, 1층 (용답동)","",""
"한사랑재가복지센터","P3334","(재가노인복지시설) 재가노인복지시설","재가노인복지시설","자치구","1132000000","도봉구","서울특별시 도봉구 노해로70길 46, 1층 142호 (창동, 주공19단지아파트상가)","",""
"은송돌봄재가복지센터","P3400","(재가노인복지시설) 재가노인복지시설","재가노인복지시설","자치구","1171000000","송파구","서울특별시 송파구 거마로7길 9-16 (거여동)","",""
"이레 재가방문요양센터","P3401","(재가노인복지시설) 재가노인복지시설","재가노인복지시설","자치구","1174000000","강동구","서울특별시 강동구 양재대로 1367, B2호 (성내동)","",""
"돌곶이데이케어방문요양센터","P3417","(재가노인복지시설) 재가노인복지시설","재가노인복지시설","자치구","1129000000","성북구","서울특별시 성북구 화랑로30길 19 (석관동)","",""
"'(A)비지팅엔젤스 성동방문요양지점","P3419","(재가노인복지시설) 재가노인복지시설","재가노인복지시설","자치구","1120000000","성동구","서울특별시 성동구 성수이로 24, 2층 (성수동2가)","",""
"가온사회서비스 재가센터","P3441","(재가노인복지시설) 재가노인복지시설","재가노인복지시설","자치구","1147000000","양천구","서울특별시 양천구 목동중앙본로 113, 2동 3층 302호 (목동, 효명)","",""
"가자 하나로 재가복지센터","P3476","(재가노인복지시설) 재가노인복지시설","재가노인복지시설","자치구","1147000000","양천구","서울특별시 양천구 은행정로7길 23, 1층 102호 (신정동)","",""
"더행복드림 복지센터","P3489","(재가노인복지시설) 재가노인복지시설","재가노인복지시설","자치구","1120000000","성동구","서울특별시 성동구 용답중앙11길 12 (용답동)","",""
"부모사랑방문복지센터","P3527","(재가노인복지시설) 재가노인복지시설","재가노인복지시설","자치구","1130500000","강북구","서울특별시 강북구 노해로23길 63, 1층 (수유동)","",""
"'힐링'재가복지센터","P3581","(재가노인복지시설) 재가노인복지시설","재가노인복지시설","자치구","1130500000","강북구","서울특별시 강북구 덕릉로 93-5, 1505호 (번동, 수유역 투웨이퍼스트)","",""
"굿모닝동작데이케어센터","P3604","(재가노인복지시설) 재가노인복지시설","재가노인복지시설","자치구","1159000000","동작구","서울특별시 동작구 상도로 121, 4층 (상도동)","",""
"예원주야간보호센터","P3608","(재가노인복지시설) 재가노인복지시설","재가노인복지시설","자치구","1126000000","중랑구","서울특별시 중랑구 용마산로 554, 2층 (망우동)","",""
"목동어머니재가센터","P3609","(재가노인복지시설) 재가노인복지시설","재가노인복지시설","자치구","1147000000","양천구","서울특별시 양천구 지양로9길 23, 1층 102호 (신월동)","",""
"천사가족(+)재가복지센터","P3639","(재가노인복지시설) 재가노인복지시설","재가노인복지시설","자치구","1150000000","강서구","서울특별시 강서구 공항대로41길 66, 4층 404호 (등촌동, 세신등촌종합상가)","",""
"상록복지재가센터","P3647","(재가노인복지시설) 재가노인복지시설","재가노인복지시설","자치구","1159000000","동작구","서울특별시 동작구 상도로12길 24, 604호 (대방동, 대방오피스텔)","",""
"서초 방문간호 재가요양센터","P3671","(재가노인복지시설) 재가노인복지시설","재가노인복지시설","자치구","1165000000","서초구","서울특별시 서초구 사임당로 105, 1층 (서초동)","",""
"생명나무재가복지센터","P3677","(재가노인복지시설) 재가노인복지시설","재가노인복지시설","자치구","1132000000","도봉구","서울특별시 도봉구 도당로13라길 3, 1층 좌측호 (방학동)","",""
"비타민재가노인복지센터","P3704","(재가노인복지시설) 재가노인복지시설","재가노인복지시설","자치구","1153000000","구로구","서울특별시 구로구 개봉로1나길 58, 지층 (개봉동)","",""
"우리마을재가요양센터","P3731","(재가노인복지시설) 재가노인복지시설","재가노인복지시설","자치구","1129000000","성북구","서울특별시 성북구 지봉로20길 67, 1층 (보문동5가)","",""
"서대문 시니어 재가복지센터","P3737","(재가노인복지시설) 재가노인복지시설","재가노인복지시설","자치구","1141000000","서대문구","서울특별시 서대문구 모래내로 309, 상가동 111호 (홍은동, 두산아파트)","",""
"(한사랑) 재가방문요양센터","P3752","(재가노인복지시설) 재가노인복지시설","재가노인복지시설","자치구","1174000000","강동구","서울특별시 강동구 풍성로41길 1, 102호 (성내동, 유성그린빌)","",""
"정성드림방문요양센터","P3771","(재가노인복지시설) 재가노인복지시설","재가노인복지시설","자치구","1129000000","성북구","서울특별시 성북구 돌곶이로8길 47, 2층 (석관동)","",""
"생생재가복지센터","P3772","(재가노인복지시설) 재가노인복지시설","재가노인복지시설","자치구","1126000000","중랑구","서울특별시 중랑구 동일로123길 14, 1층 (중화동)","",""
"가산재가복지센터","P3773","(재가노인복지시설) 재가노인복지시설","재가노인복지시설","자치구","1154500000","금천구","서울특별시 금천구 남부순환로108길 16, 1층 (가산동)","",""
"남산재가방문요양","P3781","(재가노인복지시설) 재가노인복지시설","재가노인복지시설","자치구","1114000000","중구","서울특별시 중구 다산로 32, 3층 309호 (신당동, 남산타운아파트, 제5상가)","",""
"굿케어재가복지센터","P3787","(재가노인복지시설) 재가노인복지시설","재가노인복지시설","자치구","1147000000","양천구","서울특별시 양천구 신목로5길 9, 상가동 2층 204호 (신정동)","",""
"돌봄방문간호요양센터","P3803","(재가노인복지시설) 재가노인복지시설","재가노인복지시설","자치구","1154500000","금천구","서울특별시 금천구 독산로39길 16-26, 1층 101호 (시흥동)","",""
"은혜재가복지센터","P3839","(재가노인복지시설) 재가노인복지시설","재가노인복지시설","자치구","1135000000","노원구","서울특별시 노원구 공릉로42길 21, 102호 (공릉동)","",""
"강서재가노인지원센터","P3861","(재가노인복지시설) 재가노인복지시설","재가노인복지시설","자치구","1150000000","강서구","서울특별시 강서구 방화대로5길 38, 1층 전부호 (공항동)","",""
"시니어학교 강동천호 주간보호센터","P3879","(재가노인복지시설) 재가노인복지시설","재가노인복지시설","자치구","1174000000","강동구","서울특별시 강동구 양재대로 1543, 4층 (천호동, 진주빌딩)","",""
"알콩달콩데이케어센터","P3883","(재가노인복지시설) 재가노인복지시설","재가노인복지시설","자치구","1147000000","양천구","서울특별시 양천구 월정로 145, 3층 (신월동)","",""
"미소재가복지센터","P3924","(재가노인복지시설) 재가노인복지시설","재가노인복지시설","자치구","1147000000","양천구","서울특별시 양천구 남부순환로50길 1, 1층 (신월동)","",""
"우리들재가복지센터","P3935","(재가노인복지시설) 재가노인복지시설","재가노인복지시설","자치구","1138000000","은평구","서울특별시 은평구 증산서길 88, 2층 208호 (증산동)","",""
"강북재가복지센터","P3936","(재가노인복지시설) 재가노인복지시설","재가노인복지시설","자치구","1130500000","강북구","서울특별시 강북구 한천로109길 67, 108동 204호 (번동)","",""
"방학데이케어센터","P3945","(재가노인복지시설) 재가노인복지시설","재가노인복지시설","자치구","1132000000","도봉구","서울특별시 도봉구 시루봉로 222, 2층 (방학동)","",""
"미소 복지용구","P3947","(재가노인복지시설) 재가노인복지시설","재가노인복지시설","자치구","1154500000","금천구","서울특별시 금천구 시흥대로 155, 107호 (시흥동, 시흥빌딩)","",""
"성주데이케어센터","P3954","(재가노인복지시설) 재가노인복지시설","재가노인복지시설","자치구","1147000000","양천구","서울특별시 양천구 월정로 145, 4,5층 (신월동)","",""
"행복한동행재가복지센터","P3956","(재가노인복지시설) 재가노인복지시설","재가노인복지시설","자치구","1156000000","영등포구","서울특별시 영등포구 경인로 706, 지1중1층 (문래동1가)","",""
"문화촌데이케어센터","P3970","(재가노인복지시설) 재가노인복지시설","재가노인복지시설","자치구","1141000000","서대문구","서울특별시 서대문구 세검정로 95, 2,3,4층 (홍제동)","",""
"효사랑재가복지센터","P3981","(재가노인복지시설) 재가노인복지시설","재가노인복지시설","자치구","1150000000","강서구","서울특별시 강서구 방화대로48길 40, 상가동 105호 (방화동, 도시개발공사아파트)","",""
"더케어방문요양센터","P4011","(재가노인복지시설) 재가노인복지시설","재가노인복지시설","자치구","1168000000","강남구","서울특별시 강남구 테헤란로 151, 8층 816호 (역삼동)","",""
"허니재가방문요양센터","P4017","(재가노인복지시설) 재가노인복지시설","재가노인복지시설","자치구","1168000000","강남구","서울특별시 강남구 개포로 642, 3층 303호 (일원동)","",""
"송파메디재가복지센터","P4024","(재가노인복지시설) 재가노인복지시설","재가노인복지시설","자치구","1171000000","송파구","서울특별시 송파구 양산로 12, 216호 (거여동, 세신거여훼미리타운)","",""
"스마일시니어 잠실송파 방문요양센터","P4060","(재가노인복지시설) 재가노인복지시설","재가노인복지시설","자치구","1171000000","송파구","서울특별시 송파구 올림픽로 336, 801호 (방이동)","",""
"늘봄복지센터","P9607","(재가노인복지시설) 재가노인복지시설","재가노인복지시설","자치구","1147000000","양천구","서울특별시 양천구 월정로 129, 지층층 (신월동)","",""
"사단법인나눔과보람복지회양천재가노인복지센터","X0591","(재가노인복지시설) 재가노인복지시설","재가노인복지시설","자치구","1147000000","양천구","서울특별시 양천구 목동로23길 34205호 (신정동, 양천시장주상복합)","",""
"서초구립방배노인데이케어센터","Z0630","(재가노인복지시설) 재가노인복지시설","재가노인복지시설","자치구","1165000000","서초구","서울특별시 서초구 방배천로 48 (방배동)","",""
"희망노인주야간보호센터","Z6222","(재가노인복지시설) 재가노인복지시설","재가노인복지시설","자치구","1123000000","동대문구","서울특별시 동대문구 전농로 63-1 (답십리동)","",""
"더드림방문간호요양센터","Z6276","(재가노인복지시설) 재가노인복지시설","재가노인복지시설","자치구","1132000000","도봉구","서울특별시 도봉구 우이천로 288-3, 2층 (쌍문동)","",""
"금빛재가복지센터","Z6328","(재가노인복지시설) 재가노인복지시설","재가노인복지시설","자치구","1154500000","금천구","서울특별시 금천구 독산로6길 12, 1층 (시흥동)","",""
"큰사랑노인복지센터","Z6343","(재가노인복지시설) 재가노인복지시설","재가노인복지시설","자치구","1123000000","동대문구","서울특별시 동대문구 망우로16길 20, 305호 (휘경동)","",""
"가원주야간보호센터","Z6410","(재가노인복지시설) 재가노인복지시설","재가노인복지시설","자치구","1126000000","중랑구","서울특별시 중랑구 망우로 171, 3층 (중화동)","",""
"다정다감 재가방문요양센터","Z6417","(재가노인복지시설) 재가노인복지시설","재가노인복지시설","자치구","1162000000","관악구","서울특별시 관악구 봉천로 586-1, 2층 (봉천동)","",""
"남부데이케어센터","Z6443","(재가노인복지시설) 재가노인복지시설","재가노인복지시설","자치구","1162000000","관악구","서울특별시 관악구 난곡로63가길 60, 4층 (신림동)","",""
"좋은돌봄재가노인복지센터","Z6468","(재가노인복지시설) 재가노인복지시설","재가노인복지시설","자치구","1153000000","구로구","서울특별시 구로구 남부순환로95길 16, 제상가동 1층 103호 (개봉동, 삼호아파트)","",""
"에이스복지센터","Z6502","(재가노인복지시설) 재가노인복지시설","재가노인복지시설","자치구","1138000000","은평구","서울특별시 은평구 통일로65길 26, 4~5층 (대조동)","",""
"토브재가복지센터","Z6510","(재가노인복지시설) 재가노인복지시설","재가노인복지시설","자치구","1171000000","송파구","서울특별시 송파구 백제고분로 175, 2층 (잠실동)","",""
"아라사회복지센터","Z6522","(재가노인복지시설) 재가노인복지시설","재가노인복지시설","자치구","1171000000","송파구","서울특별시 송파구 마천로 229, 201호 (마천동)","",""
"더사랑방문요양센터","Z6528","(재가노인복지시설) 재가노인복지시설","재가노인복지시설","자치구","1174000000","강동구","서울특별시 강동구 상일로15길 34-30, 201호 (고덕동)","",""
"(A+)하나방문요양센터","Z6530","(재가노인복지시설) 재가노인복지시설","재가노인복지시설","자치구","1123000000","동대문구","서울특별시 동대문구 정릉천동로 58, 105호 (용두동, 롯데캐슬피렌체)","",""
"더 나눔재가복지센터","Z6556","(재가노인복지시설) 재가노인복지시설","재가노인복지시설","자치구","1130500000","강북구","서울특별시 강북구 도봉로53길 45, 1층 (미아동)","",""
"주식회사 클린라이프케어","Z6558","(재가노인복지시설) 재가노인복지시설","재가노인복지시설","자치구","1129000000","성북구","서울특별시 성북구 정릉로26가길 8 (정릉동, 1층, 2층 201호)","",""
"(주)휴복지법인 주간보호센터","Z6565","(재가노인복지시설) 재가노인복지시설","재가노인복지시설","자치구","1130500000","강북구","서울특별시 강북구 4.19로13길 3, 2,3층 (수유동)","",""
"늘기쁨재가복지센터","Z6603","(재가노인복지시설) 재가노인복지시설","재가노인복지시설","자치구","1126000000","중랑구","서울특별시 중랑구 면목로76길 3, 1층 (면목동)","",""
"평화재가복지센터","Z6648","(재가노인복지시설) 재가노인복지시설","재가노인복지시설","자치구","1123000000","동대문구","서울특별시 동대문구 답십리로 170, 4층 (답십리동)","",""
"고은재가복지센터","Z6649","(재가노인복지시설) 재가노인복지시설","재가노인복지시설","자치구","1156000000","영등포구","서울특별시 영등포구 여의서로 43, 701호 (여의도동)","",""
"효재가복지센터","Z6660","(재가노인복지시설) 재가노인복지시설","재가노인복지시설","자치구","1156000000","영등포구","서울특별시 영등포구 당산로54길 26-1, 2층 (당산동6가)","",""